1 0 0 0 0
1 1 0 0 0
1 0 1 0 0
1 1 1 0 0
1 0 0 1 0
1 1 0 1 0
1 0 1 1 0
1 1 1 1 0
1 0 0 0 1
1 1 0 0 1
1 0 1 0 1
1 1 1 0 1
1 0 0 1 1
1 1 0 1 1
1 0 1 1 1
1 1 1 1 1
2 1 0 0 0
2 1 2 0 0
2 1 0 2 0
2 1 2 2 0
2 1 0 0 2
2 1 2 0 2
2 1 0 2 2
2 1 2 2 2
2 1 1 0 0
2 1 1 2 0
2 1 1 0 2
2 1 1 2 2
2 0 1 2 0
2 2 1 2 0
2 0 1 2 2
2 2 1 2 2
2 0 1 0 0
2 2 1 0 0
2 0 1 0 2
2 2 1 0 2
4 0 1 0 0
4 4 1 0 0
4 0 1 4 0
4 4 1 4 0
4 0 1 0 4
4 4 1 0 4
4 0 1 4 4
4 4 1 4 4
4 1 3 2 0
4 1 3 2 4
4 3 0 2 0
4 3 4 2 0
4 3 0 2 4
4 3 4 2 4
4 1 1 2 2
4 2 3 0 2
4 2 3 4 2
4 3 2 2 2
4 1 1 0 2
4 1 1 4 2
4 2 1 0 2
4 2 1 4 2
4 2 3 2 2
4 3 2 0 2
4 3 2 4 2
4 1 2 2 2
4 2 1 2 2
4 2 1 2 0
4 2 1 2 4
4 3 3 2 2
4 1 0 2 4
4 1 4 2 4
4 1 0 2 0
4 1 4 2 0
4 1 2 4 2
4 1 2 0 2
4 2 3 2 0
4 2 3 2 4
4 3 1 2 4
4 3 1 2 0
4 3 3 4 2
4 3 3 0 2
4 3 3 0 0
4 3 3 4 0
4 3 3 0 4
4 3 3 4 4
4 1 1 4 0
4 1 1 4 4
4 1 1 0 0
4 1 1 0 4
4 0 3 0 4
4 4 3 0 4
4 0 3 4 4
4 4 3 4 4
4 0 3 0 0
4 4 3 0 0
4 0 3 4 0
4 4 3 4 0
4 1 2 0 0
4 1 2 4 0
4 1 2 0 4
4 1 2 4 4
4 3 2 4 0
4 3 2 4 4
4 3 2 0 0
4 3 2 0 4
3 0 0 1 0
3 3 0 1 0
3 0 3 1 0
3 3 3 1 0
3 0 0 1 3
3 3 0 1 3
3 0 3 1 3
3 3 3 1 3
3 0 1 2 1
3 3 1 2 1
3 1 2 1 1
3 0 1 0 2
3 3 1 0 2
3 0 1 3 2
3 3 1 3 2
3 1 0 2 2
3 1 3 2 2
3 2 0 1 1
3 2 3 1 1
3 1 2 2 2
3 1 1 1 1
3 2 1 2 2
3 1 0 1 1
3 1 3 1 1
3 2 0 2 2
3 2 3 2 2
3 2 2 1 1
3 1 1 2 2
3 2 2 0 1
3 2 2 3 1
3 2 1 1 1
3 0 2 1 2
3 3 2 1 2
3 1 1 0 1
3 1 1 3 1
3 2 2 2 2
3 1 1 2 1
3 0 0 2 3
3 3 0 2 3
3 0 3 2 3
3 3 3 2 3
3 0 0 2 0
3 3 0 2 0
3 0 3 2 0
3 3 3 2 0
3 2 2 1 2
3 0 2 3 1
3 3 2 3 1
3 0 2 0 1
3 3 2 0 1
3 2 2 2 1
3 1 1 1 2
3 1 1 3 2
3 1 1 0 2
3 1 0 1 3
3 1 3 1 3
3 1 0 1 0
3 1 3 1 0
3 2 0 2 0
3 2 3 2 0
3 2 0 2 3
3 2 3 2 3
3 2 2 3 2
3 2 2 0 2
3 2 1 1 3
3 2 1 1 0
3 1 2 2 0
3 1 2 2 3
3 0 2 0 3
3 3 2 0 3
3 0 2 3 3
3 3 2 3 3
3 0 2 0 0
3 3 2 0 0
3 0 2 3 0
3 3 2 3 0
3 0 1 3 0
3 3 1 3 0
3 0 1 3 3
3 3 1 3 3
3 0 1 0 0
3 3 1 0 0
3 0 1 0 3
3 3 1 0 3
2 0 0 0 1
2 2 0 0 1
2 0 2 0 1
2 2 2 0 1
2 0 0 2 1
2 2 0 2 1
2 0 2 2 1
2 2 2 2 1
2 0 0 1 1
2 2 0 1 1
2 0 2 1 1
2 2 2 1 1
2 0 1 1 0
2 2 1 1 0
2 0 1 1 2
2 2 1 1 2
2 1 1 1 0
2 1 1 1 2
2 1 0 1 0
2 1 2 1 0
2 1 0 1 2
2 1 2 1 2
2 1 0 1 1
2 1 2 1 1
2 1 0 0 1
2 1 2 0 1
2 1 0 2 1
2 1 2 2 1
2 1 1 1 1
2 1 1 0 1
2 1 1 2 1
2 0 1 1 1
2 2 1 1 1
2 0 1 2 1
2 2 1 2 1
2 0 1 0 1
2 2 1 0 1
2 0 0 1 2
2 2 0 1 2
2 0 2 1 2
2 2 2 1 2
2 0 0 1 0
2 2 0 1 0
2 0 2 1 0
2 2 2 1 0
4 1 0 0 0
4 1 4 0 0
4 1 0 4 0
4 1 4 4 0
4 1 0 0 4
4 1 4 0 4
4 1 0 4 4
4 1 4 4 4
4 3 1 0 0
4 3 1 4 0
4 3 1 0 4
4 3 1 4 4
4 0 3 2 0
4 4 3 2 0
4 0 3 2 4
4 4 3 2 4
4 0 1 2 2
4 4 1 2 2
4 1 3 0 2
4 1 3 4 2
4 0 1 0 2
4 4 1 0 2
4 0 1 4 2
4 4 1 4 2
4 1 3 2 2
4 3 0 0 2
4 3 4 0 2
4 3 0 4 2
4 3 4 4 2
4 1 1 2 0
4 1 1 2 4
4 3 0 2 2
4 3 4 2 2
4 2 3 0 0
4 2 3 4 0
4 2 3 0 4
4 2 3 4 4
4 3 2 2 0
4 3 2 2 4
4 1 2 2 0
4 1 2 2 4
4 2 1 0 0
4 2 1 4 0
4 2 1 0 4
4 2 1 4 4
4 1 0 2 2
4 1 4 2 2
4 3 3 2 0
4 3 3 2 4
4 1 0 0 2
4 1 4 0 2
4 1 0 4 2
4 1 4 4 2
4 3 1 2 2
4 0 3 0 2
4 4 3 0 2
4 0 3 4 2
4 4 3 4 2
4 3 1 0 2
4 3 1 4 2
4 0 3 2 2
4 4 3 2 2
4 0 1 2 0
4 4 1 2 0
4 0 1 2 4
4 4 1 2 4
4 1 3 0 0
4 1 3 4 0
4 1 3 0 4
4 1 3 4 4
4 3 0 0 0
4 3 4 0 0
4 3 0 4 0
4 3 4 4 0
4 3 0 0 4
4 3 4 0 4
4 3 0 4 4
4 3 4 4 4
8 0 1 0 0
8 8 1 0 0
8 0 1 8 0
8 8 1 8 0
8 0 1 0 8
8 8 1 0 8
8 0 1 8 8
8 8 1 8 8
8 1 7 2 0
8 1 7 2 8
8 7 0 2 0
8 7 8 2 0
8 7 0 2 8
8 7 8 2 8
8 1 1 6 2
8 7 2 6 2
8 1 1 0 6
8 1 1 8 6
8 2 7 0 2
8 2 7 8 2
8 6 1 0 2
8 6 1 8 2
8 7 2 0 6
8 7 2 8 6
8 1 6 2 2
8 2 7 2 6
8 6 1 2 6
8 7 7 2 2
8 1 0 6 4
8 1 8 6 4
8 1 6 4 6
8 2 1 6 0
8 2 1 6 8
8 6 3 6 0
8 6 3 6 8
8 7 1 6 4
8 7 7 4 6
8 1 2 4 2
8 1 0 2 4
8 1 8 2 4
8 3 7 0 0
8 3 7 8 0
8 3 7 0 8
8 3 7 8 8
8 5 2 0 0
8 5 2 8 0
8 5 2 0 8
8 5 2 8 8
8 7 3 4 2
8 7 1 2 4
8 1 5 4 0
8 1 5 4 8
8 0 7 0 4
8 8 7 0 4
8 0 7 8 4
8 8 7 8 4
8 1 2 6 6
8 3 6 0 2
8 3 6 8 2
8 5 1 0 2
8 5 1 8 2
8 7 6 4 0
8 7 6 4 8
8 1 1 4 4
8 7 3 6 6
8 2 5 2 2
8 0 7 4 4
8 8 7 4 4
8 3 6 2 6
8 5 1 2 6
8 6 7 2 2
8 7 2 4 4
8 1 1 0 4
8 1 1 8 4
8 0 3 4 0
8 8 3 4 0
8 0 3 4 8
8 8 3 4 8
8 2 7 6 4
8 2 5 4 6
8 3 0 6 0
8 3 8 6 0
8 3 0 6 8
8 3 8 6 8
8 5 3 6 0
8 5 3 6 8
8 6 1 6 4
8 6 7 4 6
8 7 2 0 4
8 7 2 8 4
8 1 6 0 4
8 1 6 8 4
8 2 1 4 2
8 2 7 2 4
8 3 5 2 0
8 3 5 2 8
8 5 0 2 0
8 5 8 2 0
8 5 0 2 8
8 5 8 2 8
8 6 3 4 2
8 6 1 2 4
8 0 5 4 0
8 8 5 4 0
8 0 5 4 8
8 8 5 4 8
8 7 7 0 4
8 7 7 8 4
8 1 6 4 4
8 2 1 6 6
8 3 7 6 2
8 5 2 6 2
8 0 1 4 4
8 8 1 4 4
8 6 3 6 6
8 1 5 2 2
8 7 7 4 4
8 1 2 4 0
8 1 2 4 8
8 3 7 0 6
8 3 7 8 6
8 5 2 0 6
8 5 2 8 6
8 7 6 2 2
8 0 1 0 4
8 8 1 0 4
8 0 1 8 4
8 8 1 8 4
8 7 3 4 0
8 7 3 4 8
8 1 7 6 4
8 1 5 4 6
8 3 6 0 0
8 3 6 8 0
8 3 6 0 8
8 3 6 8 8
8 5 1 0 0
8 5 1 8 0
8 5 1 0 8
8 5 1 8 8
8 7 0 6 4
8 7 8 6 4
8 7 6 4 6
8 1 1 4 2
8 1 7 2 4
8 2 5 2 0
8 2 5 2 8
8 6 7 2 0
8 6 7 2 8
8 7 2 4 2
8 7 0 2 4
8 7 8 2 4
8 1 1 6 6
8 2 7 6 2
8 6 1 6 2
8 7 2 6 6
8 1 6 0 2
8 1 6 8 2
8 2 7 0 6
8 2 7 8 6
8 6 1 0 6
8 6 1 8 6
8 7 7 0 2
8 7 7 8 2
8 1 6 2 6
8 7 7 2 6
8 1 0 6 0
8 1 8 6 0
8 1 0 6 8
8 1 8 6 8
8 7 1 6 0
8 7 1 6 8
8 0 7 0 0
8 8 7 0 0
8 0 7 8 0
8 8 7 8 0
8 0 7 0 8
8 8 7 0 8
8 0 7 8 8
8 8 7 8 8
8 2 1 0 0
8 2 1 8 0
8 2 1 0 8
8 2 1 8 8
8 6 3 0 0
8 6 3 8 0
8 6 3 0 8
8 6 3 8 8
8 1 5 6 0
8 1 5 6 8
8 3 7 2 0
8 3 7 2 8
8 5 2 2 0
8 5 2 2 8
8 7 6 6 0
8 7 6 6 8
8 3 1 6 2
8 5 4 6 2
8 1 4 6 2
8 3 1 0 6
8 3 1 8 6
8 5 4 0 6
8 5 4 8 6
8 1 4 8 6
8 1 4 0 6
8 4 7 0 2
8 4 7 8 2
8 4 3 0 2
8 4 3 8 2
8 7 5 6 2
8 3 1 8 0
8 3 1 8 8
8 3 1 0 0
8 3 1 0 8
8 5 4 8 0
8 5 4 8 8
8 5 4 0 0
8 5 4 0 8
8 1 4 0 0
8 1 4 8 0
8 1 4 0 8
8 1 4 8 8
8 4 7 2 6
8 4 3 2 6
8 7 5 8 6
8 7 5 0 6
8 4 7 2 0
8 4 7 2 8
8 4 3 2 0
8 4 3 2 8
8 7 5 0 0
8 7 5 8 0
8 7 5 0 8
8 7 5 8 8
8 4 1 6 0
8 4 1 6 8
8 4 5 6 0
8 4 5 6 8
8 1 3 8 0
8 1 3 8 8
8 1 3 0 0
8 1 3 0 8
8 4 1 6 2
8 4 5 6 2
8 1 3 0 2
8 1 3 8 2
8 5 7 0 0
8 5 7 8 0
8 5 7 0 8
8 5 7 8 8
8 3 4 0 0
8 3 4 8 0
8 3 4 0 8
8 3 4 8 8
8 7 4 8 0
8 7 4 8 8
8 7 4 0 0
8 7 4 0 8
8 4 1 0 6
8 4 1 8 6
8 4 5 0 6
8 4 5 8 6
8 1 3 2 6
8 5 7 8 2
8 5 7 0 2
8 3 4 8 2
8 3 4 0 2
8 7 4 0 2
8 7 4 8 2
8 5 7 2 6
8 3 4 2 6
8 7 4 2 6
8 5 1 6 8
8 5 1 6 0
8 3 6 6 8
8 3 6 6 0
8 1 2 2 8
8 1 2 2 0
8 6 7 0 8
8 6 7 8 8
8 6 7 0 0
8 6 7 8 0
8 2 5 0 8
8 2 5 8 8
8 2 5 0 0
8 2 5 8 0
8 7 3 2 8
8 7 3 2 0
6 0 0 1 0
6 6 0 1 0
6 0 6 1 0
6 6 6 1 0
6 0 0 1 6
6 6 0 1 6
6 0 6 1 6
6 6 6 1 6
6 0 1 5 1
6 6 1 5 1
6 1 5 1 1
6 0 1 0 5
6 6 1 0 5
6 0 1 6 5
6 6 1 6 5
6 5 0 1 1
6 5 6 1 1
6 1 5 2 5
6 1 0 5 2
6 1 6 5 2
6 5 0 2 5
6 5 6 2 5
6 5 1 5 2
6 1 0 1 4
6 1 6 1 4
6 1 1 4 1
6 0 5 1 2
6 6 5 1 2
6 5 1 1 4
6 5 2 4 1
6 2 5 0 1
6 2 5 6 1
6 1 1 5 5
6 4 1 0 1
6 4 1 6 1
6 1 4 2 1
6 0 5 3 4
6 6 5 3 4
6 0 0 5 3
6 6 0 5 3
6 0 6 5 3
6 6 6 5 3
6 5 2 5 5
6 2 5 1 5
6 5 5 2 1
6 4 1 1 5
6 1 4 3 5
6 1 0 4 3
6 1 6 4 3
6 0 0 2 3
6 6 0 2 3
6 0 6 2 3
6 6 6 2 3
6 0 2 3 1
6 6 2 3 1
6 2 0 5 0
6 2 6 5 0
6 2 0 5 6
6 2 6 5 6
6 5 5 3 5
6 5 1 4 3
6 4 2 5 0
6 4 2 5 6
6 2 4 1 1
6 1 0 1 3
6 1 6 1 3
6 1 1 3 2
6 0 2 4 5
6 6 2 4 5
6 4 0 1 1
6 4 6 1 1
6 0 4 3 0
6 6 4 3 0
6 0 4 3 6
6 6 4 3 6
6 0 5 0 3
6 6 5 0 3
6 0 5 6 3
6 6 5 6 3
6 5 1 1 3
6 5 2 3 2
6 2 4 2 5
6 2 5 5 2
6 1 1 5 4
6 4 0 2 5
6 4 6 2 5
6 4 1 5 2
6 1 4 1 2
6 0 5 3 3
6 6 5 3 3
6 0 1 3 3
6 6 1 3 3
6 5 2 5 4
6 2 5 1 4
6 2 0 4 1
6 2 6 4 1
6 5 5 1 2
6 4 1 1 4
6 4 2 4 1
6 1 4 3 4
6 1 5 5 3
6 0 1 0 3
6 6 1 0 3
6 0 1 6 3
6 6 1 6 3
6 0 2 3 0
6 6 2 3 0
6 0 2 3 6
6 6 2 3 6
6 2 0 5 5
6 2 6 5 5
6 0 4 2 1
6 6 4 2 1
6 5 5 3 4
6 5 0 5 3
6 5 6 5 3
6 4 2 5 5
6 2 4 1 0
6 2 4 1 6
6 1 5 2 3
6 1 1 3 1
6 4 0 1 0
6 4 6 1 0
6 4 0 1 6
6 4 6 1 6
6 0 4 3 5
6 6 4 3 5
6 0 0 4 3
6 6 0 4 3
6 0 6 4 3
6 6 6 4 3
6 5 0 2 3
6 5 6 2 3
6 5 2 3 1
6 2 5 5 1
6 1 1 4 5
6 4 1 5 1
6 1 4 1 1
6 0 0 1 3
6 6 0 1 3
6 0 6 1 3
6 6 6 1 3
6 0 1 3 2
6 6 1 3 2
6 5 2 4 5
6 2 5 0 5
6 2 5 6 5
6 5 5 1 1
6 4 1 0 5
6 4 1 6 5
6 1 4 2 5
6 1 5 5 2
6 0 1 5 4
6 6 1 5 4
6 5 5 2 5
6 5 0 5 2
6 5 6 5 2
6 1 5 1 4
6 1 0 4 1
6 1 6 4 1
6 5 0 1 4
6 5 6 1 4
6 5 1 4 1
6 1 0 5 5
6 1 6 5 5
6 0 5 0 1
6 6 5 0 1
6 0 5 6 1
6 6 5 6 1
6 5 1 5 5
6 0 5 1 5
6 6 5 1 5
6 0 0 5 0
6 6 0 5 0
6 0 6 5 0
6 6 6 5 0
6 0 0 5 6
6 6 0 5 6
6 0 6 5 6
6 6 6 5 6
12 3 0 2 0
12 3 12 2 0
12 3 0 2 12
12 3 12 2 12
12 9 3 2 0
12 9 3 2 12
12 0 9 8 0
12 12 9 8 0
12 0 9 8 12
12 12 9 8 12
12 3 2 10 2
12 9 5 10 2
12 2 7 8 2
12 5 10 2 2
12 7 3 2 2
12 10 9 8 2
12 3 2 0 10
12 3 2 12 10
12 9 5 0 10
12 9 5 12 10
12 2 7 10 10
12 3 2 12 0
12 3 2 12 12
12 3 2 0 0
12 3 2 0 12
12 9 5 12 0
12 9 5 12 12
12 9 5 0 0
12 9 5 0 12
12 2 7 10 0
12 2 7 10 12
12 5 10 4 10
12 7 3 4 10
12 10 9 10 10
12 5 0 10 4
12 5 12 10 4
12 7 5 10 4
12 0 7 8 4
12 12 7 8 4
12 5 10 4 0
12 5 10 4 12
12 7 3 4 0
12 7 3 4 12
12 10 9 10 0
12 10 9 10 12
12 5 0 2 8
12 5 12 2 8
12 7 5 2 8
12 0 7 12 8
12 12 7 12 8
12 0 7 0 8
12 12 7 0 8
12 5 2 8 2
12 7 7 8 2
12 2 5 10 2
12 5 0 2 12
12 5 12 2 12
12 5 0 2 0
12 5 12 2 0
12 7 5 2 12
12 7 5 2 0
12 0 7 0 12
12 12 7 0 12
12 0 7 12 12
12 12 7 12 12
12 0 7 0 0
12 12 7 0 0
12 0 7 12 0
12 12 7 12 0
12 5 2 8 4
12 7 7 8 4
12 2 5 10 4
12 7 10 0 2
12 7 10 12 2
12 5 5 0 2
12 5 5 12 2
12 10 7 10 2
12 5 2 10 10
12 7 7 10 10
12 2 5 12 10
12 2 5 0 10
12 5 2 10 2
12 7 7 10 2
12 2 5 0 2
12 2 5 12 2
12 7 10 12 4
12 7 10 0 4
12 5 5 12 4
12 5 5 0 4
12 10 7 10 4
12 5 2 0 8
12 5 2 12 8
12 7 7 0 8
12 7 7 12 8
12 2 5 2 8
12 7 10 2 10
12 5 5 2 10
12 10 7 12 10
12 10 7 0 10
12 7 10 2 2
12 5 5 2 2
12 10 7 0 2
12 10 7 12 2
12 5 2 12 10
12 5 2 0 10
12 7 7 12 10
12 7 7 0 10
12 2 5 2 10
12 7 10 4 8
12 5 5 4 8
12 10 7 2 8
12 7 0 10 0
12 7 12 10 0
12 7 0 10 12
12 7 12 10 12
12 5 7 10 0
12 5 7 10 12
12 0 5 12 0
12 12 5 12 0
12 0 5 12 12
12 12 5 12 12
12 0 5 0 0
12 12 5 0 0
12 0 5 0 12
12 12 5 0 12
12 7 10 4 10
12 5 5 4 10
12 10 7 2 10
12 7 0 10 4
12 7 12 10 4
12 5 7 10 4
12 0 5 0 4
12 12 5 0 4
12 0 5 12 4
12 12 5 12 4
12 7 2 8 12
12 7 2 8 0
12 5 9 8 12
12 5 9 8 0
12 2 3 2 12
12 2 3 2 0
12 7 0 2 8
12 7 12 2 8
12 5 7 2 8
12 0 5 4 8
12 12 5 4 8
12 7 2 8 2
12 5 9 8 2
12 2 3 2 2
12 9 10 0 12
12 9 10 12 12
12 9 10 0 0
12 9 10 12 0
12 3 7 0 12
12 3 7 12 12
12 3 7 0 0
12 3 7 12 0
12 10 5 2 12
12 10 5 2 0
12 9 10 12 2
12 9 10 0 2
12 3 7 12 2
12 3 7 0 2
12 10 5 2 2
12 7 2 10 10
12 5 9 10 10
12 2 3 4 10
12 9 10 2 10
12 3 7 2 10
12 10 5 4 10
12 9 0 10 12
12 9 12 10 12
12 9 0 10 0
12 9 12 10 0
12 3 9 10 12
12 3 9 10 0
12 0 3 4 12
12 12 3 4 12
12 0 3 4 0
12 12 3 4 0
24 0 3 4 0
24 24 3 4 0
24 0 3 4 24
24 24 3 4 24
24 0 7 20 4
24 24 7 20 4
24 7 17 10 4
24 0 7 0 20
24 24 7 0 20
24 0 7 24 20
24 24 7 24 20
24 7 3 14 14
24 17 0 10 4
24 17 24 10 4
24 7 17 14 20
24 7 7 10 10
24 17 10 14 14
24 7 3 4 10
24 17 0 14 20
24 17 24 14 20
24 17 14 10 10
24 7 7 20 14
24 14 17 0 10
24 14 17 24 10
24 3 14 10 14
24 17 10 4 10
24 10 7 0 10
24 10 7 24 10
24 3 0 14 24
24 3 24 14 24
24 3 0 14 0
24 3 24 14 0
24 17 14 20 14
24 7 10 14 10
24 14 17 10 14
24 3 14 24 10
24 3 14 0 10
24 10 7 10 14
24 17 17 14 10
24 7 10 24 14
24 7 10 0 14
24 7 0 10 24
24 7 24 10 24
24 7 0 10 0
24 7 24 10 0
24 14 3 14 0
24 14 3 14 24
24 17 17 24 14
24 17 17 0 14
24 17 7 10 24
24 17 7 10 0
24 10 17 14 0
24 10 17 14 24
24 0 17 0 24
24 24 17 0 24
24 0 17 24 24
24 24 17 24 24
24 0 17 0 0
24 24 17 0 0
24 0 17 24 0
24 24 17 24 0
24 3 7 24 0
24 3 7 24 24
24 3 7 0 0
24 3 7 0 24
24 3 21 10 0
24 3 21 10 24
24 3 7 14 10
24 10 17 4 10
24 3 7 0 14
24 3 7 24 14
24 10 21 20 14
24 14 3 4 10
24 10 17 14 14
24 10 7 10 4
24 14 7 20 14
24 10 21 10 10
24 14 3 14 14
24 14 17 10 4
24 10 7 14 20
24 17 17 0 4
24 17 17 24 4
24 21 17 10 14
24 14 7 10 10
24 7 10 0 4
24 7 10 24 4
24 21 3 14 24
24 21 3 14 0
24 14 17 14 20
24 7 7 20 4
24 17 17 4 20
24 21 17 24 10
24 21 17 0 10
24 7 10 4 20
24 17 14 20 4
24 7 7 24 20
24 7 7 0 20
24 7 3 4 24
24 7 3 4 0
24 17 21 20 0
24 17 21 20 24
24 17 14 24 20
24 17 14 0 20
24 17 10 4 24
24 17 10 4 0
24 7 14 20 0
24 7 14 20 24
24 3 14 0 24
24 3 14 24 24
24 3 14 0 0
24 3 14 24 0
24 21 10 24 0
24 21 10 24 24
24 21 10 0 0
24 21 10 0 24
24 21 0 10 0
24 21 24 10 0
24 21 0 10 24
24 21 24 10 24
24 21 10 14 10
24 7 14 10 10
24 21 10 0 14
24 21 10 24 14
24 7 0 14 20
24 7 24 14 20
24 17 21 10 10
24 7 14 20 14
24 7 10 4 10
24 17 7 14 20
24 7 0 10 4
24 7 24 10 4
24 17 21 20 14
24 17 17 4 10
24 7 10 14 14
24 17 14 0 10
24 17 14 24 10
24 0 17 4 20
24 24 17 4 20
24 17 7 10 4
24 7 7 0 10
24 7 7 24 10
24 0 21 20 24
24 24 21 20 24
24 0 21 20 0
24 24 21 20 0
24 17 17 14 14
24 10 7 14 10
24 17 14 10 14
24 0 17 24 4
24 24 17 24 4
24 0 17 0 4
24 24 17 0 4
24 7 7 10 14
24 14 17 14 10
24 10 7 24 14
24 10 7 0 14
24 10 21 10 24
24 10 21 10 0
24 17 0 14 0
24 17 24 14 0
24 17 0 14 24
24 17 24 14 24
24 14 17 24 14
24 14 17 0 14
24 14 7 10 24
24 14 7 10 0
24 7 17 14 0
24 7 17 14 24
24 21 17 0 24
24 21 17 24 24
24 21 17 0 0
24 21 17 24 0
24 0 7 24 0
24 24 7 24 0
24 0 7 24 24
24 24 7 24 24
24 0 7 0 0
24 24 7 0 0
24 0 7 0 24
24 24 7 0 24
4 0 0 0 1
4 4 0 0 1
4 0 4 0 1
4 4 4 0 1
4 0 0 4 1
4 4 0 4 1
4 0 4 4 1
4 4 4 4 1
4 0 0 1 3
4 4 0 1 3
4 0 4 1 3
4 4 4 1 3
4 0 1 3 0
4 4 1 3 0
4 0 1 3 4
4 4 1 3 4
4 1 3 1 0
4 1 3 1 4
4 3 0 1 0
4 3 4 1 0
4 3 0 1 4
4 3 4 1 4
4 1 0 3 1
4 1 4 3 1
4 3 1 3 1
4 1 0 0 3
4 1 4 0 3
4 1 0 4 3
4 1 4 4 3
4 0 3 1 1
4 4 3 1 1
4 3 1 0 3
4 3 1 4 3
4 0 0 3 2
4 4 0 3 2
4 0 4 3 2
4 4 4 3 2
4 0 3 2 3
4 4 3 2 3
4 0 1 2 1
4 4 1 2 1
4 0 0 1 2
4 4 0 1 2
4 0 4 1 2
4 4 4 1 2
4 1 3 0 1
4 1 3 4 1
4 0 1 3 3
4 4 1 3 3
4 3 0 0 1
4 3 4 0 1
4 3 0 4 1
4 3 4 4 1
4 1 3 1 3
4 3 0 1 3
4 3 4 1 3
4 1 0 3 0
4 1 4 3 0
4 1 0 3 4
4 1 4 3 4
4 3 1 3 0
4 3 1 3 4
4 0 3 1 0
4 4 3 1 0
4 0 3 1 4
4 4 3 1 4
4 0 0 3 1
4 4 0 3 1
4 0 4 3 1
4 4 4 3 1
4 0 0 0 3
4 4 0 0 3
4 0 4 0 3
4 4 4 0 3
4 0 0 4 3
4 4 0 4 3
4 0 4 4 3
4 4 4 4 3
4 1 0 0 1
4 1 4 0 1
4 1 0 4 1
4 1 4 4 1
4 1 0 1 3
4 1 4 1 3
4 1 1 3 0
4 1 1 3 4
4 2 3 1 0
4 2 3 1 4
4 2 1 1 0
4 2 1 1 4
4 2 0 3 1
4 2 4 3 1
4 2 0 0 3
4 2 4 0 3
4 2 0 4 3
4 2 4 4 3
4 2 2 3 1
4 2 2 0 3
4 2 2 4 3
4 0 2 3 1
4 4 2 3 1
4 0 2 4 3
4 4 2 4 3
4 0 2 0 3
4 4 2 0 3
4 0 1 1 4
4 4 1 1 4
4 0 1 1 0
4 4 1 1 0
4 3 1 0 1
4 3 1 4 1
4 3 1 1 3
4 3 2 3 0
4 3 2 3 4
4 1 2 3 0
4 1 2 3 4
4 3 3 3 0
4 3 3 3 4
4 1 1 1 3
4 1 1 0 1
4 1 1 4 1
4 3 2 1 3
4 3 2 0 1
4 3 2 4 1
4 1 2 1 3
4 1 2 4 1
4 1 2 0 1
4 1 3 3 4
4 1 3 3 0
4 0 3 2 1
4 4 3 2 1
4 0 3 3 3
4 4 3 3 3
4 0 2 1 2
4 4 2 1 2
4 2 2 1 2
4 2 0 1 2
4 2 4 1 2
4 2 3 3 3
4 2 3 2 1
4 2 1 3 3
4 2 1 2 1
4 3 3 1 3
4 3 3 4 1
4 3 3 0 1
4 3 0 3 4
4 3 4 3 4
4 3 0 3 0
4 3 4 3 0
4 0 1 2 3
4 4 1 2 3
4 0 1 1 1
4 4 1 1 1
4 0 2 3 2
4 4 2 3 2
4 2 2 3 2
4 2 0 3 2
4 2 4 3 2
4 2 1 1 1
4 2 1 2 3
4 2 3 1 1
4 2 3 2 3
4 1 1 3 1
4 1 1 4 3
4 1 1 0 3
4 1 0 1 4
4 1 4 1 4
4 1 0 1 0
4 1 4 1 0
4 1 3 0 3
4 1 3 4 3
4 1 3 3 1
4 1 2 1 0
4 1 2 1 4
4 3 2 1 0
4 3 2 1 4
4 1 1 1 0
4 1 1 1 4
4 3 3 3 1
4 3 3 0 3
4 3 3 4 3
4 1 2 3 1
4 1 2 0 3
4 1 2 4 3
4 3 2 3 1
4 3 2 4 3
4 3 2 0 3
4 3 1 1 4
4 3 1 1 0
4 3 0 0 3
4 3 4 0 3
4 3 0 4 3
4 3 4 4 3
4 3 0 3 1
4 3 4 3 1
4 3 3 1 0
4 3 3 1 4
4 2 1 3 0
4 2 1 3 4
4 2 3 3 0
4 2 3 3 4
4 2 0 1 3
4 2 4 1 3
4 2 0 0 1
4 2 4 0 1
4 2 0 4 1
4 2 4 4 1
4 2 2 1 3
4 2 2 0 1
4 2 2 4 1
4 0 2 1 3
4 4 2 1 3
4 0 2 4 1
4 4 2 4 1
4 0 2 0 1
4 4 2 0 1
4 0 3 3 4
4 4 3 3 4
4 0 3 3 0
4 4 3 3 0
8 0 1 0 2
8 8 1 0 2
8 0 1 8 2
8 8 1 8 2
8 0 1 2 6
8 8 1 2 6
8 0 3 6 0
8 8 3 6 0
8 0 3 6 8
8 8 3 6 8
8 3 5 4 0
8 3 5 4 8
8 5 0 4 0
8 5 8 4 0
8 5 0 4 8
8 5 8 4 8
8 3 1 4 4
8 3 1 0 4
8 3 1 8 4
8 5 4 4 4
8 5 4 0 4
8 5 4 8 4
8 1 4 4 4
8 1 4 8 4
8 1 4 0 4
8 1 0 4 8
8 1 8 4 8
8 1 0 4 0
8 1 8 4 0
8 1 7 2 2
8 1 7 4 6
8 1 3 4 2
8 4 5 2 2
8 4 1 2 2
8 4 7 6 4
8 4 7 2 4
8 4 3 6 4
8 4 3 2 4
8 7 5 4 4
8 7 5 8 4
8 7 5 0 4
8 7 1 4 8
8 7 1 4 0
8 7 0 2 2
8 7 8 2 2
8 7 0 4 6
8 7 8 4 6
8 7 4 4 2
8 3 4 4 2
8 5 7 4 2
8 3 0 4 6
8 3 8 4 6
8 3 0 2 2
8 3 8 2 2
8 5 3 4 6
8 5 3 2 2
8 0 5 2 6
8 8 5 2 6
8 0 5 8 2
8 8 5 8 2
8 0 5 0 2
8 8 5 0 2
8 0 7 6 8
8 8 7 6 8
8 0 7 6 0
8 8 7 6 0
8 1 1 6 4
8 1 1 2 4
8 1 3 6 6
8 4 5 4 6
8 4 1 4 6
8 4 1 4 2
8 4 1 6 6
8 4 5 4 2
8 4 5 6 6
8 1 3 6 2
8 1 3 8 6
8 1 3 0 6
8 1 1 2 8
8 1 1 2 0
8 7 2 6 4
8 7 2 2 4
8 7 4 6 6
8 3 4 6 6
8 5 7 6 6
8 3 2 2 4
8 3 2 6 4
8 5 5 2 4
8 5 5 6 4
8 2 3 4 4
8 2 3 8 4
8 2 3 0 4
8 2 7 4 8
8 2 7 4 0
8 2 7 0 4
8 2 7 8 4
8 2 7 4 4
8 2 3 4 0
8 2 3 4 8
8 5 5 2 0
8 5 5 2 8
8 3 2 2 0
8 3 2 2 8
8 5 7 6 2
8 5 7 0 6
8 5 7 8 6
8 3 4 6 2
8 3 4 0 6
8 3 4 8 6
8 7 4 6 2
8 7 4 8 6
8 7 4 0 6
8 7 2 2 8
8 7 2 2 0
8 6 1 0 4
8 6 1 8 4
8 6 1 4 4
8 6 5 4 0
8 6 5 4 8
8 3 3 6 0
8 3 3 6 8
8 5 6 6 0
8 5 6 6 8
8 3 1 2 6
8 3 1 0 2
8 3 1 8 2
8 5 4 2 6
8 5 4 0 2
8 5 4 8 2
8 1 4 2 6
8 1 4 8 2
8 1 4 0 2
8 1 6 6 8
8 1 6 6 0
8 1 6 2 4
8 1 6 6 4
8 1 4 2 2
8 5 4 2 2
8 3 1 2 2
8 5 6 6 4
8 5 6 2 4
8 3 3 6 4
8 3 3 2 4
8 6 5 4 4
8 6 5 8 4
8 6 5 0 4
8 6 1 4 8
8 6 1 4 0
8 7 7 2 4
8 7 7 6 4
8 7 5 2 2
8 4 3 4 2
8 4 7 4 2
8 4 7 4 6
8 4 7 2 2
8 4 3 4 6
8 4 3 2 2
8 7 5 2 6
8 7 5 8 2
8 7 5 0 2
8 7 7 6 8
8 7 7 6 0
8 1 0 6 6
8 1 8 6 6
8 1 0 4 2
8 1 8 4 2
8 1 4 4 6
8 5 4 4 6
8 3 1 4 6
8 5 0 4 2
8 5 8 4 2
8 5 0 6 6
8 5 8 6 6
8 3 5 4 2
8 3 5 6 6
8 0 3 6 2
8 8 3 6 2
8 0 3 8 6
8 8 3 8 6
8 0 3 0 6
8 8 3 0 6
8 0 1 2 8
8 8 1 2 8
8 0 1 2 0
8 8 1 2 0
8 7 1 6 6
8 7 1 4 2
8 7 5 4 6
8 4 3 6 6
8 4 7 6 6
8 4 1 2 4
8 4 1 6 4
8 4 5 2 4
8 4 5 6 4
8 1 3 4 4
8 1 3 8 4
8 1 3 0 4
8 1 7 4 8
8 1 7 4 0
8 0 7 0 6
8 8 7 0 6
8 0 7 8 6
8 8 7 8 6
8 0 7 6 2
8 8 7 6 2
8 0 5 2 0
8 8 5 2 0
8 0 5 2 8
8 8 5 2 8
8 5 3 4 0
8 5 3 4 8
8 3 0 4 0
8 3 8 4 0
8 3 0 4 8
8 3 8 4 8
8 5 7 4 4
8 5 7 0 4
8 5 7 8 4
8 3 4 4 4
8 3 4 0 4
8 3 4 8 4
8 7 4 4 4
8 7 4 8 4
8 7 4 0 4
8 7 0 4 8
8 7 8 4 8
8 7 0 4 0
8 7 8 4 0
12 0 0 2 3
12 12 0 2 3
12 0 12 2 3
12 12 12 2 3
12 0 0 5 9
12 12 0 5 9
12 0 12 5 9
12 12 12 5 9
12 0 5 7 2
12 12 5 7 2
12 5 7 5 2
12 7 0 5 2
12 7 12 5 2
12 5 0 7 7
12 5 12 7 7
12 5 0 2 5
12 5 12 2 5
12 7 5 7 7
12 7 5 2 5
12 0 7 5 7
12 12 7 5 7
12 0 7 12 5
12 12 7 12 5
12 0 7 0 5
12 12 7 0 5
12 0 0 7 12
12 12 0 7 12
12 0 12 7 12
12 12 12 7 12
12 0 0 7 0
12 12 0 7 0
12 0 12 7 0
12 12 12 7 0
12 0 2 10 5
12 12 2 10 5
12 0 2 3 7
12 12 2 3 7
12 0 5 9 10
12 12 5 9 10
12 5 7 7 10
12 7 0 7 10
12 7 12 7 10
12 5 2 5 5
12 5 2 10 7
12 7 7 5 5
12 7 7 10 7
12 2 5 7 5
12 2 5 12 7
12 2 5 0 7
12 2 0 5 12
12 2 12 5 12
12 2 0 5 0
12 2 12 5 0
12 2 10 2 5
12 2 10 7 7
12 2 5 5 2
12 7 7 3 2
12 5 2 3 2
12 7 10 9 5
12 7 10 2 7
12 5 5 9 5
12 5 5 2 7
12 10 7 7 5
12 10 7 12 7
12 10 7 0 7
12 10 2 5 12
12 10 2 5 0
12 10 0 2 5
12 10 12 2 5
12 10 0 7 7
12 10 12 7 7
12 10 7 5 2
12 5 5 7 2
12 7 10 7 2
12 5 0 5 9
12 5 12 5 9
12 5 0 2 3
12 5 12 2 3
12 7 5 5 9
12 7 5 2 3
12 0 7 3 9
12 12 7 3 9
12 0 7 12 3
12 12 7 12 3
12 0 7 0 3
12 12 7 0 3
12 0 10 9 12
12 12 10 9 12
12 0 10 9 0
12 12 10 9 0
12 2 0 10 7
12 2 12 10 7
12 2 0 5 5
12 2 12 5 5
12 2 5 7 10
12 7 7 5 10
12 5 2 5 10
12 7 0 7 3
12 7 12 7 3
12 7 0 10 9
12 7 12 10 9
12 5 7 7 3
12 5 7 10 9
12 0 5 9 3
12 12 5 9 3
12 0 5 12 9
12 12 5 12 9
12 0 5 0 9
12 12 5 0 9
12 0 2 3 12
12 12 2 3 12
12 0 2 3 0
12 12 2 3 0
12 10 2 10 7
12 10 2 5 5
12 10 7 7 10
12 5 5 9 10
12 7 10 9 10
12 5 2 3 7
12 5 2 10 5
12 7 7 3 7
12 7 7 10 5
12 2 5 5 7
12 2 5 12 5
12 2 5 0 5
12 2 10 7 12
12 2 10 7 0
12 0 10 2 7
12 12 10 2 7
12 0 10 9 5
12 12 10 9 5
12 0 7 3 2
12 12 7 3 2
12 7 5 5 2
12 5 0 5 2
12 5 12 5 2
12 7 10 7 7
12 7 10 2 5
12 5 5 7 7
12 5 5 2 5
12 10 7 5 7
12 10 7 12 5
12 10 7 0 5
12 10 0 7 12
12 10 12 7 12
12 10 0 7 0
12 10 12 7 0
12 0 0 10 9
12 12 0 10 9
12 0 12 10 9
12 12 12 10 9
12 0 0 7 3
12 12 0 7 3
12 0 12 7 3
12 12 12 7 3
12 0 7 5 10
12 12 7 5 10
12 7 5 7 10
12 5 0 7 10
12 5 12 7 10
12 7 0 5 5
12 7 12 5 5
12 7 0 10 7
12 7 12 10 7
12 5 7 5 5
12 5 7 10 7
12 0 5 7 5
12 12 5 7 5
12 0 5 12 7
12 12 5 12 7
12 0 5 0 7
12 12 5 0 7
12 0 0 5 12
12 12 0 5 12
12 0 12 5 12
12 12 12 5 12
12 0 0 5 0
12 12 0 5 0
12 0 12 5 0
12 12 12 5 0
12 2 1 0 0
12 2 1 12 0
12 2 1 0 12
12 2 1 12 12
12 10 3 0 0
12 10 3 12 0
12 10 3 0 12
12 10 3 12 12
12 1 9 6 0
12 1 9 6 12
12 1 3 6 6
12 1 3 0 6
12 1 3 12 6
12 4 9 0 6
12 4 9 12 6
12 4 9 6 6
12 8 1 0 6
12 8 1 12 6
12 4 3 6 0
12 4 3 6 12
12 8 1 6 6
12 7 9 0 0
12 7 9 12 0
12 7 9 0 12
12 7 9 12 12
12 8 7 6 0
12 8 7 6 12
12 3 5 8 0
12 3 5 8 12
12 5 4 0 0
12 5 4 12 0
12 5 4 0 12
12 5 4 12 12
12 3 1 4 8
12 9 8 8 0
12 9 8 8 12
12 3 1 0 4
12 3 1 12 4
12 9 4 4 8
12 9 4 0 4
12 9 4 12 4
12 1 8 0 8
12 1 8 12 8
12 1 8 8 4
12 1 4 4 0
12 1 4 4 12
12 5 8 0 0
12 5 8 12 0
12 5 8 0 12
12 5 8 12 12
12 7 1 0 0
12 7 1 12 0
12 7 1 0 12
12 7 1 12 12
12 3 11 2 0
12 3 11 2 12
12 9 2 2 0
12 9 2 2 12
12 11 10 6 0
12 11 10 6 12
12 11 4 6 6
12 11 4 0 6
12 11 4 12 6
12 3 8 2 6
12 3 8 8 6
12 9 11 2 6
12 3 4 4 2
12 9 11 8 6
12 7 8 0 2
12 7 8 12 2
12 9 7 4 2
12 4 5 6 2
12 5 3 0 2
12 5 3 12 2
12 4 11 6 8
12 8 9 6 2
12 4 11 2 4
12 8 3 6 8
12 8 3 2 4
12 11 9 0 8
12 11 9 12 8
12 11 9 8 4
12 11 5 4 0
12 11 5 4 12
12 4 7 2 0
12 4 7 2 12
12 8 11 2 0
12 8 11 2 12
12 3 1 10 2
12 9 4 10 2
12 1 8 6 2
12 1 2 6 8
12 1 2 2 4
12 3 10 10 8
12 3 10 6 4
12 9 1 10 8
12 3 4 6 10
12 9 1 6 4
12 7 8 2 10
12 9 7 6 10
12 4 5 8 10
12 5 3 2 10
12 4 1 4 6
12 8 9 8 10
12 4 1 10 6
12 8 5 4 6
12 8 5 10 6
12 1 7 2 6
12 1 7 8 6
12 1 3 4 2
12 4 9 10 2
12 8 1 10 2
12 3 1 0 10
12 3 1 12 10
12 9 4 0 10
12 9 4 12 10
12 1 8 8 10
12 1 4 4 6
12 1 4 10 6
12 5 8 0 6
12 5 8 12 6
12 5 8 6 6
12 7 1 0 6
12 7 1 12 6
12 5 2 6 0
12 5 2 6 12
12 7 1 6 6
12 7 10 10 0
12 7 10 10 12
12 7 7 6 0
12 7 7 6 12
12 2 5 8 0
12 2 5 8 12
12 5 5 10 0
12 5 5 10 12
12 2 1 4 8
12 10 7 8 0
12 10 7 8 12
12 2 1 0 4
12 2 1 12 4
12 10 3 4 8
12 10 3 0 4
12 10 3 12 4
12 1 9 10 8
12 1 9 6 4
12 1 3 6 10
12 4 9 0 10
12 4 9 12 10
12 8 1 0 10
12 8 1 12 10
12 4 11 0 2
12 4 11 12 2
12 8 3 0 2
12 8 3 12 2
12 11 9 6 2
12 11 3 6 8
12 11 3 2 4
12 2 9 0 8
12 2 9 12 8
12 2 9 8 4
12 10 11 0 8
12 10 11 12 8
12 2 5 4 0
12 2 5 4 12
12 10 11 8 4
12 7 7 2 0
12 7 7 2 12
12 10 7 4 0
12 10 7 4 12
12 5 5 6 0
12 5 5 6 12
12 5 2 2 0
12 5 2 2 12
12 5 11 6 6
12 7 10 6 0
12 7 10 6 12
12 5 11 0 6
12 5 11 12 6
12 7 4 6 6
12 7 4 0 6
12 7 4 12 6
12 11 8 2 6
12 11 8 8 6
12 11 4 4 2
12 3 8 0 2
12 3 8 12 2
12 9 11 0 2
12 9 11 12 2
12 4 11 2 10
12 8 3 2 10
12 11 9 8 10
12 11 5 4 6
12 11 5 10 6
12 4 7 2 6
12 4 7 8 6
12 8 11 2 6
12 4 3 4 2
12 8 11 8 6
12 7 9 10 2
12 8 7 4 2
12 3 5 6 2
12 5 4 10 2
12 3 11 6 8
12 9 8 6 2
12 3 11 2 4
12 9 2 6 8
12 9 2 2 4
12 11 10 10 8
12 11 10 6 4
12 11 4 6 10
12 3 8 2 10
12 9 11 2 10
12 4 1 10 0
12 4 1 10 12
12 8 5 10 0
12 8 5 10 12
12 1 7 8 0
12 1 7 8 12
12 1 3 4 8
12 1 3 0 4
12 1 3 12 4
12 4 9 10 8
12 4 9 6 4
12 8 1 10 8
12 4 3 6 10
12 8 1 6 4
12 7 9 0 10
12 7 9 12 10
12 8 7 6 10
12 3 5 8 10
12 5 4 0 10
12 5 4 12 10
12 3 1 4 6
12 9 8 8 10
12 3 1 10 6
12 9 4 4 6
12 9 4 10 6
12 1 8 0 6
12 1 8 12 6
12 1 8 6 6
12 1 2 6 0
12 1 2 6 12
12 3 10 10 0
12 3 10 10 12
12 9 1 10 0
12 9 1 10 12
12 5 11 0 0
12 5 11 12 0
12 5 11 0 12
12 5 11 12 12
12 7 4 0 0
12 7 4 12 0
12 7 4 0 12
12 7 4 12 12
12 11 8 8 0
12 11 8 8 12
12 11 4 4 8
12 11 4 0 4
12 11 4 12 4
12 3 8 0 8
12 3 8 12 8
12 3 8 8 4
12 9 11 0 8
12 9 11 12 8
12 3 4 4 0
12 3 4 4 12
12 9 11 8 4
12 7 8 0 0
12 7 8 12 0
12 7 8 0 12
12 7 8 12 12
12 9 7 4 0
12 9 7 4 12
12 4 5 6 0
12 4 5 6 12
12 5 3 0 0
12 5 3 12 0
12 5 3 0 12
12 5 3 12 12
12 4 11 6 6
12 8 9 6 0
12 8 9 6 12
12 4 11 0 6
12 4 11 12 6
12 8 3 6 6
12 8 3 0 6
12 8 3 12 6
12 11 9 0 6
12 11 9 12 6
12 11 9 6 6
12 11 3 6 0
12 11 3 6 12
12 2 9 0 0
12 2 9 12 0
12 2 9 0 12
12 2 9 12 12
12 10 11 0 0
12 10 11 12 0
12 10 11 0 12
12 10 11 12 12
18 3 0 2 0
18 3 18 2 0
18 3 0 2 18
18 3 18 2 18
18 15 3 2 0
18 15 3 2 18
18 0 15 8 0
18 18 15 8 0
18 0 15 8 18
18 18 15 8 18
18 0 5 10 8
18 18 5 10 8
18 5 13 2 8
18 0 5 0 10
18 18 5 0 10
18 0 5 18 10
18 18 5 18 10
18 5 13 10 10
18 13 0 2 8
18 13 18 2 8
18 5 5 8 2
18 13 0 10 10
18 13 18 10 10
18 10 13 0 2
18 10 13 18 2
18 13 10 8 2
18 5 8 10 2
18 8 5 0 2
18 8 5 18 2
18 5 0 8 12
18 5 18 8 12
18 13 13 10 2
18 5 0 2 6
18 5 18 2 6
18 13 5 8 12
18 0 13 0 12
18 18 13 0 12
18 0 13 18 12
18 18 13 18 12
18 13 5 2 6
18 0 13 12 6
18 18 13 12 6
18 0 7 6 0
18 18 7 6 0
18 0 7 6 18
18 18 7 6 18
18 7 11 2 0
18 7 11 2 18
18 11 0 2 0
18 11 18 2 0
18 11 0 2 18
18 11 18 2 18
18 3 2 16 2
18 15 5 16 2
18 2 13 8 2
18 2 3 10 10
18 5 15 16 10
18 2 3 2 8
18 5 15 8 8
18 13 2 16 10
18 5 5 10 16
18 13 2 8 8
18 10 13 2 16
18 13 10 10 16
18 5 8 12 16
18 8 5 2 16
18 5 2 6 10
18 13 13 12 16
18 5 2 16 8
18 13 7 6 10
18 2 11 2 10
18 13 7 16 8
18 2 11 12 8
18 2 5 6 2
18 7 13 16 2
18 11 2 16 2
18 5 16 2 2
18 13 3 2 2
18 16 15 8 2
18 16 5 10 10
18 3 13 2 10
18 16 5 2 8
18 3 13 12 8
18 15 16 2 10
18 3 7 6 2
18 15 16 12 8
18 10 11 2 2
18 15 10 6 2
18 7 8 8 2
18 8 3 2 2
18 7 16 10 10
18 11 15 8 2
18 7 16 2 8
18 11 5 10 10
18 16 13 2 10
18 11 5 2 8
18 16 13 12 8
18 16 7 6 2
18 5 11 2 2
18 13 16 2 2
18 3 2 0 16
18 3 2 18 16
18 15 5 0 16
18 15 5 18 16
18 2 13 10 16
18 2 5 8 8
18 7 13 0 8
18 7 13 18 8
18 2 5 16 10
18 7 13 8 10
18 11 2 0 8
18 11 2 18 8
18 7 3 10 0
18 7 3 10 18
18 11 2 8 10
18 10 15 16 0
18 10 15 16 18
18 11 10 10 0
18 11 10 10 18
18 3 8 12 0
18 3 8 12 18
18 8 7 16 0
18 8 7 16 18
18 3 2 6 12
18 15 11 12 0
18 15 11 12 18
18 3 2 0 6
18 3 2 18 6
18 15 5 6 12
18 2 13 16 12
18 15 5 0 6
18 15 5 18 6
18 2 13 10 6
18 2 5 8 16
18 7 13 0 16
18 7 13 18 16
18 11 2 0 16
18 11 2 18 16
18 5 16 4 16
18 13 3 4 16
18 16 15 10 16
18 16 7 8 8
18 5 11 4 8
18 16 7 16 10
18 5 11 12 10
18 13 16 4 8
18 5 5 6 4
18 13 16 12 10
18 10 13 16 4
18 13 10 6 4
18 5 8 8 4
18 8 5 16 4
18 5 16 10 12
18 13 13 8 4
18 5 16 4 6
18 13 3 10 12
18 16 15 16 12
18 13 3 4 6
18 16 15 10 6
18 16 7 8 16
18 5 11 4 16
18 13 16 4 16
18 5 0 16 4
18 5 18 16 4
18 13 5 16 4
18 0 13 8 4
18 18 13 8 4
18 0 3 10 12
18 18 3 10 12
18 3 15 16 12
18 0 3 4 6
18 18 3 4 6
18 3 15 10 6
18 15 0 16 12
18 15 18 16 12
18 3 7 8 16
18 15 0 10 6
18 15 18 10 6
18 10 11 4 16
18 15 10 8 16
18 7 8 10 16
18 8 3 4 16
18 7 0 8 8
18 7 18 8 8
18 11 15 10 16
18 7 0 16 10
18 7 18 16 10
18 11 7 8 8
18 0 11 4 8
18 18 11 4 8
18 11 7 16 10
18 0 11 12 10
18 18 11 12 10
18 0 5 6 4
18 18 5 6 4
18 5 13 16 4
18 13 0 16 4
18 13 18 16 4
18 5 0 2 14
18 5 18 2 14
18 13 5 2 14
18 0 13 12 14
18 18 13 12 14
18 0 7 6 8
18 18 7 6 8
18 7 11 2 8
18 0 7 14 10
18 18 7 14 10
18 7 11 10 10
18 11 0 2 8
18 11 18 2 8
18 7 3 8 2
18 11 0 10 10
18 11 18 10 10
18 10 15 14 2
18 11 10 8 2
18 3 8 10 2
18 8 7 14 2
18 3 0 8 12
18 3 18 8 12
18 15 11 10 2
18 3 0 2 6
18 3 18 2 6
18 15 3 8 12
18 0 15 14 12
18 18 15 14 12
18 15 3 2 6
18 0 15 8 6
18 18 15 8 6
18 0 5 10 14
18 18 5 10 14
18 5 13 2 14
18 13 0 2 14
18 13 18 2 14
18 5 2 14 2
18 13 7 14 2
18 2 11 10 2
18 2 3 8 12
18 5 15 14 12
18 2 3 2 6
18 5 15 8 6
18 13 2 14 12
18 5 5 10 14
18 13 2 8 6
18 10 13 2 14
18 13 10 10 14
18 5 8 12 14
18 8 5 2 14
18 5 2 6 8
18 13 13 12 14
18 5 2 14 10
18 13 7 6 8
18 2 11 2 8
18 13 7 14 10
18 2 11 10 10
18 2 3 8 2
18 5 15 14 2
18 13 2 14 2
18 7 16 0 2
18 7 16 18 2
18 11 5 0 2
18 11 5 18 2
18 16 13 10 2
18 16 5 8 12
18 3 13 0 12
18 3 13 18 12
18 16 5 2 6
18 3 13 12 6
18 15 16 0 12
18 15 16 18 12
18 3 7 6 0
18 3 7 6 18
18 15 16 12 6
18 10 11 2 0
18 10 11 2 18
18 15 10 6 0
18 15 10 6 18
18 7 8 8 0
18 7 8 8 18
18 8 3 2 0
18 8 3 2 18
18 7 16 10 8
18 11 15 8 0
18 11 15 8 18
18 7 16 0 10
18 7 16 18 10
18 11 5 10 8
18 16 13 2 8
18 11 5 0 10
18 11 5 18 10
18 16 13 10 10
18 16 5 8 2
18 3 13 0 2
18 3 13 18 2
18 15 16 0 2
18 15 16 18 2
18 5 2 16 16
18 13 7 16 16
18 2 11 12 16
18 2 5 6 10
18 7 13 16 10
18 2 5 16 8
18 7 13 8 8
18 11 2 16 10
18 7 3 10 16
18 11 2 8 8
18 10 15 16 16
18 11 10 10 16
18 3 8 12 16
18 8 7 16 16
18 3 2 6 10
18 15 11 12 16
18 3 2 16 8
18 15 5 6 10
18 2 13 16 10
18 15 5 16 8
18 2 13 8 8
18 2 3 10 16
18 5 15 16 16
18 13 2 16 16
18 7 16 2 16
18 11 5 2 16
18 16 13 12 16
18 16 7 6 10
18 5 11 2 10
18 16 7 16 8
18 5 11 12 8
18 13 16 2 10
18 5 5 6 2
18 13 16 12 8
18 10 13 16 2
18 13 10 6 2
18 5 8 8 2
18 8 5 16 2
18 5 16 10 10
18 13 13 8 2
18 5 16 2 8
18 13 3 10 10
18 16 15 16 10
18 13 3 2 8
18 16 15 8 8
18 16 5 10 16
18 3 13 2 16
18 15 16 2 16
18 7 0 16 0
18 7 18 16 0
18 7 0 16 18
18 7 18 16 18
18 11 7 16 0
18 11 7 16 18
18 0 11 12 0
18 18 11 12 0
18 0 11 12 18
18 18 11 12 18
18 0 5 6 12
18 18 5 6 12
18 5 13 16 12
18 0 5 0 6
18 18 5 0 6
18 0 5 18 6
18 18 5 18 6
18 5 13 10 6
18 13 0 16 12
18 13 18 16 12
18 5 5 8 16
18 13 0 10 6
18 13 18 10 6
18 10 13 0 16
18 10 13 18 16
18 13 10 8 16
18 5 8 10 16
18 8 5 0 16
18 8 5 18 16
18 5 0 8 8
18 5 18 8 8
18 13 13 10 16
18 5 0 16 10
18 5 18 16 10
18 13 5 8 8
18 0 13 0 8
18 18 13 0 8
18 0 13 18 8
18 18 13 18 8
18 13 5 16 10
18 0 13 8 10
18 18 13 8 10
18 0 3 10 0
18 18 3 10 0
18 0 3 10 18
18 18 3 10 18
18 3 15 16 0
18 3 15 16 18
18 15 0 16 0
18 15 18 16 0
18 15 0 16 18
18 15 18 16 18
36 0 3 4 0
36 36 3 4 0
36 0 3 4 36
36 36 3 4 36
36 0 7 32 4
36 36 7 32 4
36 0 7 0 32
36 36 7 0 32
36 0 7 36 32
36 36 7 36 32
36 7 29 10 4
36 29 0 10 4
36 29 36 10 4
36 7 29 14 32
36 7 3 26 14
36 29 0 14 32
36 29 36 14 32
36 29 10 26 14
36 7 3 4 22
36 7 7 22 10
36 29 10 4 22
36 29 14 22 10
36 3 26 10 14
36 7 7 32 26
36 14 29 0 10
36 14 29 36 10
36 22 7 0 10
36 22 7 36 10
36 3 26 24 22
36 29 14 32 26
36 7 22 14 10
36 3 0 26 24
36 3 36 26 24
36 14 29 10 26
36 22 7 10 26
36 29 29 14 10
36 3 0 14 12
36 3 36 14 12
36 7 22 24 26
36 3 14 12 10
36 7 0 22 24
36 7 36 22 24
36 14 3 26 0
36 14 3 26 36
36 29 29 24 26
36 22 17 26 0
36 22 17 26 36
36 29 7 22 24
36 7 0 10 12
36 7 36 10 12
36 3 14 22 26
36 17 22 4 10
36 7 10 12 14
36 19 3 4 10
36 29 7 10 12
36 3 19 24 0
36 3 19 24 36
36 29 17 12 14
36 0 29 0 24
36 36 29 0 24
36 0 29 36 24
36 36 29 36 24
36 7 10 26 22
36 17 22 14 26
36 17 26 32 14
36 19 3 14 26
36 19 7 32 14
36 0 29 24 12
36 36 29 24 12
36 29 17 26 22
36 10 19 10 14
36 3 7 12 24
36 17 26 10 22
36 17 0 22 4
36 17 36 22 4
36 19 7 10 22
36 19 17 22 4
36 26 29 10 14
36 3 7 0 12
36 3 7 36 12
36 10 19 24 22
36 0 17 12 0
36 36 17 12 0
36 0 17 12 36
36 36 17 12 36
36 10 29 26 24
36 17 0 26 32
36 17 36 26 32
36 26 29 24 22
36 19 17 26 32
36 0 19 20 4
36 36 19 20 4
36 26 3 26 24
36 10 29 14 12
36 17 19 10 0
36 17 19 10 36
36 10 7 12 10
36 19 0 10 0
36 19 36 10 0
36 19 0 10 36
36 19 36 10 36
36 26 3 14 12
36 0 19 24 32
36 36 19 24 32
36 26 17 12 10
36 0 3 16 24
36 36 3 16 24
36 10 7 22 26
36 17 29 26 10
36 19 10 26 10
36 0 3 4 12
36 36 3 4 12
36 26 17 22 26
36 7 19 10 10
36 0 7 12 20
36 36 7 12 20
36 17 29 0 26
36 17 29 36 26
36 19 10 0 26
36 19 10 36 26
36 29 26 10 10
36 0 7 32 16
36 36 7 32 16
36 7 19 20 26
36 7 29 26 20
36 29 26 20 26
36 29 0 26 20
36 29 36 26 20
36 7 29 10 16
36 7 3 16 10
36 29 0 10 16
36 29 36 10 16
36 29 10 16 10
36 7 3 26 26
36 29 10 26 26
36 3 26 0 10
36 3 26 36 10
36 3 26 10 26
36 3 0 26 0
36 3 36 26 0
36 3 0 26 36
36 3 36 26 36
36 3 33 10 0
36 3 33 10 36
36 3 7 26 10
36 3 7 0 26
36 3 7 36 26
36 10 29 4 10
36 26 3 4 10
36 10 29 14 26
36 10 33 32 14
36 26 3 14 26
36 26 7 32 14
36 10 33 10 22
36 10 7 22 4
36 26 7 10 22
36 26 17 22 4
36 33 29 10 14
36 10 7 26 32
36 17 29 0 4
36 17 29 36 4
36 19 10 0 4
36 19 10 36 4
36 33 29 24 22
36 26 17 26 32
36 7 19 20 4
36 33 3 26 24
36 17 29 4 32
36 19 10 4 32
36 29 26 20 4
36 33 3 14 12
36 7 19 24 32
36 33 17 12 10
36 7 3 16 24
36 17 33 32 0
36 17 33 32 36
36 29 26 24 32
36 19 14 32 0
36 19 14 32 36
36 29 10 16 24
36 7 3 4 12
36 33 17 22 26
36 14 19 10 10
36 7 7 12 20
36 22 33 10 10
36 29 10 4 12
36 33 22 24 0
36 33 22 24 36
36 29 14 12 20
36 3 26 0 24
36 3 26 36 24
36 7 7 32 16
36 14 19 20 26
36 14 29 26 20
36 22 33 20 26
36 22 7 26 20
36 3 26 24 12
36 29 14 32 16
36 7 22 4 20
36 33 10 12 24
36 14 29 10 16
36 14 3 16 10
36 22 7 10 16
36 22 17 16 10
36 29 29 4 20
36 33 10 0 12
36 33 10 36 12
36 7 22 24 16
36 3 14 12 0
36 3 14 12 36
36 7 26 32 24
36 14 3 26 26
36 29 29 24 16
36 22 17 26 26
36 3 19 14 10
36 29 33 32 24
36 7 26 20 12
36 17 22 4 0
36 17 22 4 36
36 7 10 12 4
36 19 3 4 0
36 19 3 4 36
36 29 33 20 12
36 3 19 24 26
36 29 17 12 4
36 3 33 22 24
36 7 10 16 32
36 17 26 32 4
36 19 7 32 4
36 3 33 10 12
36 29 17 16 32
36 10 19 10 4
36 3 7 12 14
36 17 26 0 32
36 17 26 36 32
36 19 7 0 32
36 19 7 36 32
36 26 29 10 4
36 3 7 26 22
36 10 19 14 32
36 10 29 26 14
36 26 29 14 32
36 26 3 26 14
36 10 29 4 22
36 10 33 22 10
36 26 3 4 22
36 26 7 22 10
36 10 33 32 26
36 26 7 32 26
36 33 29 0 10
36 33 29 36 10
36 33 29 10 26
36 33 3 26 0
36 33 3 26 36
36 33 0 10 0
36 33 36 10 0
36 33 0 10 36
36 33 36 10 36
36 33 10 26 10
36 33 10 0 26
36 33 10 36 26
36 7 26 10 10
36 29 33 10 10
36 7 26 20 26
36 7 0 26 20
36 7 36 26 20
36 29 33 20 26
36 29 7 26 20
36 7 0 10 16
36 7 36 10 16
36 7 10 16 10
36 29 7 10 16
36 29 17 16 10
36 0 29 4 20
36 36 29 4 20
36 7 10 26 26
36 17 26 0 10
36 17 26 36 10
36 19 7 0 10
36 19 7 36 10
36 0 29 24 16
36 36 29 24 16
36 29 17 26 26
36 10 19 14 10
36 0 33 32 24
36 36 33 32 24
36 17 26 10 26
36 19 7 10 26
36 26 29 14 10
36 0 33 20 12
36 36 33 20 12
36 10 19 24 26
36 0 17 12 4
36 36 17 12 4
36 10 33 22 24
36 17 0 26 0
36 17 36 26 0
36 17 0 26 36
36 17 36 26 36
36 26 29 24 26
36 19 17 26 0
36 19 17 26 36
36 26 7 22 24
36 10 33 10 12
36 0 17 16 32
36 36 17 16 32
36 17 19 10 4
36 10 7 12 14
36 19 0 10 4
36 19 36 10 4
36 26 7 10 12
36 0 19 24 0
36 36 19 24 0
36 0 19 24 36
36 36 19 24 36
36 26 17 12 14
36 33 29 0 24
36 33 29 36 24
36 10 7 26 22
36 17 19 14 32
36 17 29 26 14
36 19 0 14 32
36 19 36 14 32
36 19 10 26 14
36 33 29 24 12
36 26 17 26 22
36 7 19 10 14
36 0 7 12 24
36 36 7 12 24
36 17 29 4 22
36 17 33 22 10
36 19 10 4 22
36 19 14 22 10
36 29 26 10 14
36 0 7 0 12
36 36 7 0 12
36 0 7 36 12
36 36 7 36 12
36 7 19 24 22
36 33 17 12 0
36 33 17 12 36
36 7 29 26 24
36 17 33 32 26
36 29 26 24 22
36 19 14 32 26
36 33 22 14 10
36 29 0 26 24
36 29 36 26 24
36 7 29 14 12
36 14 19 10 0
36 14 19 10 36
36 7 7 12 10
36 22 33 10 0
36 22 33 10 36
36 29 0 14 12
36 29 36 14 12
36 33 22 24 26
36 29 14 12 10
36 33 0 22 24
36 33 36 22 24
36 7 7 22 26
36 14 29 26 10
36 22 7 26 10
36 33 0 10 12
36 33 36 10 12
36 29 14 22 26
36 7 22 4 10
36 33 10 12 14
36 14 29 0 26
36 14 29 36 26
36 22 7 0 26
36 22 7 36 26
36 29 29 4 10
36 33 10 26 22
36 7 22 14 26
36 7 26 32 14
36 29 29 14 26
36 29 33 32 14
36 7 26 10 22
36 7 0 22 4
36 7 36 22 4
36 29 33 10 22
36 29 7 22 4
36 7 0 26 32
36 7 36 26 32
36 29 7 26 32
36 0 29 0 4
36 36 29 0 4
36 0 29 36 4
36 36 29 36 4
36 0 29 4 32
36 36 29 4 32
36 0 33 32 0
36 36 33 32 0
36 0 33 32 36
36 36 33 32 36
36 6 3 4 0
36 6 3 4 36
36 30 9 4 0
36 30 9 4 36
36 3 27 22 0
36 3 27 22 36
36 6 7 32 4
36 30 13 32 4
36 7 23 22 4
36 6 7 0 32
36 6 7 36 32
36 30 13 0 32
36 30 13 36 32
36 7 23 26 32
36 13 29 10 4
36 23 6 10 4
36 29 30 22 4
36 6 7 36 0
36 6 7 36 36
36 6 7 0 0
36 6 7 0 36
36 30 13 36 0
36 30 13 36 36
36 30 13 0 0
36 30 13 0 36
36 7 23 26 0
36 7 23 26 36
36 13 29 14 32
36 23 6 14 32
36 29 30 26 32
36 13 3 26 14
36 23 16 26 14
36 3 20 22 14
36 13 29 14 0
36 13 29 14 36
36 23 6 14 0
36 23 6 14 36
36 29 30 26 0
36 29 30 26 36
36 13 3 4 22
36 23 16 4 22
36 3 20 36 22
36 3 20 0 22
36 13 7 22 10
36 23 20 22 10
36 7 16 26 10
36 13 3 4 36
36 13 3 4 0
36 23 16 4 36
36 23 16 4 0
36 3 20 0 36
36 3 20 36 36
36 3 20 0 0
36 3 20 36 0
36 13 7 22 14
36 23 20 22 14
36 7 16 26 14
36 13 7 32 26
36 23 20 32 26
36 7 16 36 26
36 7 16 0 26
36 20 29 0 10
36 20 29 36 10
36 16 13 0 10
36 16 13 36 10
36 29 23 26 10
36 13 7 32 4
36 23 20 32 4
36 7 16 0 4
36 7 16 36 4
36 13 7 0 22
36 13 7 36 22
36 23 20 0 22
36 23 20 36 22
36 7 16 4 22
36 20 29 36 14
36 20 29 0 14
36 16 13 36 14
36 16 13 0 14
36 29 23 26 14
36 20 29 10 26
36 16 13 10 26
36 29 23 36 26
36 29 23 0 26
36 13 7 36 32
36 13 7 0 32
36 23 20 36 32
36 23 20 0 32
36 7 16 4 32
36 20 29 10 4
36 16 13 10 4
36 29 23 0 4
36 29 23 36 4
36 20 29 14 22
36 16 13 14 22
36 29 23 4 22
36 20 3 26 0
36 20 3 26 36
36 16 23 26 0
36 16 23 26 36
36 3 13 36 0
36 3 13 36 36
36 3 13 0 0
36 3 13 0 36
36 20 29 14 32
36 16 13 14 32
36 29 23 4 32
36 20 3 26 14
36 16 23 26 14
36 3 13 0 14
36 3 13 36 14
36 20 7 22 36
36 20 7 22 0
36 16 27 22 36
36 16 27 22 0
36 7 9 4 36
36 7 9 4 0
36 20 3 4 22
36 16 23 4 22
36 3 13 14 22
36 20 7 22 10
36 16 27 22 10
36 7 9 4 10
36 27 29 0 36
36 27 29 36 36
36 27 29 0 0
36 27 29 36 0
36 9 20 0 36
36 9 20 36 36
36 9 20 0 0
36 9 20 36 0
36 29 16 4 36
36 29 16 4 0
36 20 7 32 26
36 16 27 32 26
36 7 9 14 26
36 27 29 36 10
36 27 29 0 10
36 9 20 36 10
36 9 20 0 10
36 29 16 4 10
36 27 29 10 26
36 9 20 10 26
36 29 16 14 26
36 27 3 26 36
36 27 3 26 0
36 9 30 26 36
36 9 30 26 0
36 3 6 14 36
36 3 6 14 0
36 9 33 10 0
36 9 33 10 36
36 27 6 10 0
36 27 6 10 36
36 33 30 22 0
36 33 30 22 36
36 9 7 26 10
36 27 16 26 10
36 7 20 22 10
36 9 7 0 26
36 9 7 36 26
36 27 16 0 26
36 27 16 36 26
36 7 20 32 26
36 16 29 4 10
36 20 9 4 10
36 29 27 22 10
36 9 7 36 0
36 9 7 36 36
36 9 7 0 0
36 9 7 0 36
36 27 16 36 0
36 27 16 36 36
36 27 16 0 0
36 27 16 0 36
36 7 20 32 0
36 7 20 32 36
36 16 29 14 26
36 20 9 14 26
36 29 27 32 26
36 16 33 32 14
36 20 13 32 14
36 33 23 22 14
36 16 29 14 0
36 16 29 14 36
36 20 9 14 0
36 20 9 14 36
36 29 27 32 0
36 29 27 32 36
36 16 33 10 22
36 20 13 10 22
36 33 23 36 22
36 33 23 0 22
36 16 7 22 4
36 20 23 22 4
36 7 13 32 4
36 16 33 10 36
36 16 33 10 0
36 20 13 10 36
36 20 13 10 0
36 33 23 0 36
36 33 23 36 36
36 33 23 0 0
36 33 23 36 0
36 16 7 22 14
36 20 23 22 14
36 7 13 32 14
36 16 7 26 32
36 20 23 26 32
36 7 13 36 32
36 7 13 0 32
36 23 29 0 4
36 23 29 36 4
36 13 16 0 4
36 13 16 36 4
36 29 20 32 4
36 16 7 26 10
36 20 23 26 10
36 7 13 0 10
36 7 13 36 10
36 16 7 0 22
36 16 7 36 22
36 20 23 0 22
36 20 23 36 22
36 7 13 10 22
36 23 29 36 14
36 23 29 0 14
36 13 16 36 14
36 13 16 0 14
36 29 20 32 14
36 23 29 4 32
36 13 16 4 32
36 29 20 36 32
36 29 20 0 32
36 16 7 36 26
36 16 7 0 26
36 20 23 36 26
36 20 23 0 26
36 7 13 10 26
36 23 29 4 10
36 13 16 4 10
36 29 20 0 10
36 29 20 36 10
36 23 29 14 22
36 13 16 14 22
36 29 20 10 22
36 23 33 32 0
36 23 33 32 36
36 13 20 32 0
36 13 20 32 36
36 33 16 36 0
36 33 16 36 36
36 33 16 0 0
36 33 16 0 36
36 23 29 14 26
36 13 16 14 26
36 29 20 10 26
36 23 33 32 14
36 13 20 32 14
36 33 16 0 14
36 33 16 36 14
36 23 7 22 36
36 23 7 22 0
36 13 30 22 36
36 13 30 22 0
36 7 6 10 36
36 7 6 10 0
36 23 33 10 22
36 13 20 10 22
36 33 16 14 22
36 23 7 22 4
36 13 30 22 4
36 7 6 10 4
36 30 29 0 36
36 30 29 36 36
36 30 29 0 0
36 30 29 36 0
36 6 23 0 36
36 6 23 36 36
36 6 23 0 0
36 6 23 36 0
36 29 13 10 36
36 29 13 10 0
36 23 7 26 32
36 13 30 26 32
36 7 6 14 32
36 30 29 36 4
36 30 29 0 4
36 6 23 36 4
36 6 23 0 4
36 29 13 10 4
36 30 29 4 32
36 6 23 4 32
36 29 13 14 32
36 30 33 32 36
36 30 33 32 0
36 6 27 32 36
36 6 27 32 0
36 33 9 14 36
36 33 9 14 0
6 1 0 0 1
6 1 6 0 1
6 1 0 6 1
6 1 6 6 1
6 1 0 1 5
6 1 6 1 5
6 1 1 5 0
6 1 1 5 6
6 2 5 1 0
6 2 5 1 6
6 2 0 5 1
6 2 6 5 1
6 4 1 1 0
6 4 1 1 6
6 4 2 5 1
6 2 0 0 5
6 2 6 0 5
6 2 0 6 5
6 2 6 6 5
6 0 4 3 1
6 6 4 3 1
6 4 2 0 5
6 4 2 6 5
6 0 1 3 4
6 6 1 3 4
6 0 4 4 5
6 6 4 4 5
6 0 2 2 3
6 6 2 2 3
6 0 1 1 2
6 6 1 1 2
6 2 4 0 3
6 2 4 6 3
6 0 2 5 3
6 6 2 5 3
6 4 0 0 3
6 4 6 0 3
6 4 0 6 3
6 4 6 6 3
6 2 4 3 3
6 2 1 3 0
6 2 1 3 6
6 4 0 3 3
6 4 6 3 3
6 4 3 3 0
6 4 3 3 6
6 1 3 3 0
6 1 3 3 6
6 1 0 3 3
6 1 6 3 3
6 1 0 0 3
6 1 6 0 3
6 1 0 6 3
6 1 6 6 3
6 5 1 0 1
6 5 1 6 1
6 5 1 1 5
6 5 2 5 0
6 5 2 5 6
6 1 4 3 0
6 1 4 3 6
6 1 1 3 3
6 5 5 3 0
6 5 5 3 6
6 5 2 3 3
6 1 1 0 3
6 1 1 6 3
6 1 4 1 3
6 5 2 0 3
6 5 2 6 3
6 1 5 5 4
6 1 4 4 3
6 1 2 2 1
6 1 5 3 2
6 3 4 0 1
6 3 4 6 1
6 1 2 3 5
6 3 1 0 1
6 3 1 6 1
6 3 4 1 5
6 3 5 5 0
6 3 5 5 6
6 3 1 1 5
6 3 2 5 0
6 3 2 5 6
6 5 4 3 0
6 5 4 3 6
6 5 1 3 3
6 5 1 0 3
6 5 1 6 3
6 0 5 2 1
6 6 5 2 1
6 0 5 3 5
6 6 5 3 5
6 0 2 3 2
6 6 2 3 2
6 2 4 1 2
6 2 5 5 3
6 4 0 1 2
6 4 6 1 2
6 4 1 5 3
6 2 5 2 3
6 5 5 1 3
6 4 1 2 3
6 5 0 5 4
6 5 6 5 4
6 5 5 4 3
6 5 3 2 1
6 5 0 3 2
6 5 6 3 2
6 2 3 2 1
6 5 3 3 5
6 4 5 2 1
6 2 3 3 5
6 2 0 3 2
6 2 6 3 2
6 4 5 3 5
6 4 2 3 2
6 0 4 1 2
6 6 4 1 2
6 0 5 5 3
6 6 5 5 3
6 0 5 2 3
6 6 5 2 3
6 0 1 4 3
6 6 1 4 3
6 0 1 1 3
6 6 1 1 3
6 0 2 5 4
6 6 2 5 4
6 2 4 3 4
6 2 1 3 1
6 4 0 3 4
6 4 6 3 4
6 4 3 3 1
6 2 1 4 5
6 1 3 3 1
6 4 3 4 5
6 1 0 3 4
6 1 6 3 4
6 1 3 4 5
6 1 1 2 3
6 1 0 1 2
6 1 6 1 2
6 2 5 4 3
6 1 1 5 3
6 4 1 4 3
6 2 5 1 3
6 2 0 5 4
6 2 6 5 4
6 4 1 1 3
6 4 2 5 4
6 0 4 3 4
6 6 4 3 4
6 0 1 3 1
6 6 1 3 1
6 0 1 4 5
6 6 1 4 5
6 1 5 0 3
6 1 5 6 3
6 1 5 3 3
6 1 2 3 0
6 1 2 3 6
6 3 4 1 0
6 3 4 1 6
6 3 5 5 1
6 3 1 1 0
6 3 1 1 6
6 3 2 5 1
6 3 5 0 5
6 3 5 6 5
6 5 4 3 1
6 3 2 0 5
6 3 2 6 5
6 5 1 3 4
6 5 4 4 5
6 5 2 2 3
6 5 1 1 2
6 1 4 0 3
6 1 4 6 3
6 5 2 5 3
6 5 5 0 3
6 5 5 6 3
6 1 4 3 3
6 1 1 3 0
6 1 1 3 6
6 5 5 3 3
6 5 2 3 0
6 5 2 3 6
6 1 4 1 0
6 1 4 1 6
6 1 5 5 1
6 1 5 0 5
6 1 5 6 5
6 5 0 0 3
6 5 6 0 3
6 5 0 6 3
6 5 6 6 3
6 5 0 3 3
6 5 6 3 3
6 5 3 3 0
6 5 3 3 6
6 2 3 3 0
6 2 3 3 6
6 2 0 3 3
6 2 6 3 3
6 4 5 3 0
6 4 5 3 6
6 4 2 3 3
6 2 0 0 3
6 2 6 0 3
6 2 0 6 3
6 2 6 6 3
6 0 4 1 3
6 6 4 1 3
6 4 2 0 3
6 4 2 6 3
6 0 5 5 4
6 6 5 5 4
6 0 4 4 3
6 6 4 4 3
6 0 2 2 1
6 6 2 2 1
6 0 5 3 2
6 6 5 3 2
6 2 4 0 1
6 2 4 6 1
6 0 2 3 5
6 6 2 3 5
6 4 0 0 1
6 4 6 0 1
6 4 0 6 1
6 4 6 6 1
6 2 4 1 5
6 2 5 5 0
6 2 5 5 6
6 4 0 1 5
6 4 6 1 5
6 4 1 5 0
6 4 1 5 6
6 5 5 1 0
6 5 5 1 6
6 5 0 5 1
6 5 6 5 1
6 5 0 0 5
6 5 6 0 5
6 5 0 6 5
6 5 6 6 5
12 0 1 0 2
12 12 1 0 2
12 0 1 12 2
12 12 1 12 2
12 0 1 2 10
12 12 1 2 10
12 0 3 10 0
12 12 3 10 0
12 0 3 10 12
12 12 3 10 12
12 3 9 4 0
12 3 9 4 12
12 9 0 4 0
12 9 12 4 0
12 9 0 4 12
12 9 12 4 12
12 3 1 8 4
12 9 4 8 4
12 3 1 0 8
12 3 1 12 8
12 1 8 4 4
12 9 4 0 8
12 9 4 12 8
12 1 0 8 8
12 1 12 8 8
12 1 8 8 8
12 1 4 4 4
12 1 0 4 4
12 1 12 4 4
12 5 8 0 4
12 5 8 12 4
12 1 4 8 8
12 7 1 0 4
12 7 1 12 4
12 5 8 4 8
12 7 1 4 8
12 5 0 8 0
12 5 12 8 0
12 5 0 8 12
12 5 12 8 12
12 7 5 8 0
12 7 5 8 12
12 0 7 6 0
12 12 7 6 0
12 0 7 6 12
12 12 7 6 12
12 0 1 6 6
12 12 1 6 6
12 0 1 0 6
12 12 1 0 6
12 0 1 12 6
12 12 1 12 6
12 1 11 2 2
12 1 11 4 10
12 1 3 8 2
12 4 9 2 2
12 8 1 2 2
12 4 11 10 4
12 8 3 10 4
12 4 11 2 8
12 11 9 4 4
12 8 3 2 8
12 11 1 8 8
12 11 9 8 8
12 11 5 4 4
12 11 1 4 4
12 4 7 2 4
12 11 5 8 8
12 8 11 2 4
12 4 7 6 8
12 8 11 6 8
12 4 1 6 2
12 8 5 6 2
12 1 7 4 2
12 1 11 8 6
12 1 11 2 6
12 11 0 2 2
12 11 12 2 2
12 11 0 4 10
12 11 12 4 10
12 11 4 8 2
12 3 8 4 2
12 9 11 4 2
12 3 0 8 6
12 3 12 8 6
12 9 3 8 6
12 3 0 2 6
12 3 12 2 6
12 0 9 2 6
12 12 9 2 6
12 9 3 2 6
12 0 11 10 8
12 12 11 10 8
12 0 9 8 6
12 12 9 8 6
12 0 5 4 2
12 12 5 4 2
12 0 11 6 4
12 12 11 6 4
12 5 7 2 2
12 0 5 6 10
12 12 5 6 10
12 7 0 2 2
12 7 12 2 2
12 5 7 4 10
12 7 0 4 10
12 7 12 4 10
12 5 11 8 2
12 7 4 8 2
12 11 8 4 2
12 11 0 8 6
12 11 12 8 6
12 11 0 2 6
12 11 12 2 6
12 1 1 10 4
12 1 1 2 8
12 1 3 10 10
12 4 9 4 10
12 8 1 4 10
12 4 1 8 2
12 8 5 8 2
12 4 1 10 10
12 1 7 6 2
12 8 5 10 10
12 1 1 6 8
12 1 7 8 10
12 1 3 4 6
12 1 1 2 4
12 4 9 10 6
12 1 3 10 6
12 8 1 10 6
12 4 9 4 6
12 8 1 4 6
12 4 1 8 10
12 8 5 8 10
12 1 7 6 10
12 1 1 6 4
12 1 1 10 8
12 11 2 10 4
12 11 2 2 8
12 11 4 10 10
12 3 8 6 10
12 9 11 6 10
12 3 2 6 4
12 9 5 6 4
12 3 2 10 8
12 2 7 4 4
12 9 5 10 8
12 2 11 8 8
12 2 7 8 8
12 2 3 4 4
12 2 11 4 4
12 5 9 10 4
12 2 3 8 8
12 7 2 10 4
12 5 9 2 8
12 7 2 2 8
12 5 11 10 10
12 7 4 10 10
12 11 8 6 10
12 11 2 6 4
12 11 2 10 8
12 2 11 0 4
12 2 11 12 4
12 2 11 4 8
12 2 3 8 0
12 2 3 8 12
12 5 9 2 0
12 5 9 2 12
12 7 2 2 0
12 7 2 2 12
12 5 11 10 2
12 7 4 10 2
12 5 11 0 10
12 5 11 12 10
12 11 8 6 2
12 7 4 0 10
12 7 4 12 10
12 11 2 6 8
12 11 8 8 10
12 11 4 4 6
12 11 2 2 4
12 3 8 0 6
12 3 8 12 6
12 11 4 10 6
12 9 11 0 6
12 9 11 12 6
12 3 8 6 6
12 9 11 6 6
12 3 2 6 0
12 3 2 6 12
12 9 5 6 0
12 9 5 6 12
12 2 7 4 0
12 2 7 4 12
12 2 11 8 4
12 2 11 0 8
12 2 11 12 8
12 10 1 0 4
12 10 1 12 4
12 10 1 4 8
12 10 5 8 0
12 10 5 8 12
12 3 7 6 0
12 3 7 6 12
12 9 10 6 0
12 9 10 6 12
12 3 1 6 6
12 9 4 6 6
12 3 1 0 6
12 3 1 12 6
12 1 8 2 6
12 9 4 0 6
12 9 4 12 6
12 1 10 10 8
12 1 8 8 6
12 1 4 4 2
12 1 10 6 4
12 5 8 0 2
12 5 8 12 2
12 1 4 6 10
12 7 1 0 2
12 7 1 12 2
12 5 8 2 10
12 7 1 2 10
12 5 10 10 0
12 5 10 10 12
12 7 3 10 0
12 7 3 10 12
12 10 9 4 0
12 10 9 4 12
12 10 1 8 4
12 10 1 0 8
12 10 1 12 8
12 1 10 2 4
12 1 10 6 8
12 1 4 6 2
12 5 8 2 2
12 7 1 2 2
12 5 10 10 4
12 7 3 10 4
12 5 10 2 8
12 10 9 4 4
12 7 3 2 8
12 10 1 8 8
12 10 9 8 8
12 10 5 4 4
12 10 1 4 4
12 3 7 2 4
12 10 5 8 8
12 9 10 2 4
12 3 7 6 8
12 9 10 6 8
12 3 1 6 2
12 9 4 6 2
12 1 8 2 2
12 1 10 10 4
12 1 10 2 8
12 11 11 2 4
12 11 11 6 8
12 11 5 6 2
12 4 7 4 2
12 8 11 4 2
12 4 11 8 6
12 8 3 8 6
12 4 11 2 6
12 11 9 2 6
12 8 3 2 6
12 11 11 10 8
12 11 9 8 6
12 11 5 4 2
12 11 11 6 4
12 4 7 2 2
12 11 5 6 10
12 8 11 2 2
12 4 7 4 10
12 8 11 4 10
12 4 11 8 2
12 8 3 8 2
12 11 9 2 2
12 11 11 10 4
12 11 11 2 8
12 1 0 10 6
12 1 12 10 6
12 1 0 4 6
12 1 12 4 6
12 1 4 8 10
12 5 8 4 10
12 7 1 4 10
12 5 0 8 2
12 5 12 8 2
12 7 5 8 2
12 5 0 10 10
12 5 12 10 10
12 0 7 6 2
12 12 7 6 2
12 7 5 10 10
12 0 1 6 8
12 12 1 6 8
12 0 7 8 10
12 12 7 8 10
12 0 3 4 6
12 12 3 4 6
12 0 1 2 4
12 12 1 2 4
12 3 9 10 6
12 0 3 10 6
12 12 3 10 6
12 9 0 10 6
12 9 12 10 6
12 3 9 4 6
12 9 0 4 6
12 9 12 4 6
12 3 1 8 10
12 9 4 8 10
12 1 8 4 10
12 1 0 8 2
12 1 12 8 2
12 1 0 10 10
12 1 12 10 10
12 11 1 10 6
12 11 1 4 6
12 11 5 8 10
12 4 7 6 10
12 8 11 6 10
12 4 1 6 4
12 8 5 6 4
12 4 1 10 8
12 1 7 4 4
12 8 5 10 8
12 1 11 8 8
12 1 7 8 8
12 1 3 4 4
12 1 11 4 4
12 4 9 10 4
12 1 3 8 8
12 8 1 10 4
12 4 9 2 8
12 8 1 2 8
12 4 11 10 10
12 8 3 10 10
12 11 9 4 10
12 11 1 8 2
12 11 1 10 10
12 0 11 0 6
12 12 11 0 6
12 0 11 12 6
12 12 11 12 6
12 0 11 6 6
12 12 11 6 6
12 0 5 6 0
12 12 5 6 0
12 0 5 6 12
12 12 5 6 12
12 5 7 4 0
12 5 7 4 12
12 7 0 4 0
12 7 12 4 0
12 7 0 4 12
12 7 12 4 12
12 5 11 8 4
12 7 4 8 4
12 5 11 0 8
12 5 11 12 8
12 11 8 4 4
12 7 4 0 8
12 7 4 12 8
12 11 0 8 8
12 11 12 8 8
12 11 8 8 8
12 11 4 4 4
12 11 0 4 4
12 11 12 4 4
12 3 8 0 4
12 3 8 12 4
12 11 4 8 8
12 9 11 0 4
12 9 11 12 4
12 3 8 4 8
12 9 11 4 8
12 3 0 8 0
12 3 12 8 0
12 3 0 8 12
12 3 12 8 12
12 9 3 8 0
12 9 3 8 12
12 0 9 2 0
12 12 9 2 0
12 0 9 2 12
12 12 9 2 12
12 0 11 10 2
12 12 11 10 2
12 0 11 0 10
12 12 11 0 10
12 0 11 12 10
12 12 11 12 10
12 2 1 0 2
12 2 1 12 2
12 2 1 2 10
12 2 3 10 0
12 2 3 10 12
12 5 9 4 0
12 5 9 4 12
12 7 2 4 0
12 7 2 4 12
12 5 1 8 4
12 5 1 0 8
12 5 1 12 8
12 7 6 8 4
12 7 6 0 8
12 7 6 12 8
12 1 6 8 4
12 1 6 12 8
12 1 6 0 8
12 1 2 4 12
12 1 2 4 0
12 10 3 0 2
12 10 3 12 2
12 10 3 2 10
12 10 5 10 0
12 10 5 10 12
12 3 7 8 0
12 3 7 8 12
12 9 10 8 0
12 9 10 8 12
12 3 3 4 8
12 3 3 0 4
12 3 3 12 4
12 9 6 4 8
12 9 6 0 4
12 9 6 12 4
12 3 6 4 8
12 3 6 12 4
12 3 6 0 4
12 3 10 8 12
12 3 10 8 0
12 1 9 6 2
12 1 9 8 10
12 1 5 4 6
12 6 7 2 6
12 6 1 2 6
12 6 9 10 8
12 6 9 6 4
12 6 3 10 8
12 6 3 6 4
12 9 9 4 8
12 9 9 12 4
12 9 9 0 4
12 9 1 8 12
12 9 1 8 0
12 1 3 6 8
12 1 3 2 4
12 1 5 10 6
12 6 7 8 6
12 6 1 8 6
12 6 3 4 2
12 6 3 6 10
12 6 9 4 2
12 6 9 6 10
12 3 3 10 2
12 3 3 12 10
12 3 3 0 10
12 3 1 2 12
12 3 1 2 0
12 4 9 0 8
12 4 9 12 8
12 4 9 8 4
12 4 5 4 0
12 4 5 4 12
12 9 7 2 0
12 9 7 2 12
12 3 4 2 0
12 3 4 2 12
12 9 9 10 2
12 9 9 0 10
12 9 9 12 10
12 3 6 10 2
12 3 6 0 10
12 3 6 12 10
12 9 6 10 2
12 9 6 12 10
12 9 6 0 10
12 9 4 2 12
12 9 4 2 0
12 8 1 0 8
12 8 1 12 8
12 8 1 8 4
12 8 9 4 0
12 8 9 4 12
12 5 3 10 0
12 5 3 10 12
12 7 8 10 0
12 7 8 10 12
12 5 1 2 10
12 5 1 0 2
12 5 1 12 2
12 7 6 2 10
12 7 6 0 2
12 7 6 12 2
12 1 6 2 10
12 1 6 12 2
12 1 6 0 2
12 1 8 10 12
12 1 8 10 0
12 3 11 2 2
12 3 11 4 10
12 3 3 8 2
12 6 9 2 2
12 6 3 2 2
12 6 11 10 4
12 6 11 2 8
12 6 5 10 4
12 6 5 2 8
12 11 7 8 4
12 11 7 12 8
12 11 7 0 8
12 11 3 4 12
12 11 3 4 0
12 9 2 2 2
12 9 2 4 10
12 9 6 8 2
12 3 6 8 2
12 9 9 8 2
12 3 2 4 10
12 3 2 2 2
12 9 5 4 10
12 9 5 2 2
12 2 7 2 10
12 2 7 12 2
12 2 7 0 2
12 2 9 10 12
12 2 9 10 0
12 11 10 6 2
12 11 10 8 10
12 11 6 4 6
12 5 6 4 6
12 7 11 4 6
12 5 10 8 10
12 5 10 6 2
12 7 3 8 10
12 7 3 6 2
12 10 9 2 10
12 10 9 12 2
12 10 9 0 2
12 10 11 10 12
12 10 11 10 0
12 11 4 6 8
12 11 4 2 4
12 11 6 10 6
12 5 6 10 6
12 7 11 10 6
12 5 4 2 4
12 5 4 6 8
12 7 9 2 4
12 7 9 6 8
12 4 3 8 4
12 4 3 12 8
12 4 3 0 8
12 4 11 4 12
12 4 11 4 0
12 3 8 2 8
12 3 8 10 4
12 3 6 2 2
12 9 6 2 2
12 3 3 2 2
12 9 8 10 4
12 9 8 2 8
12 3 5 10 4
12 3 5 2 8
12 8 7 8 4
12 8 7 12 8
12 8 7 0 8
12 8 3 4 12
12 8 3 4 0
12 9 11 2 8
12 9 11 10 4
12 9 9 2 2
12 6 3 8 2
12 6 9 8 2
12 6 11 4 10
12 6 11 2 2
12 6 5 4 10
12 6 5 2 2
12 11 7 2 10
12 11 7 12 2
12 11 7 0 2
12 11 9 10 12
12 11 9 10 0
12 3 1 10 4
12 3 1 2 8
12 3 3 10 10
12 6 9 4 10
12 6 3 4 10
12 6 1 8 2
12 6 1 10 10
12 6 7 8 2
12 6 7 10 10
12 1 5 10 2
12 1 5 12 10
12 1 5 0 10
12 1 3 2 12
12 1 3 2 0
12 9 4 10 4
12 9 4 2 8
12 9 6 10 10
12 3 6 10 10
12 9 9 10 10
12 3 4 2 8
12 3 4 10 4
12 9 7 2 8
12 9 7 10 4
12 4 5 4 8
12 4 5 12 4
12 4 5 0 4
12 4 9 8 12
12 4 9 8 0
12 1 8 6 4
12 1 8 10 8
12 1 6 2 6
12 7 6 2 6
12 5 1 2 6
12 7 8 10 8
12 7 8 6 4
12 5 3 10 8
12 5 3 6 4
12 8 9 4 8
12 8 9 12 4
12 8 9 0 4
12 8 1 8 12
12 8 1 8 0
12 1 2 6 10
12 1 2 4 2
12 1 6 8 6
12 7 6 8 6
12 5 1 8 6
12 7 2 4 2
12 7 2 6 10
12 5 9 4 2
12 5 9 6 10
12 2 3 10 2
12 2 3 12 10
12 2 3 0 10
12 2 1 2 12
12 2 1 2 0
12 3 10 10 10
12 3 10 8 2
12 3 6 4 10
12 9 6 4 10
12 3 3 4 10
12 9 10 8 2
12 9 10 10 10
12 3 7 8 2
12 3 7 10 10
12 10 5 10 2
12 10 5 12 10
12 10 5 0 10
12 10 3 2 12
12 10 3 2 0
12 9 1 10 10
12 9 1 8 2
12 9 9 4 10
12 6 3 10 10
12 6 9 10 10
12 6 1 2 8
12 6 1 10 4
12 6 7 2 8
12 6 7 10 4
12 1 5 4 8
12 1 5 12 4
12 1 5 0 4
12 1 9 8 12
12 1 9 8 0
12 4 11 0 4
12 4 11 12 4
12 4 11 4 8
12 4 3 8 0
12 4 3 8 12
12 7 9 2 0
12 7 9 2 12
12 5 4 2 0
12 5 4 2 12
12 7 11 10 2
12 7 11 0 10
12 7 11 12 10
12 5 6 10 2
12 5 6 0 10
12 5 6 12 10
12 11 6 10 2
12 11 6 12 10
12 11 6 0 10
12 11 4 2 12
12 11 4 2 0
12 8 3 0 4
12 8 3 12 4
12 8 3 4 8
12 8 7 8 0
12 8 7 8 12
12 3 5 10 0
12 3 5 10 12
12 9 8 10 0
12 9 8 10 12
12 3 3 2 10
12 3 3 0 2
12 3 3 12 2
12 9 6 2 10
12 9 6 0 2
12 9 6 12 2
12 3 6 2 10
12 3 6 12 2
12 3 6 0 2
12 3 8 10 12
12 3 8 10 0
12 11 9 6 4
12 11 9 10 8
12 11 7 2 6
12 6 5 4 6
12 6 11 4 6
12 6 9 8 10
12 6 9 6 2
12 6 3 8 10
12 6 3 6 2
12 9 9 2 10
12 9 9 12 2
12 9 9 0 2
12 9 11 10 12
12 9 11 10 0
12 11 3 6 10
12 11 3 4 2
12 11 7 8 6
12 6 5 10 6
12 6 11 10 6
12 6 3 2 4
12 6 3 6 8
12 6 9 2 4
12 6 9 6 8
12 3 3 8 4
12 3 3 12 8
12 3 3 0 8
12 3 11 4 12
12 3 11 4 0
12 2 9 0 10
12 2 9 12 10
12 2 9 10 2
12 2 7 2 0
12 2 7 2 12
12 9 5 4 0
12 9 5 4 12
12 3 2 4 0
12 3 2 4 12
12 9 9 8 4
12 9 9 0 8
12 9 9 12 8
12 3 6 8 4
12 3 6 0 8
12 3 6 12 8
12 9 6 8 4
12 9 6 12 8
12 9 6 0 8
12 9 2 4 12
12 9 2 4 0
12 10 11 0 10
12 10 11 12 10
12 10 11 10 2
12 10 9 2 0
12 10 9 2 12
12 7 3 8 0
12 7 3 8 12
12 5 10 8 0
12 5 10 8 12
12 7 11 4 8
12 7 11 0 4
12 7 11 12 4
12 5 6 4 8
12 5 6 0 4
12 5 6 12 4
12 11 6 4 8
12 11 6 12 4
12 11 6 0 4
12 11 10 8 12
12 11 10 8 0
18 0 0 2 3
18 18 0 2 3
18 0 18 2 3
18 18 18 2 3
18 0 0 5 15
18 18 0 5 15
18 0 18 5 15
18 18 18 5 15
18 0 5 13 2
18 18 5 13 2
18 5 13 5 2
18 13 0 5 2
18 13 18 5 2
18 5 0 13 7
18 5 18 13 7
18 13 5 13 7
18 5 0 2 11
18 5 18 2 11
18 0 13 5 7
18 18 13 5 7
18 13 5 2 11
18 0 0 13 12
18 18 0 13 12
18 0 18 13 12
18 18 18 13 12
18 0 13 12 11
18 18 13 12 11
18 0 7 6 5
18 18 7 6 5
18 0 0 7 6
18 18 0 7 6
18 0 18 7 6
18 18 18 7 6
18 7 11 2 5
18 0 7 11 13
18 18 7 11 13
18 11 0 2 5
18 11 18 2 5
18 7 11 7 13
18 11 0 7 13
18 11 18 7 13
18 7 0 11 2
18 7 18 11 2
18 11 7 11 2
18 0 11 7 2
18 18 11 7 2
18 0 0 11 9
18 18 0 11 9
18 0 18 11 9
18 18 18 11 9
18 0 0 2 9
18 18 0 2 9
18 0 18 2 9
18 18 18 2 9
18 0 2 16 5
18 18 2 16 5
18 0 2 3 13
18 18 2 3 13
18 0 5 15 16
18 18 5 15 16
18 5 13 7 16
18 13 0 7 16
18 13 18 7 16
18 5 2 11 5
18 13 7 11 5
18 5 2 16 13
18 2 11 7 5
18 13 7 16 13
18 2 0 11 12
18 2 18 11 12
18 2 11 12 13
18 2 5 6 7
18 2 0 5 6
18 2 18 5 6
18 7 13 16 7
18 2 5 13 11
18 11 2 16 7
18 7 13 5 11
18 11 2 5 11
18 7 0 13 16
18 7 18 13 16
18 11 7 13 16
18 0 11 9 16
18 18 11 9 16
18 0 2 9 7
18 18 2 9 7
18 0 2 16 11
18 18 2 16 11
18 2 16 2 5
18 2 16 7 13
18 2 5 11 2
18 7 13 3 2
18 11 2 3 2
18 7 16 15 5
18 11 5 15 5
18 7 16 2 13
18 16 13 7 5
18 11 5 2 13
18 16 2 11 12
18 16 13 12 13
18 16 7 6 7
18 16 2 5 6
18 5 11 2 7
18 16 7 13 11
18 13 16 2 7
18 5 11 9 11
18 13 16 9 11
18 5 2 9 2
18 13 7 9 2
18 2 11 5 2
18 2 16 13 7
18 2 16 2 11
18 16 0 2 5
18 16 18 2 5
18 16 0 7 13
18 16 18 7 13
18 16 7 11 2
18 5 11 7 2
18 13 16 7 2
18 5 0 11 9
18 5 18 11 9
18 13 5 11 9
18 5 0 2 9
18 5 18 2 9
18 0 13 3 9
18 18 13 3 9
18 13 5 2 9
18 0 16 15 12
18 18 16 15 12
18 0 13 12 9
18 18 13 12 9
18 0 7 6 3
18 18 7 6 3
18 0 16 9 6
18 18 16 9 6
18 7 11 2 3
18 0 7 9 15
18 18 7 9 15
18 11 0 2 3
18 11 18 2 3
18 7 11 5 15
18 11 0 5 15
18 11 18 5 15
18 7 16 13 2
18 11 5 13 2
18 16 13 5 2
18 16 0 13 7
18 16 18 13 7
18 16 0 2 11
18 16 18 2 11
18 2 0 16 7
18 2 18 16 7
18 2 0 5 11
18 2 18 5 11
18 2 5 13 16
18 7 13 5 16
18 11 2 5 16
18 7 0 13 3
18 7 18 13 3
18 11 7 13 3
18 7 0 16 15
18 7 18 16 15
18 0 11 9 3
18 18 11 9 3
18 11 7 16 15
18 0 2 9 12
18 18 2 9 12
18 0 11 12 15
18 18 11 12 15
18 0 5 6 9
18 18 5 6 9
18 0 2 3 6
18 18 2 3 6
18 5 13 16 9
18 0 5 15 9
18 18 5 15 9
18 13 0 16 9
18 13 18 16 9
18 5 13 7 9
18 13 0 7 9
18 13 18 7 9
18 5 2 11 16
18 13 7 11 16
18 2 11 7 16
18 2 0 11 5
18 2 18 11 5
18 2 0 16 13
18 2 18 16 13
18 16 2 16 7
18 16 2 5 11
18 16 7 13 16
18 5 11 9 16
18 13 16 9 16
18 5 2 9 7
18 13 7 9 7
18 5 2 16 11
18 2 11 5 7
18 13 7 16 11
18 2 16 13 12
18 2 11 12 11
18 2 5 6 5
18 2 16 7 6
18 7 13 16 5
18 2 5 11 13
18 11 2 16 5
18 7 13 3 13
18 11 2 3 13
18 7 16 15 16
18 11 5 15 16
18 16 13 7 16
18 16 2 11 5
18 16 2 16 13
18 0 16 2 7
18 18 16 2 7
18 0 16 9 11
18 18 16 9 11
18 0 7 9 2
18 18 7 9 2
18 7 11 5 2
18 11 0 5 2
18 11 18 5 2
18 7 16 13 7
18 11 5 13 7
18 7 16 2 11
18 16 13 5 7
18 11 5 2 11
18 16 0 13 12
18 16 18 13 12
18 16 13 12 11
18 16 7 6 5
18 16 0 7 6
18 16 18 7 6
18 5 11 2 5
18 16 7 11 13
18 13 16 2 5
18 5 11 7 13
18 13 16 7 13
18 5 0 11 2
18 5 18 11 2
18 13 5 11 2
18 0 13 3 2
18 18 13 3 2
18 0 16 15 5
18 18 16 15 5
18 0 16 2 13
18 18 16 2 13
18 0 0 16 9
18 18 0 16 9
18 0 18 16 9
18 18 18 16 9
18 0 0 7 9
18 18 0 7 9
18 0 18 7 9
18 18 18 7 9
18 0 7 11 16
18 18 7 11 16
18 7 11 7 16
18 11 0 7 16
18 11 18 7 16
18 7 0 11 5
18 7 18 11 5
18 11 7 11 5
18 7 0 16 13
18 7 18 16 13
18 0 11 7 5
18 18 11 7 5
18 11 7 16 13
18 0 0 11 12
18 18 0 11 12
18 0 18 11 12
18 18 18 11 12
18 0 11 12 13
18 18 11 12 13
18 0 5 6 7
18 18 5 6 7
18 0 0 5 6
18 18 0 5 6
18 0 18 5 6
18 18 18 5 6
18 5 13 16 7
18 0 5 13 11
18 18 5 13 11
18 13 0 16 7
18 13 18 16 7
18 5 13 5 11
18 13 0 5 11
18 13 18 5 11
18 5 0 13 16
18 5 18 13 16
18 13 5 13 16
18 0 13 5 16
18 18 13 5 16
18 0 0 13 3
18 18 0 13 3
18 0 18 13 3
18 18 18 13 3
18 0 0 16 15
18 18 0 16 15
18 0 18 16 15
18 18 18 16 15
18 3 0 2 3
18 3 18 2 3
18 3 0 5 15
18 3 18 5 15
18 3 5 13 2
18 8 13 5 2
18 10 3 5 2
18 8 0 13 7
18 8 18 13 7
18 8 0 2 11
18 8 18 2 11
18 10 8 13 7
18 10 8 2 11
18 0 10 11 7
18 18 10 11 7
18 0 10 18 11
18 18 10 18 11
18 0 10 0 11
18 18 10 0 11
18 0 3 7 18
18 18 3 7 18
18 0 3 7 0
18 18 3 7 0
18 15 3 2 3
18 15 3 5 15
18 15 8 13 2
18 5 10 11 2
18 13 15 11 2
18 5 3 7 13
18 5 3 2 5
18 13 8 7 13
18 13 8 2 5
18 3 10 5 13
18 3 10 18 5
18 3 10 0 5
18 3 15 13 18
18 3 15 13 0
18 0 15 8 3
18 18 15 8 3
18 0 15 11 15
18 18 15 11 15
18 0 8 7 8
18 18 8 7 8
18 8 10 5 8
18 10 0 5 8
18 10 18 5 8
18 8 15 13 13
18 8 15 8 5
18 10 5 13 13
18 10 5 8 5
18 15 13 5 13
18 15 13 18 5
18 15 13 0 5
18 15 0 13 18
18 15 18 13 18
18 15 0 13 0
18 15 18 13 0
18 0 5 10 11
18 18 5 10 11
18 0 5 3 7
18 18 5 3 7
18 0 8 15 10
18 18 8 15 10
18 8 10 13 10
18 10 0 13 10
18 10 18 13 10
18 8 5 5 5
18 8 5 10 13
18 10 13 5 5
18 10 13 10 13
18 5 5 13 5
18 5 5 18 13
18 5 5 0 13
18 5 0 5 18
18 5 18 5 18
18 5 0 5 0
18 5 18 5 0
18 5 13 2 11
18 5 13 13 7
18 5 8 5 2
18 13 10 3 2
18 5 5 3 2
18 13 13 15 5
18 13 13 2 13
18 5 8 15 5
18 5 8 2 13
18 13 10 13 5
18 13 10 18 13
18 13 10 0 13
18 13 5 5 18
18 13 5 5 0
18 13 0 2 11
18 13 18 2 11
18 13 0 13 7
18 13 18 13 7
18 13 13 5 2
18 8 5 13 2
18 10 13 13 2
18 8 0 5 15
18 8 18 5 15
18 8 0 2 3
18 8 18 2 3
18 10 8 5 15
18 10 8 2 3
18 0 10 3 15
18 18 10 3 15
18 0 10 18 3
18 18 10 18 3
18 0 10 0 3
18 18 10 0 3
18 0 13 15 18
18 18 13 15 18
18 0 13 15 0
18 18 13 15 0
18 3 2 16 5
18 3 2 3 13
18 3 5 15 16
18 8 13 7 16
18 10 3 7 16
18 8 2 11 5
18 8 2 16 13
18 10 10 11 5
18 10 10 16 13
18 2 8 13 5
18 2 8 18 13
18 2 8 0 13
18 2 3 5 18
18 2 3 5 0
18 15 5 16 5
18 15 5 3 13
18 15 8 15 16
18 5 10 13 16
18 13 15 13 16
18 5 5 5 11
18 5 5 16 7
18 13 10 5 11
18 13 10 16 7
18 5 8 7 11
18 5 8 18 7
18 5 8 0 7
18 5 15 11 18
18 5 15 11 0
18 2 13 8 5
18 2 13 13 13
18 2 8 5 8
18 10 10 3 8
18 8 2 3 8
18 10 13 15 11
18 10 13 8 7
18 8 5 15 11
18 8 5 8 7
18 13 13 7 11
18 13 13 18 7
18 13 13 0 7
18 13 2 11 18
18 13 2 11 0
18 2 3 10 13
18 2 3 5 5
18 2 8 13 10
18 10 10 11 10
18 8 2 11 10
18 10 3 7 3
18 10 3 10 15
18 8 13 7 3
18 8 13 10 15
18 3 5 15 3
18 3 5 18 15
18 3 5 0 15
18 3 2 3 18
18 3 2 3 0
18 5 15 16 13
18 5 15 11 5
18 5 8 7 16
18 13 10 5 16
18 5 5 5 16
18 13 15 13 3
18 13 15 16 15
18 5 10 13 3
18 5 10 16 15
18 15 8 15 3
18 15 8 18 15
18 15 8 0 15
18 15 5 3 18
18 15 5 3 0
18 13 2 16 13
18 13 2 11 5
18 13 13 7 16
18 8 5 15 16
18 10 13 15 16
18 8 2 3 13
18 8 2 16 5
18 10 10 3 13
18 10 10 16 5
18 2 8 5 13
18 2 8 18 5
18 2 8 0 5
18 2 13 13 18
18 2 13 13 0
18 5 16 2 5
18 5 16 7 13
18 5 5 11 2
18 10 13 3 2
18 8 5 3 2
18 10 16 15 5
18 10 16 2 13
18 8 8 15 5
18 8 8 2 13
18 16 10 13 5
18 16 10 18 13
18 16 10 0 13
18 16 5 5 18
18 16 5 5 0
18 13 3 2 5
18 13 3 7 13
18 13 10 11 2
18 5 8 13 2
18 13 13 13 2
18 5 3 5 15
18 5 3 2 3
18 13 8 5 15
18 13 8 2 3
18 3 10 3 15
18 3 10 18 3
18 3 10 0 3
18 3 13 15 18
18 3 13 15 0
18 16 15 8 5
18 16 15 13 13
18 16 10 5 8
18 8 8 7 8
18 10 16 7 8
18 8 15 11 15
18 8 15 8 3
18 10 5 11 15
18 10 5 8 3
18 15 13 3 15
18 15 13 18 3
18 15 13 0 3
18 15 16 15 18
18 15 16 15 0
18 16 5 10 13
18 16 5 5 5
18 16 10 13 10
18 8 8 15 10
18 10 16 15 10
18 8 5 3 7
18 8 5 10 11
18 10 13 3 7
18 10 13 10 11
18 5 5 11 7
18 5 5 18 11
18 5 5 0 11
18 5 16 7 18
18 5 16 7 0
18 3 13 2 13
18 3 13 15 5
18 3 10 3 2
18 13 8 5 2
18 5 3 5 2
18 13 13 13 7
18 13 13 2 11
18 5 8 13 7
18 5 8 2 11
18 13 10 11 7
18 13 10 18 11
18 13 10 0 11
18 13 3 7 18
18 13 3 7 0
18 15 16 2 13
18 15 16 15 5
18 15 13 3 2
18 10 5 11 2
18 8 15 11 2
18 10 16 7 13
18 10 16 2 5
18 8 8 7 13
18 8 8 2 5
18 16 10 5 13
18 16 10 18 5
18 16 10 0 5
18 16 15 13 18
18 16 15 13 0
18 5 0 16 7
18 5 18 16 7
18 5 0 5 11
18 5 18 5 11
18 5 5 13 16
18 10 13 5 16
18 8 5 5 16
18 10 0 13 3
18 10 18 13 3
18 10 0 16 15
18 10 18 16 15
18 8 10 13 3
18 8 10 16 15
18 0 8 15 3
18 18 8 15 3
18 0 8 18 15
18 18 8 18 15
18 0 8 0 15
18 18 8 0 15
18 0 5 3 18
18 18 5 3 18
18 0 5 3 0
18 18 5 3 0
18 13 5 16 7
18 13 5 5 11
18 13 10 13 16
18 5 8 15 16
18 13 13 15 16
18 5 5 3 13
18 5 5 16 5
18 13 10 3 13
18 13 10 16 5
18 5 8 5 13
18 5 8 18 5
18 5 8 0 5
18 5 13 13 18
18 5 13 13 0
18 0 13 8 7
18 18 13 8 7
18 0 13 15 11
18 18 13 15 11
18 0 10 3 8
18 18 10 3 8
18 10 8 5 8
18 8 0 5 8
18 8 18 5 8
18 10 13 13 13
18 10 13 8 5
18 8 5 13 13
18 8 5 8 5
18 13 13 5 13
18 13 13 18 5
18 13 13 0 5
18 13 0 13 18
18 13 18 13 18
18 13 0 13 0
18 13 18 13 0
18 0 3 10 15
18 18 3 10 15
18 0 3 7 3
18 18 3 7 3
18 0 10 11 10
18 18 10 11 10
18 10 8 13 10
18 8 0 13 10
18 8 18 13 10
18 10 3 5 5
18 10 3 10 13
18 8 13 5 5
18 8 13 10 13
18 3 5 13 5
18 3 5 18 13
18 3 5 0 13
18 3 0 5 18
18 3 18 5 18
18 3 0 5 0
18 3 18 5 0
18 3 15 16 15
18 3 15 13 3
18 3 10 5 16
18 13 8 7 16
18 5 3 7 16
18 13 15 11 5
18 13 15 16 13
18 5 10 11 5
18 5 10 16 13
18 15 8 13 5
18 15 8 18 13
18 15 8 0 13
18 15 3 5 18
18 15 3 5 0
18 15 0 16 15
18 15 18 16 15
18 15 0 13 3
18 15 18 13 3
18 15 13 5 16
18 10 5 13 16
18 8 15 13 16
18 10 0 5 11
18 10 18 5 11
18 10 0 16 7
18 10 18 16 7
18 8 10 5 11
18 8 10 16 7
18 0 8 7 11
18 18 8 7 11
18 0 8 18 7
18 18 8 18 7
18 0 8 0 7
18 18 8 0 7
18 0 15 11 18
18 18 15 11 18
18 0 15 11 0
18 18 15 11 0
36 0 3 4 6
36 36 3 4 6
36 0 3 10 30
36 36 3 10 30
36 0 13 26 4
36 36 13 26 4
36 13 23 16 4
36 23 0 16 4
36 23 36 16 4
36 13 3 20 20
36 13 3 4 16
36 23 16 20 20
36 23 16 4 16
36 3 20 16 20
36 3 20 36 16
36 3 20 0 16
36 3 0 20 36
36 3 36 20 36
36 3 0 20 0
36 3 36 20 0
36 0 7 32 10
36 36 7 32 10
36 0 7 6 26
36 36 7 6 26
36 0 13 30 32
36 36 13 30 32
36 13 23 20 32
36 23 0 20 32
36 23 36 20 32
36 13 7 16 16
36 13 7 32 20
36 23 20 16 16
36 23 20 32 20
36 7 16 20 16
36 7 16 36 20
36 7 16 0 20
36 7 0 16 36
36 7 36 16 36
36 7 0 16 0
36 7 36 16 0
36 7 29 10 10
36 7 29 20 26
36 7 13 16 10
36 20 23 6 10
36 16 7 6 10
36 20 29 30 16
36 20 29 10 20
36 16 13 30 16
36 16 13 10 20
36 29 23 20 16
36 29 23 36 20
36 29 23 0 20
36 29 7 16 36
36 29 7 16 0
36 29 0 10 10
36 29 36 10 10
36 29 0 20 26
36 29 36 20 26
36 29 20 16 10
36 13 16 20 10
36 23 29 20 10
36 13 0 16 30
36 13 36 16 30
36 13 0 10 6
36 13 36 10 6
36 23 13 16 30
36 23 13 10 6
36 0 23 6 30
36 36 23 6 30
36 0 23 36 6
36 36 23 36 6
36 0 23 0 6
36 36 23 0 6
36 0 29 30 36
36 36 29 30 36
36 0 29 30 0
36 36 29 30 0
36 7 3 26 20
36 7 3 10 16
36 7 13 26 26
36 20 23 16 26
36 16 7 16 26
36 20 3 20 6
36 20 3 26 30
36 16 23 20 6
36 16 23 26 30
36 3 13 30 6
36 3 13 36 30
36 3 13 0 30
36 3 7 6 36
36 3 7 6 0
36 29 10 26 20
36 29 10 10 16
36 29 20 26 26
36 13 16 30 26
36 23 29 30 26
36 13 10 6 20
36 13 10 26 16
36 23 23 6 20
36 23 23 26 16
36 10 13 16 20
36 10 13 36 16
36 10 13 0 16
36 10 29 20 36
36 10 29 20 0
36 3 26 10 20
36 3 26 30 16
36 3 20 6 10
36 23 16 10 10
36 13 3 10 10
36 23 26 26 20
36 23 26 10 16
36 13 13 26 20
36 13 13 10 16
36 26 23 16 20
36 26 23 36 16
36 26 23 0 16
36 26 3 20 36
36 26 3 20 0
36 3 0 26 30
36 3 36 26 30
36 3 0 20 6
36 3 36 20 6
36 3 20 16 26
36 23 16 20 26
36 13 3 20 26
36 23 0 16 10
36 23 36 16 10
36 23 0 26 26
36 23 36 26 26
36 13 23 16 10
36 13 23 26 26
36 0 13 26 10
36 36 13 26 10
36 0 13 36 26
36 36 13 36 26
36 0 13 0 26
36 36 13 0 26
36 0 3 10 36
36 36 3 10 36
36 0 3 10 0
36 36 3 10 0
36 3 33 10 6
36 3 33 16 30
36 3 13 20 10
36 16 23 10 10
36 20 3 10 10
36 16 33 26 20
36 16 33 10 16
36 20 13 26 20
36 20 13 10 16
36 33 23 16 20
36 33 23 36 16
36 33 23 0 16
36 33 3 20 36
36 33 3 20 0
36 3 7 26 16
36 3 7 6 20
36 3 13 30 26
36 16 23 20 26
36 20 3 20 26
36 16 7 16 10
36 16 7 26 26
36 20 23 16 10
36 20 23 26 26
36 7 13 26 10
36 7 13 36 26
36 7 13 0 26
36 7 3 10 36
36 7 3 10 0
36 10 29 4 16
36 10 29 20 20
36 10 13 16 4
36 23 23 6 4
36 13 10 6 4
36 23 29 30 10
36 23 29 4 26
36 13 16 30 10
36 13 16 4 26
36 29 20 26 10
36 29 20 36 26
36 29 20 0 26
36 29 10 10 36
36 29 10 10 0
36 26 3 4 16
36 26 3 20 20
36 26 23 16 4
36 13 13 26 4
36 23 26 26 4
36 13 3 10 30
36 13 3 4 6
36 23 16 10 30
36 23 16 4 6
36 3 20 6 30
36 3 20 36 6
36 3 20 0 6
36 3 26 30 36
36 3 26 30 0
36 10 33 32 20
36 10 33 16 16
36 10 13 20 32
36 23 23 10 32
36 13 10 10 32
36 23 33 26 6
36 23 33 32 30
36 13 20 26 6
36 13 20 32 30
36 33 16 30 6
36 33 16 36 30
36 33 16 0 30
36 33 10 6 36
36 33 10 6 0
36 26 7 32 20
36 26 7 16 16
36 26 23 20 32
36 13 13 30 32
36 23 26 30 32
36 13 7 6 26
36 13 7 32 10
36 23 20 6 26
36 23 20 32 10
36 7 16 10 26
36 7 16 36 10
36 7 16 0 10
36 7 26 26 36
36 7 26 26 0
36 33 29 10 20
36 33 29 30 16
36 33 23 6 10
36 20 13 16 10
36 16 33 16 10
36 20 29 20 26
36 20 29 10 10
36 16 13 20 26
36 16 13 10 10
36 29 23 10 26
36 29 23 36 10
36 29 23 0 10
36 29 33 26 36
36 29 33 26 0
36 33 3 26 30
36 33 3 20 6
36 33 23 16 26
36 20 13 26 26
36 16 33 26 26
36 20 3 10 16
36 20 3 26 20
36 16 23 10 16
36 16 23 26 20
36 3 13 20 16
36 3 13 36 20
36 3 13 0 20
36 3 33 16 36
36 3 33 16 0
36 33 0 10 6
36 33 36 10 6
36 33 0 16 30
36 33 36 16 30
36 33 16 20 10
36 13 20 16 10
36 23 33 16 10
36 13 0 20 26
36 13 36 20 26
36 13 0 10 10
36 13 36 10 10
36 23 13 20 26
36 23 13 10 10
36 0 23 10 26
36 36 23 10 26
36 0 23 36 10
36 36 23 36 10
36 0 23 0 10
36 36 23 0 10
36 0 33 26 36
36 36 33 26 36
36 0 33 26 0
36 36 33 26 0
36 33 10 26 16
36 33 10 6 20
36 33 16 30 26
36 13 20 26 26
36 23 33 26 26
36 13 10 10 16
36 13 10 26 20
36 23 23 10 16
36 23 23 26 20
36 10 13 20 16
36 10 13 36 20
36 10 13 0 20
36 10 33 16 36
36 10 33 16 0
36 7 26 10 16
36 7 26 26 20
36 7 16 10 10
36 23 20 6 10
36 13 7 6 10
36 23 26 30 16
36 23 26 10 20
36 13 13 30 16
36 13 13 10 20
36 26 23 20 16
36 26 23 36 20
36 26 23 0 20
36 26 7 16 36
36 26 7 16 0
36 29 33 10 16
36 29 33 26 20
36 29 23 10 10
36 16 13 20 10
36 20 29 20 10
36 16 33 16 30
36 16 33 10 6
36 20 13 16 30
36 20 13 10 6
36 33 23 6 30
36 33 23 36 6
36 33 23 0 6
36 33 29 30 36
36 33 29 30 0
36 7 0 26 26
36 7 36 26 26
36 7 0 16 10
36 7 36 16 10
36 7 16 20 26
36 23 20 16 26
36 13 7 16 26
36 23 0 20 6
36 23 36 20 6
36 23 0 26 30
36 23 36 26 30
36 13 23 20 6
36 13 23 26 30
36 0 13 30 6
36 36 13 30 6
36 0 13 36 30
36 36 13 36 30
36 0 13 0 30
36 36 13 0 30
36 0 7 6 36
36 36 7 6 36
36 0 7 6 0
36 36 7 6 0
36 29 7 26 26
36 29 7 16 10
36 29 23 20 26
36 16 13 30 26
36 20 29 30 26
36 16 7 6 20
36 16 7 26 16
36 20 23 6 20
36 20 23 26 16
36 7 13 16 20
36 7 13 36 16
36 7 13 0 16
36 7 29 20 36
36 7 29 20 0
36 0 29 4 26
36 36 29 4 26
36 0 29 30 10
36 36 29 30 10
36 0 23 6 4
36 36 23 6 4
36 23 13 16 4
36 13 0 16 4
36 13 36 16 4
36 23 29 20 20
36 23 29 4 16
36 13 16 20 20
36 13 16 4 16
36 29 20 16 20
36 29 20 36 16
36 29 20 0 16
36 29 0 20 36
36 29 36 20 36
36 29 0 20 0
36 29 36 20 0
36 0 33 32 30
36 36 33 32 30
36 0 33 26 6
36 36 33 26 6
36 0 23 10 32
36 36 23 10 32
36 23 13 20 32
36 13 0 20 32
36 13 36 20 32
36 23 33 16 16
36 23 33 32 20
36 13 20 16 16
36 13 20 32 20
36 33 16 20 16
36 33 16 36 20
36 33 16 0 20
36 33 0 16 36
36 33 36 16 36
36 33 0 16 0
36 33 36 16 0
48 6 3 4 0
48 6 3 4 48
48 42 9 4 0
48 42 9 4 48
48 3 39 22 0
48 3 39 22 48
48 3 13 26 22
48 3 13 0 26
48 3 13 48 26
48 16 35 4 22
48 16 35 26 26
48 32 3 4 22
48 16 13 22 4
48 32 3 26 26
48 29 35 0 4
48 29 35 48 4
48 32 29 22 4
48 13 19 32 4
48 19 16 0 4
48 19 16 48 4
48 13 3 16 36
48 35 32 32 4
48 13 3 4 12
48 35 16 16 36
48 35 16 4 12
48 3 32 0 36
48 3 32 48 36
48 3 32 36 12
48 3 20 12 0
48 3 20 12 48
48 23 28 4 0
48 23 28 4 48
48 25 3 4 0
48 25 3 4 48
48 6 7 44 4
48 42 13 44 4
48 7 35 22 4
48 7 9 26 26
48 7 9 4 22
48 16 39 44 26
48 16 39 22 22
48 32 7 44 26
48 16 13 26 44
48 32 7 22 22
48 29 35 4 44
48 32 29 26 44
48 13 19 36 44
48 19 16 4 44
48 13 7 12 32
48 35 32 36 44
48 13 7 44 16
48 35 20 12 32
48 35 20 44 16
48 7 28 4 32
48 7 28 36 16
48 7 16 12 4
48 23 32 44 4
48 25 7 44 4
48 6 7 0 44
48 6 7 48 44
48 42 13 0 44
48 42 13 48 44
48 7 35 26 44
48 7 13 22 22
48 7 13 44 26
48 20 35 0 22
48 20 35 48 22
48 20 35 22 26
48 28 7 0 22
48 28 7 48 22
48 20 9 26 0
48 20 9 26 48
48 28 7 22 26
48 29 39 44 0
48 29 39 44 48
48 28 29 26 0
48 28 29 26 48
48 9 19 36 0
48 9 19 36 48
48 19 20 44 0
48 19 20 44 48
48 9 7 12 36
48 39 28 36 0
48 39 28 36 48
48 9 7 0 12
48 9 7 48 12
48 39 16 12 36
48 39 16 0 12
48 39 16 48 12
48 7 32 44 36
48 7 32 32 12
48 7 16 16 44
48 23 32 0 44
48 23 32 48 44
48 25 7 0 44
48 25 7 48 44
48 13 41 10 4
48 35 6 10 4
48 41 42 22 4
48 41 16 26 26
48 41 16 4 22
48 9 32 10 26
48 9 32 36 22
48 39 41 10 26
48 9 20 12 10
48 39 41 36 22
48 29 28 4 10
48 39 29 12 10
48 20 19 22 10
48 19 9 4 10
48 20 41 26 32
48 28 39 22 10
48 20 41 10 16
48 28 13 26 32
48 28 13 10 16
48 41 35 4 32
48 41 35 36 16
48 41 23 12 4
48 16 25 10 4
48 32 41 10 4
48 13 41 14 44
48 35 6 14 44
48 41 42 26 44
48 41 20 22 22
48 41 20 44 26
48 13 28 14 22
48 13 28 36 26
48 35 41 14 22
48 13 16 12 14
48 35 41 36 26
48 29 32 44 14
48 35 29 12 14
48 16 19 22 14
48 19 13 44 14
48 16 41 26 36
48 32 35 22 14
48 16 41 14 12
48 32 9 26 36
48 32 9 14 12
48 41 39 44 36
48 41 39 32 12
48 41 23 16 44
48 16 25 14 44
48 32 41 14 44
48 13 3 38 14
48 35 16 38 14
48 3 32 22 14
48 3 6 26 36
48 3 6 14 12
48 9 42 38 36
48 9 42 26 12
48 39 3 38 36
48 9 20 22 38
48 39 3 26 12
48 29 28 14 38
48 39 29 22 38
48 20 19 32 38
48 19 9 14 38
48 20 3 16 22
48 28 39 32 38
48 20 3 38 26
48 28 23 16 22
48 28 23 38 26
48 3 25 14 22
48 3 25 36 26
48 3 13 12 14
48 16 35 38 14
48 32 3 38 14
48 13 3 4 34
48 35 16 4 34
48 3 32 36 34
48 3 20 12 22
48 3 20 34 26
48 23 28 4 22
48 23 28 26 26
48 25 3 4 22
48 23 6 22 4
48 25 3 26 26
48 29 42 34 4
48 25 29 22 4
48 6 19 32 4
48 19 23 34 4
48 6 3 16 36
48 42 25 32 4
48 6 3 4 12
48 42 9 16 36
48 42 9 4 12
48 3 39 34 36
48 3 39 22 12
48 3 13 26 34
48 16 35 4 34
48 32 3 4 34
48 13 7 34 10
48 35 20 34 10
48 7 28 26 10
48 7 6 22 36
48 7 6 10 12
48 13 42 34 36
48 13 42 22 12
48 35 7 34 36
48 13 16 26 34
48 35 7 22 12
48 29 32 10 34
48 35 29 26 34
48 16 19 36 34
48 19 13 10 34
48 16 7 12 22
48 32 35 36 34
48 16 7 34 26
48 32 23 12 22
48 32 23 34 26
48 7 25 10 22
48 7 25 32 26
48 7 9 16 10
48 16 39 34 10
48 32 7 34 10
48 13 7 44 38
48 35 20 44 38
48 7 28 36 38
48 7 16 12 26
48 7 16 38 22
48 23 32 44 26
48 23 32 22 22
48 25 7 44 26
48 23 6 26 44
48 25 7 22 22
48 29 42 38 44
48 25 29 26 44
48 6 19 36 44
48 19 23 38 44
48 6 7 12 32
48 42 25 36 44
48 6 7 44 16
48 42 13 12 32
48 42 13 44 16
48 7 35 38 32
48 7 35 22 16
48 7 9 26 38
48 16 39 44 38
48 32 7 44 38
48 20 41 0 10
48 20 41 48 10
48 28 13 0 10
48 28 13 48 10
48 41 35 26 10
48 41 13 22 36
48 41 13 10 12
48 6 35 0 36
48 6 35 48 36
48 6 35 36 12
48 42 41 0 36
48 42 41 48 36
48 6 23 12 0
48 6 23 12 48
48 42 41 36 12
48 29 25 10 0
48 29 25 10 48
48 42 29 12 0
48 42 29 12 48
48 23 19 22 0
48 23 19 22 48
48 19 6 10 0
48 19 6 10 48
48 23 41 26 22
48 25 42 22 0
48 25 42 22 48
48 23 41 0 26
48 23 41 48 26
48 25 16 26 22
48 25 16 0 26
48 25 16 48 26
48 41 32 10 22
48 41 32 32 26
48 41 16 16 10
48 9 32 0 10
48 9 32 48 10
48 39 41 0 10
48 39 41 48 10
48 20 41 10 38
48 28 13 10 38
48 41 35 36 38
48 41 23 12 26
48 41 23 38 22
48 16 25 10 26
48 16 25 36 22
48 32 41 10 26
48 16 13 12 10
48 32 41 36 22
48 29 35 38 10
48 32 29 12 10
48 13 19 22 10
48 19 16 38 10
48 13 41 26 32
48 35 32 22 10
48 13 41 10 16
48 35 6 26 32
48 35 6 10 16
48 41 42 38 32
48 41 42 22 16
48 41 16 26 38
48 9 32 10 38
48 39 41 10 38
48 20 3 38 0
48 20 3 38 48
48 28 23 38 0
48 28 23 38 48
48 3 25 36 0
48 3 25 36 48
48 3 13 12 36
48 3 13 0 12
48 3 13 48 12
48 16 35 38 36
48 16 35 26 12
48 32 3 38 36
48 16 13 22 38
48 32 3 26 12
48 29 35 0 38
48 29 35 48 38
48 32 29 22 38
48 13 19 32 38
48 19 16 0 38
48 19 16 48 38
48 13 3 16 22
48 35 32 32 38
48 13 3 38 26
48 35 16 16 22
48 35 16 38 26
48 3 32 0 22
48 3 32 48 22
48 3 32 22 26
48 3 6 26 0
48 3 6 26 48
48 9 42 38 0
48 9 42 38 48
48 39 3 38 0
48 39 3 38 48
48 9 45 10 0
48 9 45 10 48
48 39 6 10 0
48 39 6 10 48
48 45 42 22 0
48 45 42 22 48
48 45 16 26 22
48 45 16 0 26
48 45 16 48 26
48 13 32 10 22
48 13 32 32 26
48 35 45 10 22
48 13 16 16 10
48 35 45 32 26
48 29 32 0 10
48 29 32 48 10
48 35 29 16 10
48 16 19 26 10
48 19 13 0 10
48 19 13 48 10
48 16 45 22 36
48 32 35 26 10
48 16 45 10 12
48 32 13 22 36
48 32 13 10 12
48 45 35 0 36
48 45 35 48 36
48 45 35 36 12
48 45 23 12 0
48 45 23 12 48
48 20 25 10 0
48 20 25 10 48
48 28 45 10 0
48 28 45 10 48
48 9 7 38 10
48 39 16 38 10
48 7 32 22 10
48 7 6 26 32
48 7 6 10 16
48 13 42 38 32
48 13 42 22 16
48 35 7 38 32
48 13 16 26 38
48 35 7 22 16
48 29 32 10 38
48 35 29 26 38
48 16 19 36 38
48 19 13 10 38
48 16 7 12 26
48 32 35 36 38
48 16 7 38 22
48 32 23 12 26
48 32 23 38 22
48 7 25 10 26
48 7 25 36 22
48 7 13 12 10
48 20 35 38 10
48 28 7 38 10
48 9 7 0 38
48 9 7 48 38
48 39 16 0 38
48 39 16 48 38
48 7 32 32 38
48 7 16 16 22
48 7 16 38 26
48 23 32 0 22
48 23 32 48 22
48 23 32 22 26
48 25 7 0 22
48 25 7 48 22
48 23 6 26 0
48 23 6 26 48
48 25 7 22 26
48 29 42 38 0
48 29 42 38 48
48 25 29 26 0
48 25 29 26 48
48 6 19 36 0
48 6 19 36 48
48 19 23 38 0
48 19 23 38 48
48 6 7 12 36
48 42 25 36 0
48 42 25 36 48
48 6 7 0 12
48 6 7 48 12
48 42 13 12 36
48 42 13 0 12
48 42 13 48 12
48 7 35 38 36
48 7 35 26 12
48 7 13 22 38
48 20 35 0 38
48 20 35 48 38
48 28 7 0 38
48 28 7 48 38
48 16 41 4 10
48 32 9 4 10
48 41 39 22 10
48 41 13 26 32
48 41 13 10 16
48 6 35 4 32
48 6 35 36 16
48 42 41 4 32
48 6 23 12 4
48 42 41 36 16
48 29 25 10 4
48 42 29 12 4
48 23 19 22 4
48 19 6 10 4
48 23 41 26 26
48 25 42 22 4
48 23 41 4 22
48 25 16 26 26
48 25 16 4 22
48 41 32 10 26
48 41 32 36 22
48 41 20 12 10
48 13 28 4 10
48 35 41 4 10
48 16 41 14 38
48 32 9 14 38
48 41 39 32 38
48 41 23 16 22
48 41 23 38 26
48 16 25 14 22
48 16 25 36 26
48 32 41 14 22
48 16 13 12 14
48 32 41 36 26
48 29 35 38 14
48 32 29 12 14
48 13 19 22 14
48 19 16 38 14
48 13 41 26 36
48 35 32 22 14
48 13 41 14 12
48 35 6 26 36
48 35 6 14 12
48 41 42 38 36
48 41 42 26 12
48 41 20 22 38
48 13 28 14 38
48 35 41 14 38
48 16 45 44 14
48 32 13 44 14
48 45 35 22 14
48 45 9 26 36
48 45 9 14 12
48 6 39 44 36
48 6 39 32 12
48 42 45 44 36
48 6 23 16 44
48 42 45 32 12
48 29 25 14 44
48 42 29 16 44
48 23 19 26 44
48 19 6 14 44
48 23 45 22 22
48 25 42 26 44
48 23 45 44 26
48 25 20 22 22
48 25 20 44 26
48 45 28 14 22
48 45 28 36 26
48 45 16 12 14
48 13 32 44 14
48 35 45 44 14
48 16 45 10 34
48 32 13 10 34
48 45 35 36 34
48 45 23 12 22
48 45 23 34 26
48 20 25 10 22
48 20 25 32 26
48 28 45 10 22
48 20 9 16 10
48 28 45 32 26
48 29 39 34 10
48 28 29 16 10
48 9 19 26 10
48 19 20 34 10
48 9 45 22 36
48 39 28 26 10
48 9 45 10 12
48 39 6 22 36
48 39 6 10 12
48 45 42 34 36
48 45 42 22 12
48 45 16 26 34
48 13 32 10 34
48 35 45 10 34
48 16 7 34 4
48 32 23 34 4
48 7 25 32 4
48 7 9 16 36
48 7 9 4 12
48 16 39 34 36
48 16 39 22 12
48 32 7 34 36
48 16 13 26 34
48 32 7 22 12
48 29 35 4 34
48 32 29 26 34
48 13 19 36 34
48 19 16 4 34
48 13 7 12 22
48 35 32 36 34
48 13 7 34 26
48 35 20 12 22
48 35 20 34 26
48 7 28 4 22
48 7 28 26 26
48 7 6 22 4
48 13 42 34 4
48 35 7 34 4
48 16 7 38 44
48 32 23 38 44
48 7 25 36 44
48 7 13 12 32
48 7 13 44 16
48 20 35 38 32
48 20 35 22 16
48 28 7 38 32
48 20 9 26 38
48 28 7 22 16
48 29 39 44 38
48 28 29 26 38
48 9 19 36 38
48 19 20 44 38
48 9 7 12 26
48 39 28 36 38
48 9 7 38 22
48 39 16 12 26
48 39 16 38 22
48 7 32 44 26
48 7 32 22 22
48 7 6 26 44
48 13 42 38 44
48 35 7 38 44
48 23 41 0 4
48 23 41 48 4
48 25 16 0 4
48 25 16 48 4
48 41 32 32 4
48 41 16 16 36
48 41 16 4 12
48 9 32 0 36
48 9 32 48 36
48 9 32 36 12
48 39 41 0 36
48 39 41 48 36
48 9 20 12 0
48 9 20 12 48
48 39 41 36 12
48 29 28 4 0
48 29 28 4 48
48 39 29 12 0
48 39 29 12 48
48 20 19 22 0
48 20 19 22 48
48 19 9 4 0
48 19 9 4 48
48 20 41 26 22
48 28 39 22 0
48 28 39 22 48
48 20 41 0 26
48 20 41 48 26
48 28 13 26 22
48 28 13 0 26
48 28 13 48 26
48 41 35 4 22
48 41 35 26 26
48 41 13 22 4
48 6 35 0 4
48 6 35 48 4
48 42 41 0 4
48 42 41 48 4
48 23 41 4 44
48 25 16 4 44
48 41 32 36 44
48 41 20 12 32
48 41 20 44 16
48 13 28 4 32
48 13 28 36 16
48 35 41 4 32
48 13 16 12 4
48 35 41 36 16
48 29 32 44 4
48 35 29 12 4
48 16 19 22 4
48 19 13 44 4
48 16 41 26 26
48 32 35 22 4
48 16 41 4 22
48 32 9 26 26
48 32 9 4 22
48 41 39 44 26
48 41 39 22 22
48 41 13 26 44
48 6 35 4 44
48 42 41 4 44
48 23 45 44 0
48 23 45 44 48
48 25 20 44 0
48 25 20 44 48
48 45 28 36 0
48 45 28 36 48
48 45 16 12 36
48 45 16 0 12
48 45 16 48 12
48 13 32 44 36
48 13 32 32 12
48 35 45 44 36
48 13 16 16 44
48 35 45 32 12
48 29 32 0 44
48 29 32 48 44
48 35 29 16 44
48 16 19 26 44
48 19 13 0 44
48 19 13 48 44
48 16 45 22 22
48 32 35 26 44
48 16 45 44 26
48 32 13 22 22
48 32 13 44 26
48 45 35 0 22
48 45 35 48 22
48 45 35 22 26
48 45 9 26 0
48 45 9 26 48
48 6 39 44 0
48 6 39 44 48
48 42 45 44 0
48 42 45 44 48
16 2 1 0 2
16 2 1 16 2
16 2 1 2 14
16 2 3 14 0
16 2 3 14 16
16 5 13 4 0
16 5 13 4 16
16 5 1 12 4
16 11 2 4 0
16 11 2 4 16
16 11 6 12 4
16 5 1 0 12
16 5 1 16 12
16 1 10 8 4
16 11 6 0 12
16 11 6 16 12
16 1 2 8 12
16 1 10 12 12
16 1 6 4 8
16 1 2 4 4
16 7 10 0 8
16 7 10 16 8
16 1 6 12 8
16 9 1 0 8
16 9 1 16 8
16 7 10 8 8
16 7 2 8 0
16 7 2 8 16
16 9 1 8 8
16 9 9 8 0
16 9 9 8 16
16 2 7 10 0
16 2 7 10 16
16 2 1 6 10
16 2 1 0 6
16 2 1 16 6
16 14 3 0 2
16 14 3 16 2
16 14 3 2 14
16 14 5 14 0
16 14 5 14 16
16 3 11 8 0
16 3 11 8 16
16 3 3 8 8
16 13 14 8 0
16 13 14 8 16
16 13 6 8 8
16 3 3 0 8
16 3 3 16 8
16 3 10 4 8
16 13 6 0 8
16 13 6 16 8
16 3 14 12 12
16 3 10 12 8
16 3 6 4 4
16 3 14 8 4
16 9 10 0 4
16 9 10 16 4
16 3 6 8 12
16 7 3 0 4
16 7 3 16 4
16 9 10 4 12
16 9 14 12 0
16 9 14 12 16
16 7 3 4 12
16 7 7 12 0
16 7 7 12 16
16 14 9 10 0
16 14 9 10 16
16 14 3 6 10
16 14 3 0 6
16 14 3 16 6
16 1 13 6 2
16 1 13 8 14
16 1 5 8 6
16 6 11 2 6
16 6 13 14 8
16 10 1 2 6
16 10 3 14 8
16 6 13 6 8
16 13 13 4 8
16 10 3 6 8
16 13 1 12 12
16 13 13 12 8
16 13 9 4 4
16 13 1 8 4
16 6 7 6 4
16 13 9 8 12
16 10 13 6 4
16 6 7 10 12
16 6 1 6 6
16 10 13 10 12
16 10 7 6 6
16 1 9 4 6
16 1 13 12 10
16 1 13 6 6
16 1 3 10 8
16 1 3 2 8
16 1 5 14 10
16 6 11 8 10
16 6 3 8 2
16 10 1 8 10
16 10 9 8 2
16 6 3 10 14
16 3 7 10 2
16 10 9 10 14
16 3 1 6 12
16 3 7 12 14
16 3 3 4 10
16 3 1 2 4
16 6 13 10 10
16 3 3 14 6
16 10 3 10 10
16 6 13 4 6
16 6 1 12 10
16 10 3 4 6
16 10 7 12 10
16 1 9 10 10
16 1 3 6 4
16 1 3 10 12
16 4 13 0 8
16 4 13 16 8
16 4 13 8 8
16 4 5 8 0
16 4 5 8 16
16 9 11 2 0
16 9 11 2 16
16 9 13 14 2
16 7 4 2 0
16 7 4 2 16
16 7 6 14 2
16 9 13 0 14
16 9 13 16 14
16 13 10 10 2
16 7 6 0 14
16 7 6 16 14
16 13 4 6 12
16 13 10 12 14
16 13 6 4 10
16 13 4 2 4
16 3 10 0 10
16 3 10 16 10
16 13 6 14 6
16 13 13 0 10
16 13 13 16 10
16 3 10 10 6
16 3 4 6 0
16 3 4 6 16
16 13 13 10 6
16 13 7 6 0
16 13 7 6 16
16 4 9 4 0
16 4 9 4 16
16 4 13 12 4
16 4 13 0 12
16 4 13 16 12
16 12 1 0 8
16 12 1 16 8
16 12 1 8 8
16 12 9 8 0
16 12 9 8 16
16 5 7 10 0
16 5 7 10 16
16 5 1 6 10
16 11 12 10 0
16 11 12 10 16
16 11 6 6 10
16 5 1 0 6
16 5 1 16 6
16 1 10 2 10
16 11 6 0 6
16 11 6 16 6
16 1 12 14 12
16 1 10 12 6
16 1 6 4 2
16 1 12 10 4
16 7 10 0 2
16 7 10 16 2
16 1 6 6 14
16 9 1 0 2
16 9 1 16 2
16 7 10 2 14
16 7 12 14 0
16 7 12 14 16
16 9 1 2 14
16 9 3 14 0
16 9 3 14 16
16 12 13 4 0
16 12 13 4 16
16 12 1 12 4
16 12 1 0 12
16 12 1 16 12
16 3 15 2 2
16 3 15 4 14
16 3 3 12 2
16 6 13 2 2
16 6 15 14 4
16 10 3 2 2
16 10 5 14 4
16 6 15 2 12
16 15 11 8 4
16 10 5 2 12
16 15 3 8 12
16 15 11 12 12
16 15 7 4 8
16 15 3 4 4
16 6 9 2 8
16 15 7 12 8
16 10 15 2 8
16 6 9 10 8
16 6 3 6 2
16 10 15 10 8
16 10 9 6 2
16 3 7 8 2
16 3 15 8 10
16 3 15 2 6
16 13 2 2 2
16 13 2 4 14
16 13 6 12 2
16 3 10 8 2
16 3 2 8 10
16 13 13 8 2
16 13 5 8 10
16 3 2 2 6
16 2 11 2 10
16 13 5 2 6
16 2 13 14 12
16 2 11 12 6
16 2 7 4 2
16 2 13 10 4
16 9 9 2 2
16 2 7 6 14
16 7 2 2 2
16 9 9 4 14
16 9 13 12 2
16 7 2 4 14
16 7 6 12 2
16 13 10 8 2
16 13 2 8 10
16 13 2 2 6
16 15 14 6 2
16 15 14 8 14
16 15 6 8 6
16 5 10 4 6
16 5 14 12 10
16 11 15 4 6
16 11 3 12 10
16 5 14 6 6
16 14 13 2 10
16 11 3 6 6
16 14 15 14 12
16 14 13 12 6
16 14 9 4 2
16 14 15 10 4
16 7 7 6 2
16 14 9 6 14
16 9 14 6 2
16 7 7 8 14
16 7 15 8 6
16 9 14 8 14
16 9 6 8 6
16 15 10 4 6
16 15 14 12 10
16 15 14 6 6
16 15 4 10 8
16 15 4 2 8
16 15 6 14 10
16 5 10 10 10
16 5 4 6 4
16 11 15 10 10
16 11 9 6 4
16 5 4 10 12
16 4 7 8 4
16 11 9 10 12
16 4 15 8 12
16 4 7 12 12
16 4 3 4 8
16 4 15 4 4
16 7 13 10 8
16 4 3 12 8
16 9 4 10 8
16 7 13 2 8
16 7 15 14 10
16 9 4 2 8
16 9 6 14 10
16 15 10 10 10
16 15 4 6 4
16 15 4 10 12
16 3 12 2 8
16 3 12 10 8
16 3 6 6 2
16 9 10 2 2
16 9 12 14 4
16 7 3 2 2
16 7 5 14 4
16 9 12 2 12
16 12 11 8 4
16 7 5 2 12
16 12 3 8 12
16 12 11 12 12
16 12 7 4 8
16 12 3 4 4
16 3 9 2 8
16 12 7 12 8
16 13 12 2 8
16 3 9 10 8
16 3 3 6 2
16 13 12 10 8
16 13 6 6 2
16 3 10 2 2
16 3 12 14 4
16 3 12 2 12
16 13 15 2 8
16 13 15 10 8
16 13 9 6 2
16 6 7 8 2
16 6 15 8 10
16 10 13 8 2
16 10 5 8 10
16 6 15 2 6
16 15 11 2 10
16 10 5 2 6
16 15 13 14 12
16 15 11 12 6
16 15 7 4 2
16 15 13 10 4
16 6 9 2 2
16 15 7 6 14
16 10 15 2 2
16 6 9 4 14
16 6 13 12 2
16 10 15 4 14
16 10 3 12 2
16 13 13 2 2
16 13 15 14 4
16 13 15 2 12
16 3 1 14 4
16 3 1 2 12
16 3 3 14 14
16 6 13 4 14
16 6 1 12 2
16 10 3 4 14
16 10 7 12 2
16 6 1 14 14
16 1 9 10 2
16 10 7 14 14
16 1 3 6 12
16 1 9 12 14
16 1 5 4 10
16 1 3 2 4
16 6 11 14 10
16 1 5 14 6
16 10 1 14 10
16 6 11 8 6
16 6 3 8 14
16 10 1 8 6
16 10 9 8 14
16 3 7 10 14
16 3 1 6 8
16 3 1 14 8
16 13 4 14 4
16 13 4 2 12
16 13 6 14 14
16 3 10 10 14
16 3 4 6 8
16 13 13 10 14
16 13 7 6 8
16 3 4 14 8
16 4 9 4 8
16 13 7 14 8
16 4 13 12 12
16 4 9 12 8
16 4 5 4 4
16 4 13 8 4
16 9 11 14 4
16 4 5 8 12
16 7 4 14 4
16 9 11 2 12
16 9 13 14 14
16 7 4 2 12
16 7 6 14 14
16 13 10 10 14
16 13 4 6 8
16 13 4 14 8
16 1 12 6 4
16 1 12 10 12
16 1 6 6 6
16 7 10 2 6
16 7 12 14 8
16 9 1 2 6
16 9 3 14 8
16 7 12 6 8
16 12 13 4 8
16 9 3 6 8
16 12 1 12 12
16 12 13 12 8
16 12 9 4 4
16 12 1 8 4
16 5 7 6 4
16 12 9 8 12
16 11 12 6 4
16 5 7 10 12
16 5 1 6 6
16 11 12 10 12
16 11 6 6 6
16 1 10 2 6
16 1 12 14 8
16 1 12 6 8
16 1 2 10 10
16 1 2 4 6
16 1 6 12 10
16 7 10 8 10
16 7 2 8 2
16 9 1 8 10
16 9 9 8 2
16 7 2 10 14
16 2 7 10 2
16 9 9 10 14
16 2 1 6 12
16 2 7 12 14
16 2 3 4 10
16 2 1 2 4
16 5 13 10 10
16 2 3 14 6
16 11 2 10 10
16 5 13 4 6
16 5 1 12 10
16 11 2 4 6
16 11 6 12 10
16 1 10 8 10
16 1 2 8 2
16 1 2 10 14
16 3 14 14 10
16 3 14 8 6
16 3 6 8 14
16 9 10 4 14
16 9 14 12 2
16 7 3 4 14
16 7 7 12 2
16 9 14 14 14
16 14 9 10 2
16 7 7 14 14
16 14 3 6 12
16 14 9 12 14
16 14 5 4 10
16 14 3 2 4
16 3 11 14 10
16 14 5 14 6
16 13 14 14 10
16 3 11 8 6
16 3 3 8 14
16 13 14 8 6
16 13 6 8 14
16 3 10 4 14
16 3 14 12 2
16 3 14 14 14
16 13 1 14 10
16 13 1 8 6
16 13 9 8 14
16 6 7 10 14
16 6 1 6 8
16 10 13 10 14
16 10 7 6 8
16 6 1 14 8
16 1 9 4 8
16 10 7 14 8
16 1 13 12 12
16 1 9 12 8
16 1 5 4 4
16 1 13 8 4
16 6 11 14 4
16 1 5 8 12
16 10 1 14 4
16 6 11 2 12
16 6 13 14 14
16 10 1 2 12
16 10 3 14 14
16 13 13 4 14
16 13 1 12 2
16 13 1 14 14
16 4 15 0 4
16 4 15 16 4
16 4 15 4 12
16 4 3 12 0
16 4 3 12 16
16 7 13 2 0
16 7 13 2 16
16 7 15 14 2
16 9 4 2 0
16 9 4 2 16
16 9 6 14 2
16 7 15 0 14
16 7 15 16 14
16 15 10 10 2
16 9 6 0 14
16 9 6 16 14
16 15 4 6 12
16 15 10 12 14
16 15 6 4 10
16 15 4 2 4
16 5 10 0 10
16 5 10 16 10
16 15 6 14 6
16 11 15 0 10
16 11 15 16 10
16 5 10 10 6
16 5 4 6 0
16 5 4 6 16
16 11 15 10 6
16 11 9 6 0
16 11 9 6 16
16 4 7 8 0
16 4 7 8 16
16 4 15 8 8
16 4 15 0 8
16 4 15 16 8
16 12 3 0 4
16 12 3 16 4
16 12 3 4 12
16 12 7 12 0
16 12 7 12 16
16 3 9 10 0
16 3 9 10 16
16 3 3 6 10
16 13 12 10 0
16 13 12 10 16
16 13 6 6 10
16 3 3 0 6
16 3 3 16 6
16 3 10 2 10
16 13 6 0 6
16 13 6 16 6
16 3 12 14 12
16 3 10 12 6
16 3 6 4 2
16 3 12 10 4
16 9 10 0 2
16 9 10 16 2
16 3 6 6 14
16 7 3 0 2
16 7 3 16 2
16 9 10 2 14
16 9 12 14 0
16 9 12 14 16
16 7 3 2 14
16 7 5 14 0
16 7 5 14 16
16 12 11 8 0
16 12 11 8 16
16 12 3 8 8
16 12 3 0 8
16 12 3 16 8
16 15 13 6 4
16 15 13 10 12
16 15 7 6 6
16 6 9 4 6
16 6 13 12 10
16 10 15 4 6
16 10 3 12 10
16 6 13 6 6
16 13 13 2 10
16 10 3 6 6
16 13 15 14 12
16 13 13 12 6
16 13 9 4 2
16 13 15 10 4
16 6 7 6 2
16 13 9 6 14
16 10 13 6 2
16 6 7 8 14
16 6 15 8 6
16 10 13 8 14
16 10 5 8 6
16 15 11 2 6
16 15 13 14 8
16 15 13 6 8
16 15 3 10 10
16 15 3 4 6
16 15 7 12 10
16 6 9 10 10
16 6 3 6 4
16 10 15 10 10
16 10 9 6 4
16 6 3 10 12
16 3 7 8 4
16 10 9 10 12
16 3 15 8 12
16 3 7 12 12
16 3 3 4 8
16 3 15 4 4
16 6 13 10 8
16 3 3 12 8
16 10 3 10 8
16 6 13 2 8
16 6 15 14 10
16 10 3 2 8
16 10 5 14 10
16 15 11 8 10
16 15 3 8 2
16 15 3 10 14
16 2 13 0 10
16 2 13 16 10
16 2 13 10 6
16 2 7 6 0
16 2 7 6 16
16 9 9 4 0
16 9 9 4 16
16 9 13 12 4
16 7 2 4 0
16 7 2 4 16
16 7 6 12 4
16 9 13 0 12
16 9 13 16 12
16 13 10 8 4
16 7 6 0 12
16 7 6 16 12
16 13 2 8 12
16 13 10 12 12
16 13 6 4 8
16 13 2 4 4
16 3 10 0 8
16 3 10 16 8
16 13 6 12 8
16 13 13 0 8
16 13 13 16 8
16 3 10 8 8
16 3 2 8 0
16 3 2 8 16
16 13 13 8 8
16 13 5 8 0
16 13 5 8 16
16 2 11 2 0
16 2 11 2 16
16 2 13 14 2
16 2 13 0 14
16 2 13 16 14
16 14 15 0 10
16 14 15 16 10
16 14 15 10 6
16 14 9 6 0
16 14 9 6 16
16 7 7 8 0
16 7 7 8 16
16 7 15 8 8
16 9 14 8 0
16 9 14 8 16
16 9 6 8 8
16 7 15 0 8
16 7 15 16 8
16 15 10 4 8
16 9 6 0 8
16 9 6 16 8
16 15 14 12 12
16 15 10 12 8
16 15 6 4 4
16 15 14 8 4
16 5 10 0 4
16 5 10 16 4
16 15 6 8 12
16 11 15 0 4
16 11 15 16 4
16 5 10 4 12
16 5 14 12 0
16 5 14 12 16
16 11 15 4 12
16 11 3 12 0
16 11 3 12 16
16 14 13 2 0
16 14 13 2 16
16 14 15 14 2
16 14 15 0 14
16 14 15 16 14
24 3 0 2 3
24 3 24 2 3
24 3 0 5 21
24 3 24 5 21
24 3 5 19 2
24 8 19 5 2
24 8 0 19 7
24 8 24 19 7
24 16 3 5 2
24 16 8 19 7
24 8 0 2 17
24 8 24 2 17
24 0 16 11 7
24 24 16 11 7
24 16 8 2 17
24 0 3 13 18
24 24 3 13 18
24 0 16 18 17
24 24 16 18 17
24 0 10 6 11
24 24 10 6 11
24 0 3 7 6
24 24 3 7 6
24 10 14 2 11
24 0 10 17 13
24 24 10 17 13
24 14 0 2 11
24 14 24 2 11
24 10 14 13 13
24 10 3 11 2
24 14 0 13 13
24 14 24 13 13
24 14 13 11 2
24 3 11 13 2
24 3 0 11 15
24 3 24 11 15
24 3 0 2 9
24 3 24 2 9
24 21 3 2 3
24 21 3 5 21
24 21 8 19 2
24 5 16 11 2
24 5 3 13 13
24 19 21 11 2
24 19 8 13 13
24 5 3 2 11
24 3 16 5 13
24 19 8 2 11
24 3 21 19 18
24 3 16 18 11
24 3 10 6 5
24 3 21 13 6
24 13 14 2 5
24 3 10 11 19
24 11 3 2 5
24 13 14 7 19
24 13 21 17 2
24 11 3 7 19
24 11 10 17 2
24 21 14 13 2
24 21 3 11 15
24 21 3 2 9
24 0 21 8 3
24 24 21 8 3
24 0 21 11 21
24 24 21 11 21
24 0 8 13 8
24 24 8 13 8
24 8 16 5 8
24 8 21 19 13
24 16 0 5 8
24 16 24 5 8
24 16 5 19 13
24 8 21 8 11
24 21 19 5 13
24 16 5 8 11
24 21 0 19 18
24 21 24 19 18
24 21 19 18 11
24 21 13 6 5
24 21 0 13 6
24 21 24 13 6
24 10 11 8 5
24 21 13 11 19
24 14 21 8 5
24 10 11 13 19
24 10 0 11 8
24 10 24 11 8
24 14 21 13 19
24 14 10 11 8
24 0 14 7 8
24 24 14 7 8
24 0 21 17 15
24 24 21 17 15
24 0 21 8 9
24 24 21 8 9
24 0 5 16 11
24 24 5 16 11
24 0 5 3 13
24 24 5 3 13
24 0 8 21 16
24 24 8 21 16
24 8 16 13 16
24 8 5 11 5
24 16 0 13 16
24 16 24 13 16
24 16 13 11 5
24 8 5 16 19
24 5 11 13 5
24 16 13 16 19
24 5 0 11 18
24 5 24 11 18
24 5 11 18 19
24 5 5 6 13
24 5 0 5 6
24 5 24 5 6
24 10 19 16 13
24 5 5 19 11
24 14 5 16 13
24 10 19 5 11
24 10 0 19 16
24 10 24 19 16
24 14 5 5 11
24 14 10 19 16
24 0 14 15 16
24 24 14 15 16
24 0 5 9 7
24 24 5 9 7
24 0 5 16 17
24 24 5 16 17
24 5 19 2 11
24 5 19 13 13
24 5 8 11 2
24 13 16 3 2
24 13 19 21 5
24 11 5 3 2
24 11 8 21 5
24 13 19 2 19
24 19 16 13 5
24 11 8 2 19
24 19 5 11 18
24 19 16 18 19
24 19 10 6 13
24 19 5 5 6
24 5 14 2 13
24 19 10 19 11
24 19 19 2 13
24 5 14 15 11
24 5 5 9 2
24 19 19 15 11
24 19 10 9 2
24 5 14 5 2
24 5 19 19 7
24 5 19 2 17
24 19 0 2 11
24 19 24 2 11
24 19 0 13 13
24 19 24 13 13
24 19 13 11 2
24 8 11 13 2
24 8 0 11 15
24 8 24 11 15
24 16 19 13 2
24 16 8 11 15
24 8 0 2 9
24 8 24 2 9
24 0 16 3 15
24 24 16 3 15
24 16 8 2 9
24 0 19 21 18
24 24 19 21 18
24 0 16 18 9
24 24 16 18 9
24 0 10 6 3
24 24 10 6 3
24 0 19 15 6
24 24 19 15 6
24 10 14 2 3
24 0 10 9 21
24 24 10 9 21
24 14 0 2 3
24 14 24 2 3
24 10 14 5 21
24 10 19 19 2
24 14 0 5 21
24 14 24 5 21
24 14 5 19 2
24 19 19 5 2
24 19 0 19 7
24 19 24 19 7
24 19 0 2 17
24 19 24 2 17
24 3 2 22 5
24 3 2 3 19
24 3 5 21 22
24 8 19 7 22
24 8 2 17 5
24 16 3 7 22
24 16 10 17 5
24 8 2 22 19
24 2 14 13 5
24 16 10 22 19
24 2 3 11 18
24 2 14 18 19
24 2 8 6 13
24 2 3 5 6
24 10 16 22 13
24 2 8 19 11
24 14 2 22 13
24 10 16 11 11
24 10 3 13 22
24 14 2 11 11
24 14 13 13 22
24 3 11 15 22
24 3 2 9 13
24 3 2 22 11
24 21 5 22 5
24 21 5 3 19
24 21 8 21 22
24 5 16 13 22
24 5 5 11 11
24 19 21 13 22
24 19 10 11 11
24 5 5 22 13
24 5 14 7 11
24 19 10 22 13
24 5 21 17 18
24 5 14 18 13
24 5 8 6 7
24 5 21 11 6
24 13 16 22 7
24 5 8 13 17
24 11 5 22 7
24 13 16 5 17
24 13 21 19 22
24 11 5 5 17
24 11 10 19 22
24 21 14 15 22
24 21 5 9 13
24 21 5 22 11
24 2 19 8 5
24 2 19 13 19
24 2 8 11 8
24 10 16 3 8
24 10 19 21 11
24 14 2 3 8
24 14 5 21 11
24 10 19 8 13
24 19 19 7 11
24 14 5 8 13
24 19 2 17 18
24 19 19 18 13
24 19 13 6 7
24 19 2 11 6
24 8 11 8 7
24 19 13 13 17
24 16 19 8 7
24 8 11 15 17
24 8 2 9 8
24 16 19 15 17
24 16 10 9 8
24 2 14 5 8
24 2 19 19 13
24 2 19 8 11
24 2 3 16 13
24 2 3 5 11
24 2 8 19 16
24 10 16 11 16
24 10 3 13 3
24 14 2 11 16
24 14 13 13 3
24 10 3 16 21
24 3 11 15 3
24 14 13 16 21
24 3 2 9 18
24 3 11 18 21
24 3 5 6 15
24 3 2 3 6
24 8 19 16 15
24 3 5 21 9
24 16 3 16 15
24 8 19 7 9
24 8 2 17 16
24 16 3 7 9
24 16 10 17 16
24 2 14 13 16
24 2 3 11 5
24 2 3 16 19
24 5 21 22 13
24 5 21 11 11
24 5 8 13 22
24 13 16 5 22
24 13 21 19 3
24 11 5 5 22
24 11 10 19 3
24 13 21 22 21
24 21 14 15 3
24 11 10 22 21
24 21 5 9 18
24 21 14 18 21
24 21 8 6 15
24 21 5 3 6
24 5 16 22 15
24 21 8 21 9
24 19 21 22 15
24 5 16 13 9
24 5 5 11 22
24 19 21 13 9
24 19 10 11 22
24 5 14 7 22
24 5 21 17 5
24 5 21 22 19
24 19 2 22 13
24 19 2 11 11
24 19 13 13 22
24 8 11 15 22
24 8 2 9 13
24 16 19 15 22
24 16 10 9 13
24 8 2 22 11
24 2 14 5 13
24 16 10 22 11
24 2 19 19 18
24 2 14 18 11
24 2 8 6 5
24 2 19 13 6
24 10 16 22 5
24 2 8 11 19
24 14 2 22 5
24 10 16 3 19
24 10 19 21 22
24 14 2 3 19
24 14 5 21 22
24 19 19 7 22
24 19 2 17 5
24 19 2 22 19
24 5 22 2 5
24 5 22 7 19
24 5 5 17 2
24 10 19 3 2
24 10 22 21 5
24 14 5 3 2
24 14 8 21 5
24 10 22 2 19
24 22 16 13 5
24 14 8 2 19
24 22 5 11 18
24 22 16 18 19
24 22 10 6 13
24 22 5 5 6
24 8 14 2 13
24 22 10 19 11
24 16 22 2 13
24 8 14 15 11
24 8 5 9 2
24 16 22 15 11
24 16 13 9 2
24 5 11 11 2
24 5 22 13 13
24 5 22 2 11
24 19 3 2 5
24 19 3 7 19
24 19 10 17 2
24 5 14 13 2
24 5 3 11 15
24 19 19 13 2
24 19 8 11 15
24 5 3 2 9
24 3 16 3 15
24 19 8 2 9
24 3 19 21 18
24 3 16 18 9
24 3 10 6 3
24 3 19 15 6
24 13 14 2 3
24 3 10 9 21
24 11 3 2 3
24 13 14 5 21
24 13 19 19 2
24 11 3 5 21
24 11 8 19 2
24 19 16 11 2
24 19 3 13 13
24 19 3 2 11
24 22 21 8 5
24 22 21 13 19
24 22 10 11 8
24 8 14 7 8
24 8 21 17 15
24 16 22 7 8
24 16 5 17 15
24 8 21 8 9
24 21 19 3 15
24 16 5 8 9
24 21 22 21 18
24 21 19 18 9
24 21 13 6 3
24 21 22 15 6
24 10 11 8 3
24 21 13 9 21
24 14 21 8 3
24 10 11 11 21
24 10 22 13 8
24 14 21 11 21
24 14 8 13 8
24 22 16 5 8
24 22 21 19 13
24 22 21 8 11
24 22 5 16 13
24 22 5 5 11
24 22 10 19 16
24 8 14 15 16
24 8 5 9 7
24 16 22 15 16
24 16 13 9 7
24 8 5 16 17
24 5 11 11 7
24 16 13 16 17
24 5 22 13 18
24 5 11 18 17
24 5 5 6 11
24 5 22 7 6
24 10 19 16 11
24 5 5 17 13
24 14 5 16 11
24 10 19 3 13
24 10 22 21 16
24 14 5 3 13
24 14 8 21 16
24 22 16 13 16
24 22 5 11 5
24 22 5 16 19
24 3 19 2 13
24 3 19 15 11
24 3 10 9 2
24 13 14 5 2
24 13 19 19 7
24 11 3 5 2
24 11 8 19 7
24 13 19 2 17
24 19 16 11 7
24 11 8 2 17
24 19 3 13 18
24 19 16 18 17
24 19 10 6 11
24 19 3 7 6
24 5 14 2 11
24 19 10 17 13
24 19 19 2 11
24 5 14 13 13
24 5 3 11 2
24 19 19 13 13
24 19 8 11 2
24 3 16 3 2
24 3 19 21 5
24 3 19 2 19
24 21 22 2 13
24 21 22 15 11
24 21 13 9 2
24 10 11 11 2
24 10 22 13 13
24 14 21 11 2
24 14 8 13 13
24 10 22 2 11
24 22 16 5 13
24 14 8 2 11
24 22 21 19 18
24 22 16 18 11
24 22 10 6 5
24 22 21 13 6
24 8 14 2 5
24 22 10 11 19
24 16 22 2 5
24 8 14 7 19
24 8 21 17 2
24 16 22 7 19
24 16 5 17 2
24 21 19 3 2
24 21 22 21 5
24 21 22 2 19
24 5 0 22 7
24 5 24 22 7
24 5 0 5 17
24 5 24 5 17
24 5 5 19 22
24 10 19 5 22
24 10 0 19 3
24 10 24 19 3
24 14 5 5 22
24 14 10 19 3
24 10 0 22 21
24 10 24 22 21
24 0 14 15 3
24 24 14 15 3
24 14 10 22 21
24 0 5 9 18
24 24 5 9 18
24 0 14 18 21
24 24 14 18 21
24 0 8 6 15
24 24 8 6 15
24 0 5 3 6
24 24 5 3 6
24 8 16 22 15
24 0 8 21 9
24 24 8 21 9
24 16 0 22 15
24 16 24 22 15
24 8 16 13 9
24 8 5 11 22
24 16 0 13 9
24 16 24 13 9
24 16 13 11 22
24 5 11 13 22
24 5 0 11 11
24 5 24 11 11
24 5 0 22 13
24 5 24 22 13
24 19 5 22 7
24 19 5 5 17
24 19 10 19 22
24 5 14 15 22
24 5 5 9 13
24 19 19 15 22
24 19 10 9 13
24 5 5 22 11
24 5 14 5 13
24 19 10 22 11
24 5 19 19 18
24 5 14 18 11
24 5 8 6 5
24 5 19 13 6
24 13 16 22 5
24 5 8 11 19
24 11 5 22 5
24 13 16 3 19
24 13 19 21 22
24 11 5 3 19
24 11 8 21 22
24 19 16 13 22
24 19 5 11 11
24 19 5 22 13
24 0 19 8 7
24 24 19 8 7
24 0 19 15 17
24 24 19 15 17
24 0 10 9 8
24 24 10 9 8
24 10 14 5 8
24 10 19 19 13
24 14 0 5 8
24 14 24 5 8
24 14 5 19 13
24 10 19 8 11
24 19 19 5 13
24 14 5 8 11
24 19 0 19 18
24 19 24 19 18
24 19 19 18 11
24 19 13 6 5
24 19 0 13 6
24 19 24 13 6
24 8 11 8 5
24 19 13 11 19
24 16 19 8 5
24 8 11 13 19
24 8 0 11 8
24 8 24 11 8
24 16 19 13 19
24 16 8 11 8
24 0 16 3 8
24 24 16 3 8
24 0 19 21 11
24 24 19 21 11
24 0 19 8 13
24 24 19 8 13
24 0 3 16 15
24 24 3 16 15
24 0 3 7 9
24 24 3 7 9
24 0 10 17 16
24 24 10 17 16
24 10 14 13 16
24 10 3 11 5
24 14 0 13 16
24 14 24 13 16
24 14 13 11 5
24 10 3 16 19
24 3 11 13 5
24 14 13 16 19
24 3 0 11 18
24 3 24 11 18
24 3 11 18 19
24 3 5 6 13
24 3 0 5 6
24 3 24 5 6
24 8 19 16 13
24 3 5 19 11
24 16 3 16 13
24 8 19 5 11
24 8 0 19 16
24 8 24 19 16
24 16 3 5 11
24 16 8 19 16
24 0 16 11 16
24 24 16 11 16
24 0 3 13 3
24 24 3 13 3
24 0 3 16 21
24 24 3 16 21
24 3 21 22 15
24 3 21 13 9
24 3 10 11 22
24 13 14 7 22
24 13 21 17 5
24 11 3 7 22
24 11 10 17 5
24 13 21 22 19
24 21 14 13 5
24 11 10 22 19
24 21 3 11 18
24 21 14 18 19
24 21 8 6 13
24 21 3 5 6
24 5 16 22 13
24 21 8 19 11
24 19 21 22 13
24 5 16 11 11
24 5 3 13 22
24 19 21 11 11
24 19 8 13 22
24 3 16 5 22
24 3 21 19 3
24 3 21 22 21
24 21 0 22 15
24 21 24 22 15
24 21 0 13 9
24 21 24 13 9
24 21 13 11 22
24 10 11 13 22
24 10 0 11 11
24 10 24 11 11
24 14 21 13 22
24 14 10 11 11
24 10 0 22 13
24 10 24 22 13
24 0 14 7 11
24 24 14 7 11
24 14 10 22 13
24 0 21 17 18
24 24 21 17 18
24 0 14 18 13
24 24 14 18 13
24 0 8 6 7
24 24 8 6 7
24 0 21 11 6
24 24 21 11 6
24 8 16 22 7
24 0 8 13 17
24 24 8 13 17
24 16 0 22 7
24 16 24 22 7
24 8 16 5 17
24 8 21 19 22
24 16 0 5 17
24 16 24 5 17
24 16 5 19 22
24 21 19 5 22
24 21 0 19 3
24 21 24 19 3
24 21 0 22 21
24 21 24 22 21
48 0 3 4 6
48 48 3 4 6
48 0 3 10 42
48 48 3 10 42
48 0 13 38 4
48 48 13 38 4
48 13 35 16 4
48 35 0 16 4
48 35 48 16 4
48 13 3 32 20
48 35 16 32 20
48 13 3 4 28
48 3 32 16 20
48 35 16 4 28
48 3 0 32 36
48 3 48 32 36
48 3 32 36 28
48 3 20 12 16
48 3 0 20 12
48 3 48 20 12
48 23 28 4 16
48 3 20 28 32
48 25 3 4 16
48 23 28 20 32
48 25 3 20 32
48 23 0 28 4
48 23 48 28 4
48 25 23 28 4
48 0 25 26 4
48 48 25 26 4
48 0 3 22 30
48 48 3 22 30
48 0 3 4 18
48 48 3 4 18
48 0 7 44 10
48 48 7 44 10
48 0 7 6 38
48 48 7 6 38
48 0 13 42 44
48 48 13 42 44
48 13 35 20 44
48 35 0 20 44
48 35 48 20 44
48 13 7 28 16
48 35 20 28 16
48 13 7 44 32
48 7 28 20 16
48 35 20 44 32
48 7 0 28 36
48 7 48 28 36
48 7 28 36 32
48 7 16 12 20
48 7 0 16 12
48 7 48 16 12
48 23 32 44 20
48 7 16 32 28
48 25 7 44 20
48 23 32 16 28
48 25 7 16 28
48 23 0 32 44
48 23 48 32 44
48 25 23 32 44
48 0 25 30 44
48 48 25 30 44
48 0 7 18 26
48 48 7 18 26
48 0 7 44 22
48 48 7 44 22
48 7 41 10 10
48 7 41 20 38
48 7 13 28 10
48 20 35 6 10
48 28 7 6 10
48 20 41 42 16
48 28 13 42 16
48 20 41 10 32
48 41 35 20 16
48 28 13 10 32
48 41 7 28 36
48 41 35 36 32
48 41 23 12 20
48 41 7 16 12
48 16 25 10 20
48 41 23 32 28
48 32 41 10 20
48 16 25 30 28
48 32 41 30 28
48 16 7 18 10
48 32 23 18 10
48 7 25 16 10
48 7 41 32 26
48 7 41 10 22
48 41 0 10 10
48 41 48 10 10
48 41 0 20 38
48 41 48 20 38
48 41 20 28 10
48 13 28 20 10
48 35 41 20 10
48 13 0 28 30
48 13 48 28 30
48 35 13 28 30
48 13 0 10 18
48 13 48 10 18
48 0 35 6 30
48 48 35 6 30
48 35 13 10 18
48 0 41 42 36
48 48 41 42 36
48 0 35 36 18
48 48 35 36 18
48 0 23 12 6
48 48 23 12 6
48 0 41 30 12
48 48 41 30 12
48 23 25 10 6
48 0 23 18 42
48 48 23 18 42
48 25 0 10 6
48 25 48 10 6
48 23 25 16 42
48 25 0 16 42
48 25 48 16 42
48 23 41 32 10
48 25 16 32 10
48 41 32 16 10
48 41 0 32 26
48 41 48 32 26
48 41 0 10 22
48 41 48 10 22
48 7 3 38 20
48 7 3 10 28
48 7 13 38 38
48 20 35 16 38
48 28 7 16 38
48 20 3 32 6
48 28 23 32 6
48 20 3 38 42
48 3 25 30 6
48 28 23 38 42
48 3 7 18 36
48 3 25 36 42
48 3 13 12 30
48 3 7 6 12
48 16 35 38 30
48 3 13 42 18
48 32 3 38 30
48 16 35 20 18
48 32 3 20 18
48 16 7 28 38
48 32 23 28 38
48 7 25 26 38
48 7 3 22 16
48 7 3 38 32
48 41 10 38 20
48 41 10 10 28
48 41 20 38 38
48 13 28 30 38
48 35 41 30 38
48 13 10 18 20
48 35 23 18 20
48 13 10 38 28
48 10 25 16 20
48 35 23 38 28
48 10 41 32 36
48 10 25 36 28
48 10 13 12 16
48 10 41 20 12
48 23 35 38 16
48 10 13 28 32
48 25 10 38 16
48 23 35 6 32
48 25 10 6 32
48 23 41 42 38
48 25 16 42 38
48 41 32 26 38
48 41 10 22 16
48 41 10 38 32
48 3 38 10 20
48 3 38 30 28
48 3 20 18 10
48 23 28 10 10
48 25 3 10 10
48 23 38 38 20
48 25 13 38 20
48 23 38 10 28
48 38 35 16 20
48 25 13 10 28
48 38 3 32 36
48 38 35 36 28
48 38 23 12 16
48 38 3 20 12
48 13 25 10 16
48 38 23 28 32
48 35 38 10 16
48 13 25 26 32
48 35 38 26 32
48 13 3 22 10
48 35 16 22 10
48 3 32 6 10
48 3 38 42 16
48 3 38 10 32
48 3 0 38 30
48 3 48 38 30
48 3 0 20 18
48 3 48 20 18
48 3 20 28 38
48 23 28 20 38
48 25 3 20 38
48 23 0 28 10
48 23 48 28 10
48 25 23 28 10
48 23 0 38 38
48 23 48 38 38
48 0 25 26 10
48 48 25 26 10
48 25 23 38 38
48 0 3 22 36
48 48 3 22 36
48 0 25 36 38
48 48 25 36 38
48 0 13 12 26
48 48 13 12 26
48 0 3 10 12
48 48 3 10 12
48 13 35 38 26
48 0 13 38 22
48 48 13 38 22
48 35 0 38 26
48 35 48 38 26
48 13 35 16 22
48 35 0 16 22
48 35 48 16 22
48 13 3 32 38
48 35 16 32 38
48 3 32 16 38
48 3 0 32 6
48 3 48 32 6
48 3 0 38 42
48 3 48 38 42
48 3 45 10 6
48 3 45 16 42
48 3 13 32 10
48 16 35 10 10
48 32 3 10 10
48 16 45 38 20
48 32 13 38 20
48 16 45 10 28
48 45 35 16 20
48 32 13 10 28
48 45 3 32 36
48 45 35 36 28
48 45 23 12 16
48 45 3 20 12
48 20 25 10 16
48 45 23 28 32
48 28 45 10 16
48 20 25 26 32
48 28 45 26 32
48 20 3 22 10
48 28 23 22 10
48 3 25 20 10
48 3 45 28 30
48 3 45 10 18
48 3 7 38 16
48 3 7 6 32
48 3 13 42 38
48 16 35 20 38
48 32 3 20 38
48 16 7 28 10
48 32 23 28 10
48 16 7 38 38
48 7 25 26 10
48 32 23 38 38
48 7 3 22 36
48 7 25 36 38
48 7 13 12 26
48 7 3 10 12
48 20 35 38 26
48 7 13 38 22
48 28 7 38 26
48 20 35 16 22
48 28 7 16 22
48 20 3 32 38
48 28 23 32 38
48 3 25 30 38
48 3 7 18 20
48 3 7 38 28
48 10 41 4 16
48 10 41 20 32
48 10 13 28 4
48 23 35 6 4
48 25 10 6 4
48 23 41 42 10
48 25 16 42 10
48 23 41 4 38
48 41 32 26 10
48 25 16 4 38
48 41 10 22 36
48 41 32 36 38
48 41 20 12 26
48 41 10 10 12
48 13 28 4 26
48 41 20 38 22
48 35 41 4 26
48 13 28 30 22
48 35 41 30 22
48 13 10 18 4
48 35 23 18 4
48 10 25 16 4
48 10 41 32 20
48 10 41 4 28
48 38 3 4 16
48 38 3 20 32
48 38 23 28 4
48 13 25 26 4
48 35 38 26 4
48 13 3 22 30
48 35 16 22 30
48 13 3 4 18
48 3 32 6 30
48 35 16 4 18
48 3 38 42 36
48 3 32 36 18
48 3 20 12 6
48 3 38 30 12
48 23 28 4 6
48 3 20 18 42
48 25 3 4 6
48 23 28 10 42
48 25 3 10 42
48 23 38 38 4
48 25 13 38 4
48 38 35 16 4
48 38 3 32 20
48 38 3 4 28
48 10 45 44 20
48 10 45 16 28
48 10 13 32 44
48 23 35 10 44
48 25 10 10 44
48 23 45 38 6
48 25 20 38 6
48 23 45 44 42
48 45 28 30 6
48 25 20 44 42
48 45 10 18 36
48 45 28 36 42
48 45 16 12 30
48 45 10 6 12
48 13 32 44 30
48 45 16 42 18
48 35 45 44 30
48 13 32 26 18
48 35 45 26 18
48 13 10 22 44
48 35 23 22 44
48 10 25 20 44
48 10 45 28 16
48 10 45 44 32
48 38 7 44 20
48 38 7 16 28
48 38 23 32 44
48 13 25 30 44
48 35 38 30 44
48 13 7 18 26
48 35 20 18 26
48 13 7 44 22
48 7 28 10 26
48 35 20 44 22
48 7 38 38 36
48 7 28 36 22
48 7 16 12 10
48 7 38 26 12
48 23 32 44 10
48 7 16 22 38
48 25 7 44 10
48 23 32 6 38
48 25 7 6 38
48 23 38 42 44
48 25 13 42 44
48 38 35 20 44
48 38 7 28 16
48 38 7 44 32
48 45 41 10 20
48 45 41 30 28
48 45 23 18 10
48 20 25 16 10
48 28 45 16 10
48 20 41 32 26
48 28 13 32 26
48 20 41 10 22
48 41 35 10 26
48 28 13 10 22
48 41 45 38 36
48 41 35 36 22
48 41 23 12 10
48 41 45 26 12
48 16 25 10 10
48 41 23 22 38
48 32 41 10 10
48 16 25 20 38
48 32 41 20 38
48 16 45 28 10
48 32 13 28 10
48 45 35 6 10
48 45 41 42 16
48 45 41 10 32
48 45 3 38 30
48 45 3 20 18
48 45 23 28 38
48 20 25 26 38
48 28 45 26 38
48 20 3 22 16
48 28 23 22 16
48 20 3 38 32
48 3 25 20 16
48 28 23 38 32
48 3 45 28 36
48 3 25 36 32
48 3 13 12 20
48 3 45 16 12
48 16 35 38 20
48 3 13 32 28
48 32 3 38 20
48 16 35 10 28
48 32 3 10 28
48 16 45 38 38
48 32 13 38 38
48 45 35 16 38
48 45 3 32 6
48 45 3 38 42
48 45 0 10 6
48 45 48 10 6
48 45 0 16 42
48 45 48 16 42
48 45 16 32 10
48 13 32 16 10
48 35 45 16 10
48 13 0 32 26
48 13 48 32 26
48 35 13 32 26
48 13 0 10 22
48 13 48 10 22
48 0 35 10 26
48 48 35 10 26
48 35 13 10 22
48 0 45 38 36
48 48 45 38 36
48 0 35 36 22
48 48 35 36 22
48 0 23 12 10
48 48 23 12 10
48 0 45 26 12
48 48 45 26 12
48 23 25 10 10
48 0 23 22 38
48 48 23 22 38
48 25 0 10 10
48 25 48 10 10
48 23 25 20 38
48 25 0 20 38
48 25 48 20 38
48 23 45 28 10
48 25 20 28 10
48 45 28 20 10
48 45 0 28 30
48 45 48 28 30
48 45 0 10 18
48 45 48 10 18
48 45 10 38 16
48 45 10 6 32
48 45 16 42 38
48 13 32 26 38
48 35 45 26 38
48 13 10 22 16
48 35 23 22 16
48 13 10 38 32
48 10 25 20 16
48 35 23 38 32
48 10 45 28 36
48 10 25 36 32
48 10 13 12 20
48 10 45 16 12
48 23 35 38 20
48 10 13 32 28
48 25 10 38 20
48 23 35 10 28
48 25 10 10 28
48 23 45 38 38
48 25 20 38 38
48 45 28 30 38
48 45 10 18 20
48 45 10 38 28
48 7 38 10 16
48 7 38 26 32
48 7 16 22 10
48 23 32 6 10
48 25 7 6 10
48 23 38 42 16
48 25 13 42 16
48 23 38 10 32
48 38 35 20 16
48 25 13 10 32
48 38 7 28 36
48 38 35 36 32
48 38 23 12 20
48 38 7 16 12
48 13 25 10 20
48 38 23 32 28
48 35 38 10 20
48 13 25 30 28
48 35 38 30 28
48 13 7 18 10
48 35 20 18 10
48 7 28 10 10
48 7 38 38 20
48 7 38 10 28
48 41 45 10 16
48 41 45 26 32
48 41 23 22 10
48 16 25 20 10
48 32 41 20 10
48 16 45 28 30
48 32 13 28 30
48 16 45 10 18
48 45 35 6 30
48 32 13 10 18
48 45 41 42 36
48 45 35 36 18
48 45 23 12 6
48 45 41 30 12
48 20 25 10 6
48 45 23 18 42
48 28 45 10 6
48 20 25 16 42
48 28 45 16 42
48 20 41 32 10
48 28 13 32 10
48 41 35 10 10
48 41 45 38 20
48 41 45 10 28
48 7 0 38 26
48 7 48 38 26
48 7 0 16 22
48 7 48 16 22
48 7 16 32 38
48 23 32 16 38
48 25 7 16 38
48 23 0 32 6
48 23 48 32 6
48 25 23 32 6
48 23 0 38 42
48 23 48 38 42
48 0 25 30 6
48 48 25 30 6
48 25 23 38 42
48 0 7 18 36
48 48 7 18 36
48 0 25 36 42
48 48 25 36 42
48 0 13 12 30
48 48 13 12 30
48 0 7 6 12
48 48 7 6 12
48 13 35 38 30
48 0 13 42 18
48 48 13 42 18
48 35 0 38 30
48 35 48 38 30
48 13 35 20 18
48 35 0 20 18
48 35 48 20 18
48 13 7 28 38
48 35 20 28 38
48 7 28 20 38
48 7 0 28 10
48 7 48 28 10
48 7 0 38 38
48 7 48 38 38
48 41 7 38 26
48 41 7 16 22
48 41 23 32 38
48 16 25 30 38
48 32 41 30 38
48 16 7 18 20
48 32 23 18 20
48 16 7 38 28
48 7 25 16 20
48 32 23 38 28
48 7 41 32 36
48 7 25 36 28
48 7 13 12 16
48 7 41 20 12
48 20 35 38 16
48 7 13 28 32
48 28 7 38 16
48 20 35 6 32
48 28 7 6 32
48 20 41 42 38
48 28 13 42 38
48 41 35 20 38
48 41 7 28 10
48 41 7 38 38
48 0 41 4 26
48 48 41 4 26
48 0 41 30 22
48 48 41 30 22
48 0 23 18 4
48 48 23 18 4
48 23 25 16 4
48 25 0 16 4
48 25 48 16 4
48 23 41 32 20
48 25 16 32 20
48 23 41 4 28
48 41 32 16 20
48 25 16 4 28
48 41 0 32 36
48 41 48 32 36
48 41 32 36 28
48 41 20 12 16
48 41 0 20 12
48 41 48 20 12
48 13 28 4 16
48 41 20 28 32
48 35 41 4 16
48 13 28 20 32
48 35 41 20 32
48 13 0 28 4
48 13 48 28 4
48 35 13 28 4
48 0 35 6 4
48 48 35 6 4
48 0 41 42 10
48 48 41 42 10
48 0 41 4 38
48 48 41 4 38
48 0 45 44 30
48 48 45 44 30
48 0 45 26 18
48 48 45 26 18
48 0 23 22 44
48 48 23 22 44
48 23 25 20 44
48 25 0 20 44
48 25 48 20 44
48 23 45 28 16
48 25 20 28 16
48 23 45 44 32
48 45 28 20 16
48 25 20 44 32
48 45 0 28 36
48 45 48 28 36
48 45 28 36 32
48 45 16 12 20
48 45 0 16 12
48 45 48 16 12
48 13 32 44 20
48 45 16 32 28
48 35 45 44 20
48 13 32 16 28
48 35 45 16 28
48 13 0 32 44
48 13 48 32 44
48 35 13 32 44
48 0 35 10 44
48 48 35 10 44
48 0 45 38 6
48 48 45 38 6
48 0 45 44 42
48 48 45 44 42
48 6 3 4 6
48 6 3 10 42
48 6 13 38 4
48 19 35 16 4
48 29 6 16 4
48 19 3 32 20
48 19 3 4 28
48 29 22 32 20
48 29 22 4 28
48 3 26 28 20
48 3 26 48 28
48 3 26 0 28
48 3 6 20 48
48 3 6 20 0
48 42 9 4 6
48 42 9 10 42
48 42 19 38 4
48 13 29 28 4
48 35 42 28 4
48 13 9 20 32
48 13 9 4 16
48 35 22 20 32
48 35 22 4 16
48 9 26 16 32
48 9 26 48 16
48 9 26 0 16
48 9 42 32 48
48 9 42 32 0
48 3 39 22 6
48 3 39 28 42
48 3 19 20 22
48 22 29 10 22
48 26 3 10 22
48 22 39 38 32
48 22 39 22 16
48 26 13 38 32
48 26 13 22 16
48 39 35 16 32
48 39 35 48 16
48 39 35 0 16
48 39 3 32 48
48 39 3 32 0
48 3 13 26 28
48 3 13 6 20
48 3 19 42 26
48 22 29 32 26
48 26 3 32 26
48 22 13 16 10
48 22 13 26 38
48 26 35 16 10
48 26 35 26 38
48 13 13 38 10
48 13 13 48 38
48 13 13 0 38
48 13 3 10 48
48 13 3 10 0
48 16 35 4 28
48 16 35 32 20
48 16 19 16 4
48 35 29 6 4
48 13 16 6 4
48 35 35 42 10
48 35 35 4 38
48 13 22 42 10
48 13 22 4 38
48 35 26 38 10
48 35 26 48 38
48 35 26 0 38
48 35 16 10 48
48 35 16 10 0
48 32 3 4 28
48 32 3 32 20
48 32 35 16 4
48 19 13 38 4
48 29 32 38 4
48 19 3 10 42
48 19 3 4 6
48 29 22 10 42
48 29 22 4 6
48 3 26 6 42
48 3 26 48 6
48 3 26 0 6
48 3 32 42 48
48 3 32 42 0
48 6 7 44 10
48 6 7 6 38
48 6 13 42 44
48 19 35 20 44
48 29 6 20 44
48 19 7 28 16
48 19 7 44 32
48 29 26 28 16
48 29 26 44 32
48 7 22 32 16
48 7 22 48 32
48 7 22 0 32
48 7 6 16 48
48 7 6 16 0
48 42 13 44 10
48 42 13 6 38
48 42 19 42 44
48 13 29 32 44
48 35 42 32 44
48 13 13 16 28
48 13 13 44 20
48 35 26 16 28
48 35 26 44 20
48 13 22 20 28
48 13 22 48 20
48 13 22 0 20
48 13 42 28 48
48 13 42 28 0
48 7 35 22 10
48 7 35 32 38
48 7 19 16 22
48 26 29 6 22
48 22 7 6 22
48 26 35 42 28
48 26 35 22 20
48 22 13 42 28
48 22 13 22 20
48 35 35 20 28
48 35 35 48 20
48 35 35 0 20
48 35 7 28 48
48 35 7 28 0
48 7 9 26 32
48 7 9 10 16
48 7 19 38 26
48 26 29 28 26
48 22 7 28 26
48 26 9 20 6
48 26 9 26 42
48 22 35 20 6
48 22 35 26 42
48 9 13 42 6
48 9 13 48 42
48 9 13 0 42
48 9 7 6 48
48 9 7 6 0
48 16 39 44 32
48 16 39 28 16
48 16 19 20 44
48 35 29 10 44
48 13 16 10 44
48 35 39 38 6
48 35 39 44 42
48 13 26 38 6
48 13 26 44 42
48 39 22 42 6
48 39 22 48 42
48 39 22 0 42
48 39 16 6 48
48 39 16 6 0
48 32 7 44 32
48 32 7 28 16
48 32 35 20 44
48 19 13 42 44
48 29 32 42 44
48 19 7 6 38
48 19 7 44 10
48 29 26 6 38
48 29 26 44 10
48 7 22 10 38
48 7 22 48 10
48 7 22 0 10
48 7 32 38 48
48 7 32 38 0
48 13 41 10 10
48 13 41 20 38
48 13 13 28 10
48 26 35 6 10
48 22 13 6 10
48 26 41 42 16
48 26 41 10 32
48 22 19 42 16
48 22 19 10 32
48 41 29 32 16
48 41 29 48 32
48 41 29 0 32
48 41 13 16 48
48 41 13 16 0
48 35 6 10 10
48 35 6 20 38
48 35 26 28 10
48 13 22 32 10
48 35 35 32 10
48 13 6 16 42
48 13 6 10 6
48 35 19 16 42
48 35 19 10 6
48 6 29 6 42
48 6 29 48 6
48 6 29 0 6
48 6 35 42 48
48 6 35 42 0
48 41 42 22 10
48 41 42 32 38
48 41 26 16 22
48 19 22 20 22
48 29 41 20 22
48 19 42 28 42
48 19 42 22 6
48 29 13 28 42
48 29 13 22 6
48 42 35 6 42
48 42 35 48 6
48 42 35 0 6
48 42 41 42 48
48 42 41 42 0
48 41 16 26 32
48 41 16 10 16
48 41 26 38 26
48 19 22 42 26
48 29 41 42 26
48 19 16 6 20
48 19 16 26 28
48 29 35 6 20
48 29 35 26 28
48 16 13 28 20
48 16 13 48 28
48 16 13 0 28
48 16 41 20 48
48 16 41 20 0
48 9 32 10 32
48 9 32 42 16
48 9 26 6 10
48 35 22 10 10
48 13 9 10 10
48 35 32 38 20
48 35 32 10 28
48 13 19 38 20
48 13 19 10 28
48 32 29 28 20
48 32 29 48 28
48 32 29 0 28
48 32 9 20 48
48 32 9 20 0
48 39 41 10 32
48 39 41 42 16
48 39 35 6 10
48 26 13 28 10
48 22 39 28 10
48 26 41 20 38
48 26 41 10 10
48 22 19 20 38
48 22 19 10 10
48 41 29 10 38
48 41 29 48 10
48 41 29 0 10
48 41 39 38 48
48 41 39 38 0
48 13 3 38 20
48 13 3 10 28
48 13 13 38 38
48 26 35 16 38
48 22 13 16 38
48 26 3 32 6
48 26 3 38 42
48 22 29 32 6
48 22 29 38 42
48 3 19 42 6
48 3 19 48 42
48 3 19 0 42
48 3 13 6 48
48 3 13 6 0
48 35 16 38 20
48 35 16 10 28
48 35 26 38 38
48 13 22 42 38
48 35 35 42 38
48 13 16 6 32
48 13 16 38 16
48 35 29 6 32
48 35 29 38 16
48 16 19 16 32
48 16 19 48 16
48 16 19 0 16
48 16 35 32 48
48 16 35 32 0
48 3 32 22 20
48 3 32 42 28
48 3 26 6 22
48 29 22 10 22
48 19 3 10 22
48 29 32 38 32
48 29 32 22 16
48 19 13 38 32
48 19 13 22 16
48 32 35 16 32
48 32 35 48 16
48 32 35 0 16
48 32 3 32 48
48 32 3 32 0
48 3 6 26 42
48 3 6 20 6
48 3 26 28 26
48 29 22 32 26
48 19 3 32 26
48 29 6 16 10
48 29 6 26 38
48 19 35 16 10
48 19 35 26 38
48 6 13 38 10
48 6 13 48 38
48 6 13 0 38
48 6 3 10 48
48 6 3 10 0
48 9 42 38 42
48 9 42 32 6
48 9 26 16 38
48 35 22 20 38
48 13 9 20 38
48 35 42 28 10
48 35 42 38 38
48 13 29 28 10
48 13 29 38 38
48 42 19 38 10
48 42 19 48 38
48 42 19 0 38
48 42 9 10 48
48 42 9 10 0
48 39 3 38 42
48 39 3 32 6
48 39 35 16 38
48 26 13 38 38
48 22 39 38 38
48 26 3 10 28
48 26 3 38 20
48 22 29 10 28
48 22 29 38 20
48 3 19 20 28
48 3 19 48 20
48 3 19 0 20
48 3 39 28 48
48 3 39 28 0
48 9 45 10 6
48 9 45 16 42
48 9 13 32 10
48 22 35 10 10
48 26 9 10 10
48 22 45 38 20
48 22 45 10 28
48 26 19 38 20
48 26 19 10 28
48 45 29 28 20
48 45 29 48 28
48 45 29 0 28
48 45 9 20 48
48 45 9 20 0
48 39 6 10 6
48 39 6 16 42
48 39 22 32 10
48 13 26 28 10
48 35 39 28 10
48 13 6 20 38
48 13 6 10 10
48 35 19 20 38
48 35 19 10 10
48 6 29 10 38
48 6 29 48 10
48 6 29 0 10
48 6 39 38 48
48 6 39 38 0
48 45 42 22 6
48 45 42 28 42
48 45 22 20 22
48 19 26 16 22
48 29 45 16 22
48 19 42 32 38
48 19 42 22 10
48 29 13 32 38
48 29 13 22 10
48 42 35 10 38
48 42 35 48 10
48 42 35 0 10
48 42 45 38 48
48 42 45 38 0
48 45 16 26 28
48 45 16 6 20
48 45 22 42 26
48 19 26 38 26
48 29 45 38 26
48 19 16 10 16
48 19 16 26 32
48 29 35 10 16
48 29 35 26 32
48 16 13 32 16
48 16 13 48 32
48 16 13 0 32
48 16 45 16 48
48 16 45 16 0
48 13 32 10 28
48 13 32 38 20
48 13 22 10 10
48 35 26 6 10
48 13 13 6 10
48 35 32 42 16
48 35 32 10 32
48 13 19 42 16
48 13 19 10 32
48 32 29 32 16
48 32 29 48 32
48 32 29 0 32
48 32 13 16 48
48 32 13 16 0
48 35 45 10 28
48 35 45 38 20
48 35 35 10 10
48 22 13 32 10
48 26 35 32 10
48 22 45 16 42
48 22 45 10 6
48 26 19 16 42
48 26 19 10 6
48 45 29 6 42
48 45 29 48 6
48 45 29 0 6
48 45 35 42 48
48 45 35 42 0
48 9 7 38 16
48 9 7 6 32
48 9 13 42 38
48 22 35 20 38
48 26 9 20 38
48 22 7 28 10
48 22 7 38 38
48 26 29 28 10
48 26 29 38 38
48 7 19 38 10
48 7 19 48 38
48 7 19 0 38
48 7 9 10 48
48 7 9 10 0
48 39 16 38 16
48 39 16 6 32
48 39 22 42 38
48 13 26 38 38
48 35 39 38 38
48 13 16 10 28
48 13 16 38 20
48 35 29 10 28
48 35 29 38 20
48 16 19 20 28
48 16 19 48 20
48 16 19 0 20
48 16 39 28 48
48 16 39 28 0
48 7 32 22 16
48 7 32 38 32
48 7 22 10 22
48 29 26 6 22
48 19 7 6 22
48 29 32 42 28
48 29 32 22 20
48 19 13 42 28
48 19 13 22 20
48 32 35 20 28
48 32 35 48 20
48 32 35 0 20
48 32 7 28 48
48 32 7 28 0
48 7 6 26 38
48 7 6 16 10
48 7 22 32 26
48 29 26 28 26
48 19 7 28 26
48 29 6 20 6
48 29 6 26 42
48 19 35 20 6
48 19 35 26 42
48 6 13 42 6
48 6 13 48 42
48 6 13 0 42
48 6 7 6 48
48 6 7 6 0
48 13 42 38 38
48 13 42 28 10
48 13 22 20 38
48 35 26 16 38
48 13 13 16 38
48 35 42 32 6
48 35 42 38 42
48 13 29 32 6
48 13 29 38 42
48 42 19 42 6
48 42 19 48 42
48 42 19 0 42
48 42 13 6 48
48 42 13 6 0
48 35 7 38 38
48 35 7 28 10
48 35 35 20 38
48 22 13 42 38
48 26 35 42 38
48 22 7 6 32
48 22 7 38 16
48 26 29 6 32
48 26 29 38 16
48 7 19 16 32
48 7 19 48 16
48 7 19 0 16
48 7 35 32 48
48 7 35 32 0
48 16 41 4 16
48 16 41 20 32
48 16 13 28 4
48 29 35 6 4
48 19 16 6 4
48 29 41 42 10
48 29 41 4 38
48 19 22 42 10
48 19 22 4 38
48 41 26 38 10
48 41 26 48 38
48 41 26 0 38
48 41 16 10 48
48 41 16 10 0
48 32 9 4 16
48 32 9 20 32
48 32 29 28 4
48 13 19 38 4
48 35 32 38 4
48 13 9 10 42
48 13 9 4 6
48 35 22 10 42
48 35 22 4 6
48 9 26 6 42
48 9 26 48 6
48 9 26 0 6
48 9 32 42 48
48 9 32 42 0
48 41 39 22 16
48 41 39 38 32
48 41 29 10 22
48 22 19 20 22
48 26 41 20 22
48 22 39 28 42
48 22 39 22 6
48 26 13 28 42
48 26 13 22 6
48 39 35 6 42
48 39 35 48 6
48 39 35 0 6
48 39 41 42 48
48 39 41 42 0
48 41 13 26 38
48 41 13 16 10
48 41 29 32 26
48 22 19 42 26
48 26 41 42 26
48 22 13 6 20
48 22 13 26 28
48 26 35 6 20
48 26 35 26 28
48 13 13 28 20
48 13 13 48 28
48 13 13 0 28
48 13 41 20 48
48 13 41 20 0
48 6 35 4 38
48 6 35 42 10
48 6 29 6 4
48 35 19 16 4
48 13 6 16 4
48 35 35 32 20
48 35 35 4 28
48 13 22 32 20
48 13 22 4 28
48 35 26 28 20
48 35 26 48 28
48 35 26 0 28
48 35 6 20 48
48 35 6 20 0
48 42 41 4 38
48 42 41 42 10
48 42 35 6 4
48 29 13 28 4
48 19 42 28 4
48 29 41 20 32
48 29 41 4 16
48 19 22 20 32
48 19 22 4 16
48 41 26 16 32
48 41 26 48 16
48 41 26 0 16
48 41 42 32 48
48 41 42 32 0
48 16 45 44 20
48 16 45 16 28
48 16 13 32 44
48 29 35 10 44
48 19 16 10 44
48 29 45 38 6
48 29 45 44 42
48 19 26 38 6
48 19 26 44 42
48 45 22 42 6
48 45 22 48 42
48 45 22 0 42
48 45 16 6 48
48 45 16 6 0
48 32 13 44 20
48 32 13 16 28
48 32 29 32 44
48 13 19 42 44
48 35 32 42 44
48 13 13 6 38
48 13 13 44 10
48 35 26 6 38
48 35 26 44 10
48 13 22 10 38
48 13 22 48 10
48 13 22 0 10
48 13 32 38 48
48 13 32 38 0
48 45 35 22 20
48 45 35 42 28
48 45 29 6 22
48 26 19 16 22
48 22 45 16 22
48 26 35 32 38
48 26 35 22 10
48 22 13 32 38
48 22 13 22 10
48 35 35 10 38
48 35 35 48 10
48 35 35 0 10
48 35 45 38 48
48 35 45 38 0
48 45 9 26 42
48 45 9 20 6
48 45 29 28 26
48 26 19 38 26
48 22 45 38 26
48 26 9 10 16
48 26 9 26 32
48 22 35 10 16
48 22 35 26 32
48 9 13 32 16
48 9 13 48 32
48 9 13 0 32
48 9 45 16 48
48 9 45 16 0
48 6 39 44 42
48 6 39 38 6
48 6 29 10 44
48 35 19 20 44
48 13 6 20 44
48 35 39 28 16
48 35 39 44 32
48 13 26 28 16
48 13 26 44 32
48 39 22 32 16
48 39 22 48 32
48 39 22 0 32
48 39 6 16 48
48 39 6 16 0
48 42 45 44 42
48 42 45 38 6
48 42 35 10 44
48 29 13 32 44
48 19 42 32 44
48 29 45 16 28
48 29 45 44 20
48 19 26 16 28
48 19 26 44 20
48 45 22 20 28
48 45 22 48 20
48 45 22 0 20
48 45 42 28 48
48 45 42 28 0
60 6 3 4 6
60 6 3 10 54
60 6 13 50 4
60 19 47 16 4
60 19 3 44 20
60 41 6 16 4
60 41 22 44 20
60 19 3 4 40
60 3 38 28 20
60 41 22 4 40
60 3 6 32 48
60 3 38 48 40
60 3 26 12 28
60 3 6 20 12
60 29 34 4 28
60 3 26 40 32
60 31 3 4 28
60 29 34 32 32
60 29 6 28 4
60 31 3 32 32
60 31 35 28 4
60 6 25 38 4
60 6 3 22 42
60 6 3 4 18
60 54 9 4 6
60 54 9 10 54
60 54 19 50 4
60 13 41 28 4
60 13 9 32 32
60 47 54 28 4
60 47 22 32 32
60 13 9 4 28
60 9 38 16 32
60 47 22 4 28
60 9 54 44 48
60 9 38 48 28
60 9 26 12 16
60 9 54 32 12
60 35 34 4 16
60 9 26 28 44
60 25 9 4 16
60 35 34 20 44
60 35 54 40 4
60 25 9 20 44
60 25 29 40 4
60 54 31 38 4
60 54 9 22 42
60 54 9 4 18
60 3 51 22 6
60 3 51 28 54
60 3 19 32 22
60 22 41 10 22
60 22 51 50 32
60 38 3 10 22
60 38 13 50 32
60 22 51 22 28
60 51 47 16 32
60 38 13 22 28
60 51 3 44 48
60 51 47 48 28
60 51 35 12 16
60 51 3 32 12
60 26 25 22 16
60 51 35 28 44
60 34 51 22 16
60 26 25 38 44
60 26 3 22 22
60 34 51 38 44
60 34 29 22 22
60 3 31 20 22
60 3 51 40 42
60 3 51 22 18
60 3 13 38 28
60 3 13 6 32
60 3 19 54 38
60 22 41 32 38
60 22 13 28 10
60 38 3 32 38
60 38 35 28 10
60 22 13 38 50
60 13 25 38 10
60 38 35 38 50
60 13 3 22 48
60 13 25 48 50
60 13 13 12 38
60 13 3 10 12
60 26 47 38 38
60 13 13 50 22
60 34 13 38 38
60 26 47 16 22
60 26 3 44 38
60 34 13 16 22
60 34 29 44 38
60 3 31 42 38
60 3 13 18 20
60 3 13 38 40
60 16 47 4 28
60 16 47 32 32
60 16 19 28 4
60 35 41 6 4
60 35 47 54 10
60 25 16 6 4
60 25 22 54 10
60 35 47 4 50
60 47 38 38 10
60 25 22 4 50
60 47 16 22 48
60 47 38 48 50
60 47 26 12 38
60 47 16 10 12
60 13 34 4 38
60 47 26 50 22
60 47 47 4 38
60 13 34 42 22
60 13 16 18 4
60 47 47 42 22
60 47 29 18 4
60 16 31 16 4
60 16 47 44 20
60 16 47 4 40
60 44 3 4 28
60 44 3 32 32
60 44 35 28 4
60 19 25 38 4
60 19 3 22 42
60 41 44 38 4
60 41 22 22 42
60 19 3 4 18
60 3 38 6 42
60 41 22 4 18
60 3 44 54 48
60 3 38 48 18
60 3 26 12 6
60 3 44 42 12
60 29 34 4 6
60 3 26 18 54
60 31 3 4 6
60 29 34 10 54
60 29 44 50 4
60 31 3 10 54
60 31 13 50 4
60 44 47 16 4
60 44 3 44 20
60 44 3 4 40
60 6 7 56 10
60 6 7 6 50
60 6 13 54 56
60 19 47 20 56
60 19 7 40 16
60 41 6 20 56
60 41 26 40 16
60 19 7 56 44
60 7 34 32 16
60 41 26 56 44
60 7 6 28 48
60 7 34 48 44
60 7 22 12 32
60 7 6 16 12
60 29 38 56 32
60 7 22 44 28
60 31 7 56 32
60 29 38 28 28
60 29 6 32 56
60 31 7 28 28
60 31 35 32 56
60 6 25 42 56
60 6 7 18 38
60 6 7 56 22
60 54 13 56 10
60 54 13 6 50
60 54 19 54 56
60 13 41 32 56
60 13 13 28 28
60 47 54 32 56
60 47 26 28 28
60 13 13 56 32
60 13 34 20 28
60 47 26 56 32
60 13 54 40 48
60 13 34 48 32
60 13 22 12 20
60 13 54 28 12
60 35 38 56 20
60 13 22 32 40
60 25 13 56 20
60 35 38 16 40
60 35 54 44 56
60 25 13 16 40
60 25 29 44 56
60 54 31 42 56
60 54 13 18 38
60 54 13 56 22
60 7 47 22 10
60 7 47 32 50
60 7 19 28 22
60 26 41 6 22
60 26 47 54 28
60 34 7 6 22
60 34 13 54 28
60 26 47 22 32
60 47 47 20 28
60 34 13 22 32
60 47 7 40 48
60 47 47 48 32
60 47 35 12 20
60 47 7 28 12
60 22 25 22 20
60 47 35 32 40
60 38 47 22 20
60 22 25 42 40
60 22 7 18 22
60 38 47 42 40
60 38 29 18 22
60 7 31 16 22
60 7 47 44 38
60 7 47 22 22
60 7 9 38 32
60 7 9 10 28
60 7 19 50 38
60 26 41 28 38
60 26 9 32 6
60 34 7 28 38
60 34 35 32 6
60 26 9 38 54
60 9 25 42 6
60 34 35 38 54
60 9 7 18 48
60 9 25 48 54
60 9 13 12 42
60 9 7 6 12
60 22 47 38 42
60 9 13 54 18
60 38 9 38 42
60 22 47 20 18
60 22 7 40 38
60 38 9 20 18
60 38 29 40 38
60 7 31 38 38
60 7 9 22 16
60 7 9 38 44
60 16 51 56 32
60 16 51 28 28
60 16 19 32 56
60 35 41 10 56
60 35 51 50 6
60 25 16 10 56
60 25 26 50 6
60 35 51 56 54
60 51 34 42 6
60 25 26 56 54
60 51 16 18 48
60 51 34 48 54
60 51 22 12 42
60 51 16 6 12
60 13 38 56 42
60 51 22 54 18
60 47 51 56 42
60 13 38 38 18
60 13 16 22 56
60 47 51 38 18
60 47 29 22 56
60 16 31 20 56
60 16 51 40 16
60 16 51 56 44
60 44 7 56 32
60 44 7 28 28
60 44 35 32 56
60 19 25 42 56
60 19 7 18 38
60 41 44 42 56
60 41 26 18 38
60 19 7 56 22
60 7 34 10 38
60 41 26 56 22
60 7 44 50 48
60 7 34 48 22
60 7 22 12 10
60 7 44 38 12
60 29 38 56 10
60 7 22 22 50
60 31 7 56 10
60 29 38 6 50
60 29 44 54 56
60 31 7 6 50
60 31 13 54 56
60 44 47 20 56
60 44 7 40 16
60 44 7 56 44
60 13 53 10 10
60 13 53 20 50
60 13 13 40 10
60 26 47 6 10
60 26 53 54 16
60 34 13 6 10
60 34 19 54 16
60 26 53 10 44
60 53 41 32 16
60 34 19 10 44
60 53 13 28 48
60 53 41 48 44
60 53 29 12 32
60 53 13 16 12
60 22 31 10 32
60 53 29 44 28
60 38 53 10 32
60 22 31 42 28
60 22 13 18 10
60 38 53 42 28
60 38 35 18 10
60 13 25 28 10
60 13 53 32 38
60 13 53 10 22
60 47 6 10 10
60 47 6 20 50
60 47 26 40 10
60 13 34 32 10
60 13 6 28 42
60 47 47 32 10
60 47 19 28 42
60 13 6 10 18
60 6 41 6 42
60 47 19 10 18
60 6 47 54 48
60 6 41 48 18
60 6 29 12 6
60 6 47 42 12
60 35 31 10 6
60 6 29 18 54
60 25 6 10 6
60 35 31 16 54
60 35 47 44 10
60 25 6 16 54
60 25 22 44 10
60 47 38 28 10
60 47 6 32 38
60 47 6 10 22
60 53 54 22 10
60 53 54 32 50
60 53 26 28 22
60 19 34 20 22
60 19 54 40 42
60 41 53 20 22
60 41 13 40 42
60 19 54 22 18
60 54 47 6 42
60 41 13 22 18
60 54 53 54 48
60 54 47 48 18
60 54 35 12 6
60 54 53 42 12
60 29 25 22 6
60 54 35 18 54
60 31 54 22 6
60 29 25 28 54
60 29 53 32 22
60 31 54 28 54
60 31 22 32 22
60 53 38 16 22
60 53 54 44 38
60 53 54 22 22
60 53 16 38 32
60 53 16 10 28
60 53 26 50 38
60 19 34 42 38
60 19 16 18 20
60 41 53 42 38
60 41 35 18 20
60 19 16 38 40
60 16 25 28 20
60 41 35 38 40
60 16 53 32 48
60 16 25 48 40
60 16 13 12 28
60 16 53 20 12
60 29 47 38 28
60 16 13 40 32
60 31 16 38 28
60 29 47 6 32
60 29 53 54 38
60 31 16 6 32
60 31 22 54 38
60 53 38 38 38
60 53 16 22 16
60 53 16 38 44
60 9 44 10 32
60 9 44 42 28
60 9 26 18 10
60 35 34 10 10
60 35 44 50 20
60 25 9 10 10
60 25 19 50 20
60 35 44 10 40
60 44 41 28 20
60 25 19 10 40
60 44 9 32 48
60 44 41 48 40
60 44 29 12 28
60 44 9 20 12
60 13 31 10 28
60 44 29 40 32
60 47 44 10 28
60 13 31 38 32
60 13 9 22 10
60 47 44 38 32
60 47 22 22 10
60 9 38 6 10
60 9 44 54 16
60 9 44 10 44
60 51 53 10 32
60 51 53 42 28
60 51 35 18 10
60 26 25 28 10
60 26 53 32 38
60 34 51 28 10
60 34 19 32 38
60 26 53 10 22
60 53 41 10 38
60 34 19 10 22
60 53 51 50 48
60 53 41 48 22
60 53 29 12 10
60 53 51 38 12
60 22 31 10 10
60 53 29 22 50
60 38 53 10 10
60 22 31 20 50
60 22 51 40 10
60 38 53 20 50
60 38 13 40 10
60 51 47 6 10
60 51 53 54 16
60 51 53 10 44
60 13 3 50 20
60 13 3 10 40
60 13 13 50 50
60 26 47 16 50
60 26 3 44 6
60 34 13 16 50
60 34 29 44 6
60 26 3 50 54
60 3 31 42 6
60 34 29 50 54
60 3 13 18 48
60 3 31 48 54
60 3 19 12 42
60 3 13 6 12
60 22 41 50 42
60 3 19 54 18
60 38 3 50 42
60 22 41 32 18
60 22 13 28 50
60 38 3 32 18
60 38 35 28 50
60 13 25 38 50
60 13 3 22 28
60 13 3 50 32
60 47 16 50 20
60 47 16 10 40
60 47 26 50 50
60 13 34 42 50
60 13 16 18 32
60 47 47 42 50
60 47 29 18 32
60 13 16 50 28
60 16 31 16 32
60 47 29 50 28
60 16 47 44 48
60 16 31 48 28
60 16 19 12 16
60 16 47 32 12
60 35 41 50 16
60 16 19 28 44
60 25 16 50 16
60 35 41 6 44
60 35 47 54 50
60 25 16 6 44
60 25 22 54 50
60 47 38 38 50
60 47 16 22 28
60 47 16 50 32
60 3 44 22 20
60 3 44 42 40
60 3 26 18 22
60 29 34 10 22
60 29 44 50 32
60 31 3 10 22
60 31 13 50 32
60 29 44 22 28
60 44 47 16 32
60 31 13 22 28
60 44 3 44 48
60 44 47 48 28
60 44 35 12 16
60 44 3 32 12
60 19 25 22 16
60 44 35 28 44
60 41 44 22 16
60 19 25 38 44
60 19 3 22 22
60 41 44 38 44
60 41 22 22 22
60 3 38 6 22
60 3 44 54 28
60 3 44 22 32
60 3 6 38 42
60 3 6 20 18
60 3 26 40 38
60 29 34 32 38
60 29 6 28 10
60 31 3 32 38
60 31 35 28 10
60 29 6 38 50
60 6 25 38 10
60 31 35 38 50
60 6 3 22 48
60 6 25 48 50
60 6 13 12 38
60 6 3 10 12
60 19 47 38 38
60 6 13 50 22
60 41 6 38 38
60 19 47 16 22
60 19 3 44 38
60 41 6 16 22
60 41 22 44 38
60 3 38 28 38
60 3 6 32 6
60 3 6 38 54
60 9 54 50 42
60 9 54 32 18
60 9 26 28 50
60 35 34 20 50
60 35 54 40 10
60 25 9 20 50
60 25 29 40 10
60 35 54 50 50
60 54 31 38 10
60 25 29 50 50
60 54 9 22 48
60 54 31 48 50
60 54 19 12 38
60 54 9 10 12
60 13 41 50 38
60 54 19 50 22
60 47 54 50 38
60 13 41 28 22
60 13 9 32 50
60 47 54 28 22
60 47 22 32 50
60 9 38 16 50
60 9 54 44 6
60 9 54 50 54
60 51 3 50 42
60 51 3 32 18
60 51 35 28 50
60 26 25 38 50
60 26 3 22 28
60 34 51 38 50
60 34 29 22 28
60 26 3 50 32
60 3 31 20 28
60 34 29 50 32
60 3 51 40 48
60 3 31 48 32
60 3 19 12 20
60 3 51 28 12
60 22 41 50 20
60 3 19 32 40
60 38 3 50 20
60 22 41 10 40
60 22 51 50 50
60 38 3 10 40
60 38 13 50 50
60 51 47 16 50
60 51 3 44 6
60 51 3 50 54
60 9 57 10 6
60 9 57 16 54
60 9 13 44 10
60 22 47 10 10
60 22 57 50 20
60 38 9 10 10
60 38 19 50 20
60 22 57 10 40
60 57 41 28 20
60 38 19 10 40
60 57 9 32 48
60 57 41 48 40
60 57 29 12 28
60 57 9 20 12
60 26 31 10 28
60 57 29 40 32
60 34 57 10 28
60 26 31 38 32
60 26 9 22 10
60 34 57 38 32
60 34 35 22 10
60 9 25 32 10
60 9 57 28 42
60 9 57 10 18
60 51 6 10 6
60 51 6 16 54
60 51 22 44 10
60 13 38 28 10
60 13 6 32 38
60 47 51 28 10
60 47 19 32 38
60 13 6 10 22
60 6 41 10 38
60 47 19 10 22
60 6 51 50 48
60 6 41 48 22
60 6 29 12 10
60 6 51 38 12
60 35 31 10 10
60 6 29 22 50
60 25 6 10 10
60 35 31 20 50
60 35 51 40 10
60 25 6 20 50
60 25 26 40 10
60 51 34 32 10
60 51 6 28 42
60 51 6 10 18
60 57 54 22 6
60 57 54 28 54
60 57 22 32 22
60 19 38 16 22
60 19 54 44 38
60 41 57 16 22
60 41 13 44 38
60 19 54 22 22
60 54 47 10 38
60 41 13 22 22
60 54 57 50 48
60 54 47 48 22
60 54 35 12 10
60 54 57 38 12
60 29 25 22 10
60 54 35 22 50
60 31 54 22 10
60 29 25 32 50
60 29 57 28 22
60 31 54 32 50
60 31 26 28 22
60 57 34 20 22
60 57 54 40 42
60 57 54 22 18
60 57 16 38 28
60 57 16 6 32
60 57 22 54 38
60 19 38 38 38
60 19 16 22 16
60 41 57 38 38
60 41 35 22 16
60 19 16 38 44
60 16 25 32 16
60 41 35 38 44
60 16 57 28 48
60 16 25 48 44
60 16 13 12 32
60 16 57 16 12
60 29 47 38 32
60 16 13 44 28
60 31 16 38 32
60 29 47 10 28
60 29 57 50 38
60 31 16 10 28
60 31 26 50 38
60 57 34 42 38
60 57 16 18 20
60 57 16 38 40
60 13 44 10 28
60 13 44 38 32
60 13 22 22 10
60 35 38 6 10
60 35 44 54 16
60 25 13 6 10
60 25 19 54 16
60 35 44 10 44
60 44 41 32 16
60 25 19 10 44
60 44 13 28 48
60 44 41 48 44
60 44 29 12 32
60 44 13 16 12
60 13 31 10 32
60 44 29 44 28
60 47 44 10 32
60 13 31 42 28
60 13 13 18 10
60 47 44 42 28
60 47 26 18 10
60 13 34 10 10
60 13 44 50 20
60 13 44 10 40
60 47 57 10 28
60 47 57 38 32
60 47 35 22 10
60 22 25 32 10
60 22 57 28 42
60 38 47 32 10
60 38 19 28 42
60 22 57 10 18
60 57 41 6 42
60 38 19 10 18
60 57 47 54 48
60 57 41 48 18
60 57 29 12 6
60 57 47 42 12
60 26 31 10 6
60 57 29 18 54
60 34 57 10 6
60 26 31 16 54
60 26 47 44 10
60 34 57 16 54
60 34 13 44 10
60 47 47 10 10
60 47 57 50 20
60 47 57 10 40
60 9 7 50 16
60 9 7 6 44
60 9 13 54 50
60 22 47 20 50
60 22 7 40 10
60 38 9 20 50
60 38 29 40 10
60 22 7 50 50
60 7 31 38 10
60 38 29 50 50
60 7 9 22 48
60 7 31 48 50
60 7 19 12 38
60 7 9 10 12
60 26 41 50 38
60 7 19 50 22
60 34 7 50 38
60 26 41 28 22
60 26 9 32 50
60 34 7 28 22
60 34 35 32 50
60 9 25 42 50
60 9 7 18 32
60 9 7 50 28
60 51 16 50 16
60 51 16 6 44
60 51 22 54 50
60 13 38 38 50
60 13 16 22 28
60 47 51 38 50
60 47 29 22 28
60 13 16 50 32
60 16 31 20 28
60 47 29 50 32
60 16 51 40 48
60 16 31 48 32
60 16 19 12 20
60 16 51 28 12
60 35 41 50 20
60 16 19 32 40
60 25 16 50 20
60 35 41 10 40
60 35 51 50 50
60 25 16 10 40
60 25 26 50 50
60 51 34 42 50
60 51 16 18 32
60 51 16 50 28
60 7 44 22 16
60 7 44 38 44
60 7 22 22 22
60 29 38 6 22
60 29 44 54 28
60 31 7 6 22
60 31 13 54 28
60 29 44 22 32
60 44 47 20 28
60 31 13 22 32
60 44 7 40 48
60 44 47 48 32
60 44 35 12 20
60 44 7 28 12
60 19 25 22 20
60 44 35 32 40
60 41 44 22 20
60 19 25 42 40
60 19 7 18 22
60 41 44 42 40
60 41 26 18 22
60 7 34 10 22
60 7 44 50 32
60 7 44 22 28
60 7 6 38 38
60 7 6 16 22
60 7 22 44 38
60 29 38 28 38
60 29 6 32 6
60 31 7 28 38
60 31 35 32 6
60 29 6 38 54
60 6 25 42 6
60 31 35 38 54
60 6 7 18 48
60 6 25 48 54
60 6 13 12 42
60 6 7 6 12
60 19 47 38 42
60 6 13 54 18
60 41 6 38 42
60 19 47 20 18
60 19 7 40 38
60 41 6 20 18
60 41 26 40 38
60 7 34 32 38
60 7 6 28 10
60 7 6 38 50
60 13 54 50 38
60 13 54 28 22
60 13 22 32 50
60 35 38 16 50
60 35 54 44 6
60 25 13 16 50
60 25 29 44 6
60 35 54 50 54
60 54 31 42 6
60 25 29 50 54
60 54 13 18 48
60 54 31 48 54
60 54 19 12 42
60 54 13 6 12
60 13 41 50 42
60 54 19 54 18
60 47 54 50 42
60 13 41 32 18
60 13 13 28 50
60 47 54 32 18
60 47 26 28 50
60 13 34 20 50
60 13 54 40 10
60 13 54 50 50
60 47 7 50 38
60 47 7 28 22
60 47 35 32 50
60 22 25 42 50
60 22 7 18 32
60 38 47 42 50
60 38 29 18 32
60 22 7 50 28
60 7 31 16 32
60 38 29 50 28
60 7 47 44 48
60 7 31 48 28
60 7 19 12 16
60 7 47 32 12
60 26 41 50 16
60 7 19 28 44
60 34 7 50 16
60 26 41 6 44
60 26 47 54 50
60 34 7 6 44
60 34 13 54 50
60 47 47 20 50
60 47 7 40 10
60 47 7 50 50
60 16 53 4 16
60 16 53 20 44
60 16 13 40 4
60 29 47 6 4
60 29 53 54 10
60 31 16 6 4
60 31 22 54 10
60 29 53 4 50
60 53 38 38 10
60 31 22 4 50
60 53 16 22 48
60 53 38 48 50
60 53 26 12 38
60 53 16 10 12
60 19 34 4 38
60 53 26 50 22
60 41 53 4 38
60 19 34 42 22
60 19 16 18 4
60 41 53 42 22
60 41 35 18 4
60 16 25 28 4
60 16 53 32 32
60 16 53 4 28
60 44 9 4 16
60 44 9 20 44
60 44 29 40 4
60 13 31 38 4
60 13 9 22 42
60 47 44 38 4
60 47 22 22 42
60 13 9 4 18
60 9 38 6 42
60 47 22 4 18
60 9 44 54 48
60 9 38 48 18
60 9 26 12 6
60 9 44 42 12
60 35 34 4 6
60 9 26 18 54
60 25 9 4 6
60 35 34 10 54
60 35 44 50 4
60 25 9 10 54
60 25 19 50 4
60 44 41 28 4
60 44 9 32 32
60 44 9 4 28
60 53 51 22 16
60 53 51 38 44
60 53 29 22 22
60 22 31 20 22
60 22 51 40 42
60 38 53 20 22
60 38 13 40 42
60 22 51 22 18
60 51 47 6 42
60 38 13 22 18
60 51 53 54 48
60 51 47 48 18
60 51 35 12 6
60 51 53 42 12
60 26 25 22 6
60 51 35 18 54
60 34 51 22 6
60 26 25 28 54
60 26 53 32 22
60 34 51 28 54
60 34 19 32 22
60 53 41 10 22
60 53 51 50 32
60 53 51 22 28
60 53 13 38 38
60 53 13 16 22
60 53 29 44 38
60 22 31 42 38
60 22 13 18 20
60 38 53 42 38
60 38 35 18 20
60 22 13 38 40
60 13 25 28 20
60 38 35 38 40
60 13 53 32 48
60 13 25 48 40
60 13 13 12 28
60 13 53 20 12
60 26 47 38 28
60 13 13 40 32
60 34 13 38 28
60 26 47 6 32
60 26 53 54 38
60 34 13 6 32
60 34 19 54 38
60 53 41 32 38
60 53 13 28 10
60 53 13 38 50
60 6 47 4 38
60 6 47 42 22
60 6 29 18 4
60 35 31 16 4
60 35 47 44 20
60 25 6 16 4
60 25 22 44 20
60 35 47 4 40
60 47 38 28 20
60 25 22 4 40
60 47 6 32 48
60 47 38 48 40
60 47 26 12 28
60 47 6 20 12
60 13 34 4 28
60 47 26 40 32
60 47 47 4 28
60 13 34 32 32
60 13 6 28 4
60 47 47 32 32
60 47 19 28 4
60 6 41 6 4
60 6 47 54 10
60 6 47 4 50
60 54 53 4 38
60 54 53 42 22
60 54 35 18 4
60 29 25 28 4
60 29 53 32 32
60 31 54 28 4
60 31 22 32 32
60 29 53 4 28
60 53 38 16 32
60 31 22 4 28
60 53 54 44 48
60 53 38 48 28
60 53 26 12 16
60 53 54 32 12
60 19 34 4 16
60 53 26 28 44
60 41 53 4 16
60 19 34 20 44
60 19 54 40 4
60 41 53 20 44
60 41 13 40 4
60 54 47 6 4
60 54 53 54 10
60 54 53 4 50
60 16 57 56 20
60 16 57 16 40
60 16 13 44 56
60 29 47 10 56
60 29 57 50 6
60 31 16 10 56
60 31 26 50 6
60 29 57 56 54
60 57 34 42 6
60 31 26 56 54
60 57 16 18 48
60 57 34 48 54
60 57 22 12 42
60 57 16 6 12
60 19 38 56 42
60 57 22 54 18
60 41 57 56 42
60 19 38 38 18
60 19 16 22 56
60 41 57 38 18
60 41 35 22 56
60 16 25 32 56
60 16 57 28 28
60 16 57 56 32
60 44 13 56 20
60 44 13 16 40
60 44 29 44 56
60 13 31 42 56
60 13 13 18 38
60 47 44 42 56
60 47 26 18 38
60 13 13 56 22
60 13 34 10 38
60 47 26 56 22
60 13 44 50 48
60 13 34 48 22
60 13 22 12 10
60 13 44 38 12
60 35 38 56 10
60 13 22 22 50
60 25 13 56 10
60 35 38 6 50
60 35 44 54 56
60 25 13 6 50
60 25 19 54 56
60 44 41 32 56
60 44 13 28 28
60 44 13 56 32
60 57 47 22 20
60 57 47 42 40
60 57 29 18 22
60 26 31 16 22
60 26 47 44 38
60 34 57 16 22
60 34 13 44 38
60 26 47 22 22
60 47 47 10 38
60 34 13 22 22
60 47 57 50 48
60 47 47 48 22
60 47 35 12 10
60 47 57 38 12
60 22 25 22 10
60 47 35 22 50
60 38 47 22 10
60 22 25 32 50
60 22 57 28 22
60 38 47 32 50
60 38 19 28 22
60 57 41 6 22
60 57 47 54 28
60 57 47 22 32
60 57 9 38 42
60 57 9 20 18
60 57 29 40 38
60 26 31 38 38
60 26 9 22 16
60 34 57 38 38
60 34 35 22 16
60 26 9 38 44
60 9 25 32 16
60 34 35 38 44
60 9 57 28 48
60 9 25 48 44
60 9 13 12 32
60 9 57 16 12
60 22 47 38 32
60 9 13 44 28
60 38 9 38 32
60 22 47 10 28
60 22 57 50 38
60 38 9 10 28
60 38 19 50 38
60 57 41 28 38
60 57 9 32 6
60 57 9 38 54
60 6 51 56 42
60 6 51 38 18
60 6 29 22 56
60 35 31 20 56
60 35 51 40 16
60 25 6 20 56
60 25 26 40 16
60 35 51 56 44
60 51 34 32 16
60 25 26 56 44
60 51 6 28 48
60 51 34 48 44
60 51 22 12 32
60 51 6 16 12
60 13 38 56 32
60 51 22 44 28
60 47 51 56 32
60 13 38 28 28
60 13 6 32 56
60 47 51 28 28
60 47 19 32 56
60 6 41 10 56
60 6 51 50 6
60 6 51 56 54
60 54 57 56 42
60 54 57 38 18
60 54 35 22 56
60 29 25 32 56
60 29 57 28 28
60 31 54 32 56
60 31 26 28 28
60 29 57 56 32
60 57 34 20 28
60 31 26 56 32
60 57 54 40 48
60 57 34 48 32
60 57 22 12 20
60 57 54 28 12
60 19 38 56 20
60 57 22 32 40
60 41 57 56 20
60 19 38 16 40
60 19 54 44 56
60 41 57 16 40
60 41 13 44 56
60 54 47 10 56
60 54 57 50 6
60 54 57 56 54
