1 0 0 0 0 | 1 0
1 0 0 0 1 | 1 1
1 0 0 1 0 | 1 2
1 0 0 1 1 | 1 3
1 0 1 0 0 | 1 4
1 0 1 0 1 | 1 5
1 0 1 1 0 | 1 6
1 0 1 1 1 | 1 7
1 1 0 0 0 | 1 8
1 1 0 0 1 | 1 9
1 1 0 1 0 | 1 10
1 1 0 1 1 | 1 11
1 1 1 0 0 | 1 12
1 1 1 0 1 | 1 13
1 1 1 1 0 | 1 14
1 1 1 1 1 | 1 15
2 0 0 0 1 | 1 16
2 0 0 1 0 | 1 17
2 0 0 1 1 | 1 18
2 0 0 1 2 | 1 19
2 0 0 2 1 | 1 20
2 0 1 0 0 | 1 21
2 0 1 0 1 | 1 22
2 0 1 0 2 | 1 23
2 0 1 1 0 | 1 24
2 0 1 1 1 | 1 25
2 0 1 1 2 | 1 26
2 0 1 2 0 | 1 27
2 0 1 2 1 | 1 28
2 0 1 2 2 | 1 29
2 0 2 0 1 | 1 30
2 0 2 1 0 | 1 31
2 0 2 1 1 | 1 32
2 0 2 1 2 | 1 33
2 0 2 2 1 | 1 34
2 1 0 0 0 | 1 35
2 1 0 0 1 | 1 36
2 1 0 0 2 | 1 37
2 1 0 1 0 | 1 38
2 1 0 1 1 | 1 39
2 1 0 1 2 | 1 40
2 1 0 2 0 | 1 41
2 1 0 2 1 | 1 42
2 1 0 2 2 | 1 43
2 1 1 0 0 | 1 44
2 1 1 0 1 | 1 45
2 1 1 0 2 | 1 46
2 1 1 1 0 | 1 47
2 1 1 1 1 | 1 48
2 1 1 1 2 | 1 49
2 1 1 2 0 | 1 50
2 1 1 2 1 | 1 51
2 1 1 2 2 | 1 52
2 1 2 0 0 | 1 53
2 1 2 0 1 | 1 54
2 1 2 0 2 | 1 55
2 1 2 1 0 | 1 56
2 1 2 1 1 | 1 57
2 1 2 1 2 | 1 58
2 1 2 2 0 | 1 59
2 1 2 2 1 | 1 60
2 1 2 2 2 | 1 61
2 2 0 0 1 | 1 62
2 2 0 1 0 | 1 63
2 2 0 1 1 | 1 64
2 2 0 1 2 | 1 65
2 2 0 2 1 | 1 66
2 2 1 0 0 | 1 67
2 2 1 0 1 | 1 68
2 2 1 0 2 | 1 69
2 2 1 1 0 | 1 70
2 2 1 1 1 | 1 71
2 2 1 1 2 | 1 72
2 2 1 2 0 | 1 73
2 2 1 2 1 | 1 74
2 2 1 2 2 | 1 75
2 2 2 0 1 | 1 76
2 2 2 1 0 | 1 77
2 2 2 1 1 | 1 78
2 2 2 1 2 | 1 79
2 2 2 2 1 | 1 80
3 0 0 1 0 | 1 81
3 0 0 1 3 | 1 82
3 0 0 2 0 | 1 83
3 0 0 2 3 | 1 84
3 0 1 0 0 | 1 85
3 0 1 0 2 | 1 86
3 0 1 0 3 | 1 87
3 0 1 2 1 | 1 88
3 0 1 3 0 | 1 89
3 0 1 3 2 | 1 90
3 0 1 3 3 | 1 91
3 0 2 0 0 | 1 92
3 0 2 0 1 | 1 93
3 0 2 0 3 | 1 94
3 0 2 1 2 | 1 95
3 0 2 3 0 | 1 96
3 0 2 3 1 | 1 97
3 0 2 3 3 | 1 98
3 0 3 1 0 | 1 99
3 0 3 1 3 | 1 100
3 0 3 2 0 | 1 101
3 0 3 2 3 | 1 102
3 1 0 1 0 | 1 103
3 1 0 1 1 | 1 104
3 1 0 1 3 | 1 105
3 1 0 2 2 | 1 106
3 1 1 0 1 | 1 107
3 1 1 0 2 | 1 108
3 1 1 1 1 | 1 109
3 1 1 1 2 | 1 110
3 1 1 2 1 | 1 111
3 1 1 2 2 | 1 112
3 1 1 3 1 | 1 113
3 1 1 3 2 | 1 114
3 1 2 1 1 | 1 115
3 1 2 2 0 | 1 116
3 1 2 2 2 | 1 117
3 1 2 2 3 | 1 118
3 1 3 1 0 | 1 119
3 1 3 1 1 | 1 120
3 1 3 1 3 | 1 121
3 1 3 2 2 | 1 122
3 2 0 1 1 | 1 123
3 2 0 2 0 | 1 124
3 2 0 2 2 | 1 125
3 2 0 2 3 | 1 126
3 2 1 1 0 | 1 127
3 2 1 1 1 | 1 128
3 2 1 1 3 | 1 129
3 2 1 2 2 | 1 130
3 2 2 0 1 | 1 131
3 2 2 0 2 | 1 132
3 2 2 1 1 | 1 133
3 2 2 1 2 | 1 134
3 2 2 2 1 | 1 135
3 2 2 2 2 | 1 136
3 2 2 3 1 | 1 137
3 2 2 3 2 | 1 138
3 2 3 1 1 | 1 139
3 2 3 2 0 | 1 140
3 2 3 2 2 | 1 141
3 2 3 2 3 | 1 142
3 3 0 1 0 | 1 143
3 3 0 1 3 | 1 144
3 3 0 2 0 | 1 145
3 3 0 2 3 | 1 146
3 3 1 0 0 | 1 147
3 3 1 0 2 | 1 148
3 3 1 0 3 | 1 149
3 3 1 2 1 | 1 150
3 3 1 3 0 | 1 151
3 3 1 3 2 | 1 152
3 3 1 3 3 | 1 153
3 3 2 0 0 | 1 154
3 3 2 0 1 | 1 155
3 3 2 0 3 | 1 156
3 3 2 1 2 | 1 157
3 3 2 3 0 | 1 158
3 3 2 3 1 | 1 159
3 3 2 3 3 | 1 160
3 3 3 1 0 | 1 161
3 3 3 1 3 | 1 162
3 3 3 2 0 | 1 163
3 3 3 2 3 | 1 164
4 0 0 0 1 | 2 0 16
4 0 0 0 3 | 2 1 16
4 0 0 1 2 | 2 0 19
4 0 0 1 3 | 2 1 18
4 0 0 3 1 | 2 2 18
4 0 0 3 2 | 2 2 19
4 0 0 4 1 | 2 2 20
4 0 0 4 3 | 2 3 20
4 0 1 0 0 | 1 165
4 0 1 0 2 | 2 0 23
4 0 1 0 4 | 1 166
4 0 1 1 0 | 2 0 24
4 0 1 1 1 | 2 0 25
4 0 1 1 4 | 2 1 26
4 0 1 2 0 | 2 0 27
4 0 1 2 1 | 2 0 28
4 0 1 2 2 | 2 0 29
4 0 1 2 3 | 2 1 28
4 0 1 2 4 | 2 1 29
4 0 1 3 0 | 2 2 24
4 0 1 3 3 | 2 3 25
4 0 1 3 4 | 2 3 26
4 0 1 4 0 | 1 167
4 0 1 4 2 | 2 2 29
4 0 1 4 4 | 1 168
4 0 2 0 1 | 2 0 30
4 0 2 0 3 | 2 1 30
4 0 2 1 2 | 2 0 33
4 0 2 1 3 | 2 1 32
4 0 2 3 1 | 2 2 32
4 0 2 3 2 | 2 2 33
4 0 2 4 1 | 2 2 34
4 0 2 4 3 | 2 3 34
4 0 3 0 0 | 1 169
4 0 3 0 2 | 2 4 23
4 0 3 0 4 | 1 170
4 0 3 1 0 | 2 4 24
4 0 3 1 1 | 2 4 25
4 0 3 1 4 | 2 5 26
4 0 3 2 0 | 2 4 27
4 0 3 2 1 | 2 4 28
4 0 3 2 2 | 2 4 29
4 0 3 2 3 | 2 5 28
4 0 3 2 4 | 2 5 29
4 0 3 3 0 | 2 6 24
4 0 3 3 3 | 2 7 25
4 0 3 3 4 | 2 7 26
4 0 3 4 0 | 1 171
4 0 3 4 2 | 2 6 29
4 0 3 4 4 | 1 172
4 0 4 0 1 | 2 4 30
4 0 4 0 3 | 2 5 30
4 0 4 1 2 | 2 4 33
4 0 4 1 3 | 2 5 32
4 0 4 3 1 | 2 6 32
4 0 4 3 2 | 2 6 33
4 0 4 4 1 | 2 6 34
4 0 4 4 3 | 2 7 34
4 1 0 0 0 | 2 0 35
4 1 0 0 1 | 2 0 36
4 1 0 0 2 | 2 0 37
4 1 0 0 3 | 2 1 36
4 1 0 0 4 | 2 1 37
4 1 0 1 0 | 2 0 38
4 1 0 1 3 | 2 1 39
4 1 0 1 4 | 2 1 40
4 1 0 2 0 | 1 173
4 1 0 2 2 | 2 0 43
4 1 0 2 4 | 1 174
4 1 0 3 0 | 2 2 38
4 1 0 3 1 | 2 2 39
4 1 0 3 4 | 2 3 40
4 1 0 4 0 | 2 2 41
4 1 0 4 1 | 2 2 42
4 1 0 4 2 | 2 2 43
4 1 0 4 3 | 2 3 42
4 1 0 4 4 | 2 3 43
4 1 1 0 0 | 1 175
4 1 1 0 1 | 2 0 45
4 1 1 0 2 | 1 176
4 1 1 0 3 | 2 1 45
4 1 1 0 4 | 1 177
4 1 1 1 0 | 2 0 47
4 1 1 1 3 | 2 1 48
4 1 1 1 4 | 2 1 49
4 1 1 2 0 | 2 0 50
4 1 1 2 2 | 1 178
4 1 1 2 4 | 2 1 52
4 1 1 3 0 | 2 2 47
4 1 1 3 1 | 2 2 48
4 1 1 3 4 | 2 3 49
4 1 1 4 0 | 1 179
4 1 1 4 1 | 2 2 51
4 1 1 4 2 | 1 180
4 1 1 4 3 | 2 3 51
4 1 1 4 4 | 1 181
4 1 2 0 0 | 1 182
4 1 2 0 1 | 2 0 54
4 1 2 0 2 | 1 183
4 1 2 0 3 | 2 1 54
4 1 2 0 4 | 1 184
4 1 2 1 0 | 2 0 56
4 1 2 1 3 | 2 1 57
4 1 2 1 4 | 2 1 58
4 1 2 2 0 | 2 0 59
4 1 2 2 2 | 1 185
4 1 2 2 4 | 2 1 61
4 1 2 3 0 | 2 2 56
4 1 2 3 1 | 2 2 57
4 1 2 3 4 | 2 3 58
4 1 2 4 0 | 1 186
4 1 2 4 1 | 2 2 60
4 1 2 4 2 | 1 187
4 1 2 4 3 | 2 3 60
4 1 2 4 4 | 1 188
4 1 3 0 0 | 2 4 44
4 1 3 0 1 | 2 4 45
4 1 3 0 2 | 2 4 46
4 1 3 0 3 | 2 5 45
4 1 3 0 4 | 2 5 46
4 1 3 1 0 | 2 4 47
4 1 3 1 3 | 2 5 48
4 1 3 1 4 | 2 5 49
4 1 3 2 0 | 1 189
4 1 3 2 2 | 2 4 52
4 1 3 2 4 | 1 190
4 1 3 3 0 | 2 6 47
4 1 3 3 1 | 2 6 48
4 1 3 3 4 | 2 7 49
4 1 3 4 0 | 2 6 50
4 1 3 4 1 | 2 6 51
4 1 3 4 2 | 2 6 52
4 1 3 4 3 | 2 7 51
4 1 3 4 4 | 2 7 52
4 1 4 0 0 | 2 4 53
4 1 4 0 1 | 2 4 54
4 1 4 0 2 | 2 4 55
4 1 4 0 3 | 2 5 54
4 1 4 0 4 | 2 5 55
4 1 4 1 0 | 2 4 56
4 1 4 1 3 | 2 5 57
4 1 4 1 4 | 2 5 58
4 1 4 2 0 | 1 191
4 1 4 2 2 | 2 4 61
4 1 4 2 4 | 1 192
4 1 4 3 0 | 2 6 56
4 1 4 3 1 | 2 6 57
4 1 4 3 4 | 2 7 58
4 1 4 4 0 | 2 6 59
4 1 4 4 1 | 2 6 60
4 1 4 4 2 | 2 6 61
4 1 4 4 3 | 2 7 60
4 1 4 4 4 | 2 7 61
4 2 0 0 1 | 2 0 62
4 2 0 0 3 | 2 1 62
4 2 0 1 2 | 2 0 65
4 2 0 1 3 | 2 1 64
4 2 0 3 1 | 2 2 64
4 2 0 3 2 | 2 2 65
4 2 0 4 1 | 2 2 66
4 2 0 4 3 | 2 3 66
4 2 1 0 0 | 2 0 67
4 2 1 0 2 | 1 193
4 2 1 0 4 | 2 1 69
4 2 1 1 0 | 2 0 70
4 2 1 1 1 | 2 0 71
4 2 1 1 4 | 2 1 72
4 2 1 2 0 | 1 194
4 2 1 2 1 | 2 0 74
4 2 1 2 2 | 1 195
4 2 1 2 3 | 2 1 74
4 2 1 2 4 | 1 196
4 2 1 3 0 | 2 2 70
4 2 1 3 3 | 2 3 71
4 2 1 3 4 | 2 3 72
4 2 1 4 0 | 2 2 73
4 2 1 4 2 | 1 197
4 2 1 4 4 | 2 3 75
4 2 2 0 1 | 2 0 76
4 2 2 0 3 | 2 1 76
4 2 2 1 2 | 2 0 79
4 2 2 1 3 | 2 1 78
4 2 2 3 1 | 2 2 78
4 2 2 3 2 | 2 2 79
4 2 2 4 1 | 2 2 80
4 2 2 4 3 | 2 3 80
4 2 3 0 0 | 2 4 67
4 2 3 0 2 | 1 198
4 2 3 0 4 | 2 5 69
4 2 3 1 0 | 2 4 70
4 2 3 1 1 | 2 4 71
4 2 3 1 4 | 2 5 72
4 2 3 2 0 | 1 199
4 2 3 2 1 | 2 4 74
4 2 3 2 2 | 1 200
4 2 3 2 3 | 2 5 74
4 2 3 2 4 | 1 201
4 2 3 3 0 | 2 6 70
4 2 3 3 3 | 2 7 71
4 2 3 3 4 | 2 7 72
4 2 3 4 0 | 2 6 73
4 2 3 4 2 | 1 202
4 2 3 4 4 | 2 7 75
4 2 4 0 1 | 2 4 76
4 2 4 0 3 | 2 5 76
4 2 4 1 2 | 2 4 79
4 2 4 1 3 | 2 5 78
4 2 4 3 1 | 2 6 78
4 2 4 3 2 | 2 6 79
4 2 4 4 1 | 2 6 80
4 2 4 4 3 | 2 7 80
4 3 0 0 0 | 2 8 35
4 3 0 0 1 | 2 8 36
4 3 0 0 2 | 2 8 37
4 3 0 0 3 | 2 9 36
4 3 0 0 4 | 2 9 37
4 3 0 1 0 | 2 8 38
4 3 0 1 3 | 2 9 39
4 3 0 1 4 | 2 9 40
4 3 0 2 0 | 1 203
4 3 0 2 2 | 2 8 43
4 3 0 2 4 | 1 204
4 3 0 3 0 | 2 10 38
4 3 0 3 1 | 2 10 39
4 3 0 3 4 | 2 11 40
4 3 0 4 0 | 2 10 41
4 3 0 4 1 | 2 10 42
4 3 0 4 2 | 2 10 43
4 3 0 4 3 | 2 11 42
4 3 0 4 4 | 2 11 43
4 3 1 0 0 | 2 8 44
4 3 1 0 1 | 2 8 45
4 3 1 0 2 | 2 8 46
4 3 1 0 3 | 2 9 45
4 3 1 0 4 | 2 9 46
4 3 1 1 0 | 2 8 47
4 3 1 1 3 | 2 9 48
4 3 1 1 4 | 2 9 49
4 3 1 2 0 | 1 205
4 3 1 2 2 | 2 8 52
4 3 1 2 4 | 1 206
4 3 1 3 0 | 2 10 47
4 3 1 3 1 | 2 10 48
4 3 1 3 4 | 2 11 49
4 3 1 4 0 | 2 10 50
4 3 1 4 1 | 2 10 51
4 3 1 4 2 | 2 10 52
4 3 1 4 3 | 2 11 51
4 3 1 4 4 | 2 11 52
4 3 2 0 0 | 1 207
4 3 2 0 1 | 2 8 54
4 3 2 0 2 | 1 208
4 3 2 0 3 | 2 9 54
4 3 2 0 4 | 1 209
4 3 2 1 0 | 2 8 56
4 3 2 1 3 | 2 9 57
4 3 2 1 4 | 2 9 58
4 3 2 2 0 | 2 8 59
4 3 2 2 2 | 1 210
4 3 2 2 4 | 2 9 61
4 3 2 3 0 | 2 10 56
4 3 2 3 1 | 2 10 57
4 3 2 3 4 | 2 11 58
4 3 2 4 0 | 1 211
4 3 2 4 1 | 2 10 60
4 3 2 4 2 | 1 212
4 3 2 4 3 | 2 11 60
4 3 2 4 4 | 1 213
4 3 3 0 0 | 1 214
4 3 3 0 1 | 2 12 45
4 3 3 0 2 | 1 215
4 3 3 0 3 | 2 13 45
4 3 3 0 4 | 1 216
4 3 3 1 0 | 2 12 47
4 3 3 1 3 | 2 13 48
4 3 3 1 4 | 2 13 49
4 3 3 2 0 | 2 12 50
4 3 3 2 2 | 1 217
4 3 3 2 4 | 2 13 52
4 3 3 3 0 | 2 14 47
4 3 3 3 1 | 2 14 48
4 3 3 3 4 | 2 15 49
4 3 3 4 0 | 1 218
4 3 3 4 1 | 2 14 51
4 3 3 4 2 | 1 219
4 3 3 4 3 | 2 15 51
4 3 3 4 4 | 1 220
4 3 4 0 0 | 2 12 53
4 3 4 0 1 | 2 12 54
4 3 4 0 2 | 2 12 55
4 3 4 0 3 | 2 13 54
4 3 4 0 4 | 2 13 55
4 3 4 1 0 | 2 12 56
4 3 4 1 3 | 2 13 57
4 3 4 1 4 | 2 13 58
4 3 4 2 0 | 1 221
4 3 4 2 2 | 2 12 61
4 3 4 2 4 | 1 222
4 3 4 3 0 | 2 14 56
4 3 4 3 1 | 2 14 57
4 3 4 3 4 | 2 15 58
4 3 4 4 0 | 2 14 59
4 3 4 4 1 | 2 14 60
4 3 4 4 2 | 2 14 61
4 3 4 4 3 | 2 15 60
4 3 4 4 4 | 2 15 61
4 4 0 0 1 | 2 8 62
4 4 0 0 3 | 2 9 62
4 4 0 1 2 | 2 8 65
4 4 0 1 3 | 2 9 64
4 4 0 3 1 | 2 10 64
4 4 0 3 2 | 2 10 65
4 4 0 4 1 | 2 10 66
4 4 0 4 3 | 2 11 66
4 4 1 0 0 | 1 223
4 4 1 0 2 | 2 8 69
4 4 1 0 4 | 1 224
4 4 1 1 0 | 2 8 70
4 4 1 1 1 | 2 8 71
4 4 1 1 4 | 2 9 72
4 4 1 2 0 | 2 8 73
4 4 1 2 1 | 2 8 74
4 4 1 2 2 | 2 8 75
4 4 1 2 3 | 2 9 74
4 4 1 2 4 | 2 9 75
4 4 1 3 0 | 2 10 70
4 4 1 3 3 | 2 11 71
4 4 1 3 4 | 2 11 72
4 4 1 4 0 | 1 225
4 4 1 4 2 | 2 10 75
4 4 1 4 4 | 1 226
4 4 2 0 1 | 2 8 76
4 4 2 0 3 | 2 9 76
4 4 2 1 2 | 2 8 79
4 4 2 1 3 | 2 9 78
4 4 2 3 1 | 2 10 78
4 4 2 3 2 | 2 10 79
4 4 2 4 1 | 2 10 80
4 4 2 4 3 | 2 11 80
4 4 3 0 0 | 1 227
4 4 3 0 2 | 2 12 69
4 4 3 0 4 | 1 228
4 4 3 1 0 | 2 12 70
4 4 3 1 1 | 2 12 71
4 4 3 1 4 | 2 13 72
4 4 3 2 0 | 2 12 73
4 4 3 2 1 | 2 12 74
4 4 3 2 2 | 2 12 75
4 4 3 2 3 | 2 13 74
4 4 3 2 4 | 2 13 75
4 4 3 3 0 | 2 14 70
4 4 3 3 3 | 2 15 71
4 4 3 3 4 | 2 15 72
4 4 3 4 0 | 1 229
4 4 3 4 2 | 2 14 75
4 4 3 4 4 | 1 230
4 4 4 0 1 | 2 12 76
4 4 4 0 3 | 2 13 76
4 4 4 1 2 | 2 12 79
4 4 4 1 3 | 2 13 78
4 4 4 3 1 | 2 14 78
4 4 4 3 2 | 2 14 79
4 4 4 4 1 | 2 14 80
4 4 4 4 3 | 2 15 80
6 0 0 1 0 | 2 0 81
6 0 0 1 3 | 2 0 82
6 0 0 1 6 | 2 1 82
6 0 0 2 3 | 2 0 84
6 0 0 4 3 | 2 2 82
6 0 0 5 0 | 2 2 83
6 0 0 5 3 | 2 2 84
6 0 0 5 6 | 2 3 84
6 0 1 0 3 | 2 0 87
6 0 1 0 5 | 2 1 86
6 0 1 1 2 | 3 0 1 24
6 0 1 1 3 | 3 0 1 25
6 0 1 3 1 | 3 0 2 25
6 0 1 3 2 | 2 0 90
6 0 1 3 3 | 2 0 91
6 0 1 3 4 | 3 0 3 26
6 0 1 4 3 | 3 0 3 28
6 0 1 4 5 | 3 1 3 28
6 0 1 5 1 | 2 2 88
6 0 1 5 4 | 2 3 88
6 0 1 6 3 | 2 2 91
6 0 1 6 5 | 2 3 90
6 0 2 2 1 | 3 0 2 30
6 0 2 2 3 | 3 0 1 34
6 0 2 3 0 | 2 0 96
6 0 2 3 1 | 2 0 97
6 0 2 3 2 | 3 0 2 33
6 0 2 3 5 | 3 1 3 32
6 0 2 3 6 | 2 1 98
6 0 2 4 5 | 2 3 95
6 0 2 5 3 | 3 2 3 32
6 0 2 5 4 | 3 2 3 33
6 0 4 1 2 | 3 0 4 33
6 0 4 1 3 | 3 0 5 32
6 0 4 2 1 | 2 4 88
6 0 4 3 0 | 2 4 89
6 0 4 3 1 | 3 0 6 32
6 0 4 3 4 | 3 0 7 33
6 0 4 3 5 | 2 5 90
6 0 4 3 6 | 2 5 91
6 0 4 4 3 | 3 0 7 34
6 0 4 4 5 | 3 1 7 34
6 0 5 0 1 | 2 4 93
6 0 5 0 3 | 2 4 94
6 0 5 1 2 | 2 4 95
6 0 5 1 5 | 2 5 95
6 0 5 2 1 | 3 4 6 22
6 0 5 2 3 | 3 4 5 28
6 0 5 3 2 | 3 4 6 26
6 0 5 3 3 | 2 4 98
6 0 5 3 4 | 2 5 97
6 0 5 3 5 | 3 5 7 25
6 0 5 5 3 | 3 6 7 25
6 0 5 5 4 | 3 6 7 26
6 0 5 6 1 | 2 6 97
6 0 5 6 3 | 2 6 98
6 0 6 1 0 | 2 4 99
6 0 6 1 3 | 2 4 100
6 0 6 1 6 | 2 5 100
6 0 6 2 3 | 2 4 102
6 0 6 4 3 | 2 6 100
6 0 6 5 0 | 2 6 101
6 0 6 5 3 | 2 6 102
6 0 6 5 6 | 2 7 102
6 1 0 0 1 | 3 0 16 35
6 1 0 0 3 | 3 0 1 36
6 1 0 1 2 | 3 0 1 38
6 1 0 1 3 | 2 0 105
6 1 0 1 4 | 2 1 104
6 1 0 1 5 | 3 1 16 40
6 1 0 3 3 | 3 0 3 39
6 1 0 3 4 | 3 0 3 40
6 1 0 4 1 | 2 2 104
6 1 0 4 3 | 2 2 105
6 1 0 5 2 | 2 2 106
6 1 0 5 5 | 2 3 106
6 1 0 6 1 | 3 2 20 41
6 1 0 6 3 | 3 2 3 42
6 1 1 0 3 | 3 0 1 45
6 1 1 2 3 | 3 0 1 51
6 1 1 3 0 | 3 0 2 47
6 1 1 3 1 | 2 0 113
6 1 1 3 2 | 2 0 114
6 1 1 3 3 | 3 0 3 48
6 1 1 3 6 | 3 1 3 49
6 1 1 4 1 | 2 2 109
6 1 1 4 5 | 2 3 110
6 1 1 5 0 | 3 2 17 50
6 1 1 5 3 | 3 2 3 48
6 1 1 5 4 | 2 3 111
6 1 1 5 5 | 2 3 112
6 1 1 5 6 | 3 3 19 52
6 1 1 6 3 | 3 2 3 51
6 1 2 2 1 | 3 0 2 54
6 1 2 3 0 | 3 0 2 56
6 1 2 3 5 | 3 1 3 57
6 1 2 3 6 | 3 1 3 58
6 1 3 3 0 | 3 0 6 47
6 1 3 3 1 | 3 0 6 48
6 1 3 3 6 | 3 1 7 49
6 1 3 4 5 | 3 1 7 51
6 1 4 0 3 | 3 0 5 54
6 1 4 1 0 | 3 0 4 56
6 1 4 1 1 | 2 4 109
6 1 4 1 2 | 2 4 110
6 1 4 1 3 | 3 0 5 57
6 1 4 1 6 | 3 1 5 58
6 1 4 2 1 | 2 4 111
6 1 4 2 5 | 2 5 112
6 1 4 3 0 | 3 0 6 56
6 1 4 3 3 | 3 0 7 57
6 1 4 3 4 | 2 5 113
6 1 4 3 5 | 2 5 114
6 1 4 3 6 | 3 1 7 58
6 1 4 4 3 | 3 0 7 60
6 1 4 6 3 | 3 2 7 60
6 1 5 0 3 | 3 4 5 45
6 1 5 0 5 | 3 5 22 55
6 1 5 1 1 | 2 4 115
6 1 5 1 4 | 2 5 115
6 1 5 2 3 | 2 4 118
6 1 5 2 5 | 2 5 117
6 1 5 3 2 | 3 4 6 49
6 1 5 3 3 | 3 4 7 48
6 1 5 5 1 | 3 6 24 60
6 1 5 5 2 | 2 6 117
6 1 5 5 3 | 2 6 118
6 1 5 5 4 | 3 6 7 49
6 1 5 6 3 | 3 6 7 51
6 1 5 6 5 | 3 7 28 61
6 1 6 0 1 | 3 4 30 53
6 1 6 0 3 | 3 4 5 54
6 1 6 1 2 | 3 4 5 56
6 1 6 1 3 | 2 4 121
6 1 6 1 4 | 2 5 120
6 1 6 1 5 | 3 5 30 58
6 1 6 3 3 | 3 4 7 57
6 1 6 3 4 | 3 4 7 58
6 1 6 4 1 | 2 6 120
6 1 6 4 3 | 2 6 121
6 1 6 5 2 | 2 6 122
6 1 6 5 5 | 2 7 122
6 1 6 6 1 | 3 6 34 59
6 1 6 6 3 | 3 6 7 60
6 2 0 0 3 | 3 0 1 62
6 2 0 0 5 | 3 1 9 16
6 2 0 3 2 | 3 0 2 65
6 2 0 3 3 | 3 0 3 64
6 2 0 4 1 | 2 2 123
6 2 0 5 0 | 2 2 124
6 2 0 5 1 | 3 2 10 18
6 2 0 5 4 | 3 2 3 65
6 2 0 5 5 | 2 3 125
6 2 0 5 6 | 2 3 126
6 2 0 6 3 | 3 2 3 66
6 2 0 6 5 | 3 3 11 20
6 2 1 3 0 | 3 0 2 70
6 2 1 3 1 | 3 0 2 71
6 2 1 3 6 | 3 1 3 72
6 2 1 4 5 | 3 1 3 74
6 2 3 2 1 | 3 0 4 74
6 2 3 3 0 | 3 0 6 70
6 2 3 3 5 | 3 1 7 71
6 2 3 3 6 | 3 1 7 72
6 2 4 0 1 | 3 0 4 76
6 2 4 0 3 | 3 0 5 76
6 2 4 1 0 | 2 4 127
6 2 4 1 1 | 2 4 128
6 2 4 1 2 | 3 0 4 79
6 2 4 1 5 | 3 1 5 78
6 2 4 1 6 | 2 5 129
6 2 4 2 5 | 2 5 130
6 2 4 3 3 | 3 0 7 78
6 2 4 3 4 | 3 0 7 79
6 2 4 6 1 | 3 2 6 80
6 2 4 6 3 | 3 2 7 80
6 2 5 0 1 | 2 4 131
6 2 5 0 5 | 2 5 132
6 2 5 1 0 | 3 4 12 24
6 2 5 1 3 | 3 4 5 71
6 2 5 1 4 | 2 5 133
6 2 5 1 5 | 2 5 134
6 2 5 1 6 | 3 5 13 26
6 2 5 2 3 | 3 4 5 74
6 2 5 4 3 | 3 4 7 74
6 2 5 5 0 | 3 6 14 24
6 2 5 5 1 | 2 6 135
6 2 5 5 2 | 2 6 136
6 2 5 5 3 | 3 6 7 71
6 2 5 5 6 | 3 7 15 26
6 2 5 6 1 | 2 6 137
6 2 5 6 5 | 2 7 138
6 2 6 0 3 | 3 4 5 76
6 2 6 0 5 | 3 5 13 30
6 2 6 3 2 | 3 4 6 79
6 2 6 3 3 | 3 4 7 78
6 2 6 4 1 | 2 6 139
6 2 6 5 0 | 2 6 140
6 2 6 5 1 | 3 6 14 32
6 2 6 5 4 | 3 6 7 79
6 2 6 5 5 | 2 7 141
6 2 6 5 6 | 2 7 142
6 2 6 6 3 | 3 6 7 80
6 2 6 6 5 | 3 7 15 34
6 3 1 0 1 | 3 0 8 45
6 3 1 1 0 | 3 0 8 47
6 3 1 1 5 | 3 1 9 48
6 3 1 1 6 | 3 1 9 49
6 3 1 6 1 | 3 2 10 51
6 3 2 0 5 | 3 1 9 54
6 3 2 5 0 | 3 2 10 56
6 3 2 5 1 | 3 2 10 57
6 3 2 5 6 | 3 3 11 58
6 3 2 6 5 | 3 3 11 60
6 3 4 0 1 | 3 0 12 54
6 3 4 1 0 | 3 0 12 56
6 3 4 1 5 | 3 1 13 57
6 3 4 1 6 | 3 1 13 58
6 3 4 6 1 | 3 2 14 60
6 3 5 0 5 | 3 5 13 45
6 3 5 5 0 | 3 6 14 47
6 3 5 5 1 | 3 6 14 48
6 3 5 5 6 | 3 7 15 49
6 3 5 6 5 | 3 7 15 51
6 4 0 0 1 | 3 0 8 62
6 4 0 0 3 | 3 0 9 62
6 4 0 1 0 | 2 8 103
6 4 0 1 1 | 2 8 104
6 4 0 1 2 | 3 0 8 65
6 4 0 1 5 | 3 1 9 64
6 4 0 1 6 | 2 9 105
6 4 0 2 5 | 2 9 106
6 4 0 3 3 | 3 0 11 64
6 4 0 3 4 | 3 0 11 65
6 4 0 6 1 | 3 2 10 66
6 4 0 6 3 | 3 2 11 66
6 4 1 0 1 | 2 8 107
6 4 1 0 5 | 2 9 108
6 4 1 1 0 | 3 0 8 70
6 4 1 1 3 | 3 0 9 71
6 4 1 1 4 | 2 9 109
6 4 1 1 5 | 2 9 110
6 4 1 1 6 | 3 1 9 72
6 4 1 2 3 | 3 0 9 74
6 4 1 4 3 | 3 0 11 74
6 4 1 5 0 | 3 2 10 70
6 4 1 5 1 | 2 10 111
6 4 1 5 2 | 2 10 112
6 4 1 5 3 | 3 2 11 71
6 4 1 5 6 | 3 3 11 72
6 4 1 6 1 | 2 10 113
6 4 1 6 5 | 2 11 114
6 4 2 0 3 | 3 0 9 76
6 4 2 0 5 | 3 1 9 76
6 4 2 3 2 | 3 0 10 79
6 4 2 3 3 | 3 0 11 78
6 4 2 4 1 | 2 10 115
6 4 2 5 0 | 2 10 116
6 4 2 5 1 | 3 2 10 78
6 4 2 5 4 | 3 2 11 79
6 4 2 5 5 | 2 11 117
6 4 2 5 6 | 2 11 118
6 4 2 6 3 | 3 2 11 80
6 4 2 6 5 | 3 3 11 80
6 4 3 3 0 | 3 0 14 70
6 4 3 3 1 | 3 0 14 71
6 4 3 3 6 | 3 1 15 72
6 4 3 4 5 | 3 1 15 74
6 4 5 2 1 | 3 4 12 74
6 4 5 3 0 | 3 4 14 70
6 4 5 3 5 | 3 5 15 71
6 4 5 3 6 | 3 5 15 72
6 4 6 0 1 | 3 4 12 76
6 4 6 0 3 | 3 4 13 76
6 4 6 1 0 | 2 12 119
6 4 6 1 1 | 2 12 120
6 4 6 1 2 | 3 4 12 79
6 4 6 1 5 | 3 5 13 78
6 4 6 1 6 | 2 13 121
6 4 6 2 5 | 2 13 122
6 4 6 3 3 | 3 4 15 78
6 4 6 3 4 | 3 4 15 79
6 4 6 6 1 | 3 6 14 80
6 4 6 6 3 | 3 6 15 80
6 5 0 0 3 | 3 8 9 36
6 5 0 0 5 | 3 9 37 62
6 5 0 1 1 | 2 8 123
6 5 0 1 4 | 2 9 123
6 5 0 2 3 | 2 8 126
6 5 0 2 5 | 2 9 125
6 5 0 3 2 | 3 8 10 40
6 5 0 3 3 | 3 8 11 39
6 5 0 5 1 | 3 10 38 66
6 5 0 5 2 | 2 10 125
6 5 0 5 3 | 2 10 126
6 5 0 5 4 | 3 10 11 40
6 5 0 6 3 | 3 10 11 42
6 5 0 6 5 | 3 11 43 66
6 5 1 0 1 | 3 8 35 68
6 5 1 0 3 | 3 8 9 45
6 5 1 1 2 | 3 8 9 47
6 5 1 1 3 | 2 8 129
6 5 1 1 4 | 2 9 128
6 5 1 1 5 | 3 9 36 72
6 5 1 3 3 | 3 8 11 48
6 5 1 3 4 | 3 8 11 49
6 5 1 4 1 | 2 10 128
6 5 1 4 3 | 2 10 129
6 5 1 5 2 | 2 10 130
6 5 1 5 5 | 2 11 130
6 5 1 6 1 | 3 10 41 74
6 5 1 6 3 | 3 10 11 51
6 5 2 0 3 | 3 8 9 54
6 5 2 2 3 | 3 8 9 60
6 5 2 3 0 | 3 8 10 56
6 5 2 3 1 | 2 8 137
6 5 2 3 2 | 2 8 138
6 5 2 3 3 | 3 8 11 57
6 5 2 3 6 | 3 9 11 58
6 5 2 4 1 | 2 10 133
6 5 2 4 5 | 2 11 134
6 5 2 5 0 | 3 10 14 38
6 5 2 5 3 | 3 10 11 57
6 5 2 5 4 | 2 11 135
6 5 2 5 5 | 2 11 136
6 5 2 5 6 | 3 11 15 40
6 5 2 6 3 | 3 10 11 60
6 5 3 2 1 | 3 8 12 51
6 5 3 3 0 | 3 8 14 47
6 5 3 3 5 | 3 9 15 48
6 5 3 3 6 | 3 9 15 49
6 5 4 3 0 | 3 8 14 56
6 5 4 3 1 | 3 8 14 57
6 5 4 3 6 | 3 9 15 58
6 5 4 4 5 | 3 9 15 60
6 5 5 0 3 | 3 12 13 45
6 5 5 1 0 | 3 12 44 77
6 5 5 1 1 | 2 12 133
6 5 5 1 2 | 2 12 134
6 5 5 1 3 | 3 12 13 48
6 5 5 1 6 | 3 13 46 79
6 5 5 2 1 | 2 12 135
6 5 5 2 5 | 2 13 136
6 5 5 3 0 | 3 12 14 47
6 5 5 3 3 | 3 12 15 48
6 5 5 3 4 | 2 13 137
6 5 5 3 5 | 2 13 138
6 5 5 3 6 | 3 13 15 49
6 5 5 4 3 | 3 12 15 51
6 5 5 6 3 | 3 14 15 51
6 5 6 0 3 | 3 12 13 54
6 5 6 0 5 | 3 13 55 76
6 5 6 1 1 | 2 12 139
6 5 6 1 4 | 2 13 139
6 5 6 2 3 | 2 12 142
6 5 6 2 5 | 2 13 141
6 5 6 3 2 | 3 12 14 58
6 5 6 3 3 | 3 12 15 57
6 5 6 5 1 | 3 14 56 80
6 5 6 5 2 | 2 14 141
6 5 6 5 3 | 2 14 142
6 5 6 5 4 | 3 14 15 58
6 5 6 6 3 | 3 14 15 60
6 5 6 6 5 | 3 15 61 80
6 6 0 1 0 | 2 8 143
6 6 0 1 3 | 2 8 144
6 6 0 1 6 | 2 9 144
6 6 0 2 3 | 2 8 146
6 6 0 4 3 | 2 10 144
6 6 0 5 0 | 2 10 145
6 6 0 5 3 | 2 10 146
6 6 0 5 6 | 2 11 146
6 6 1 0 3 | 2 8 149
6 6 1 0 5 | 2 9 148
6 6 1 1 2 | 3 8 9 70
6 6 1 1 3 | 3 8 9 71
6 6 1 3 1 | 3 8 10 71
6 6 1 3 2 | 2 8 152
6 6 1 3 3 | 2 8 153
6 6 1 3 4 | 3 8 11 72
6 6 1 4 3 | 3 8 11 74
6 6 1 4 5 | 3 9 11 74
6 6 1 5 1 | 2 10 150
6 6 1 5 4 | 2 11 150
6 6 1 6 3 | 2 10 153
6 6 1 6 5 | 2 11 152
6 6 2 2 1 | 3 8 10 76
6 6 2 2 3 | 3 8 9 80
6 6 2 3 0 | 2 8 158
6 6 2 3 1 | 2 8 159
6 6 2 3 2 | 3 8 10 79
6 6 2 3 5 | 3 9 11 78
6 6 2 3 6 | 2 9 160
6 6 2 4 5 | 2 11 157
6 6 2 5 3 | 3 10 11 78
6 6 2 5 4 | 3 10 11 79
6 6 4 1 2 | 3 8 12 79
6 6 4 1 3 | 3 8 13 78
6 6 4 2 1 | 2 12 150
6 6 4 3 0 | 2 12 151
6 6 4 3 1 | 3 8 14 78
6 6 4 3 4 | 3 8 15 79
6 6 4 3 5 | 2 13 152
6 6 4 3 6 | 2 13 153
6 6 4 4 3 | 3 8 15 80
6 6 4 4 5 | 3 9 15 80
6 6 5 0 1 | 2 12 155
6 6 5 0 3 | 2 12 156
6 6 5 1 2 | 2 12 157
6 6 5 1 5 | 2 13 157
6 6 5 2 1 | 3 12 14 68
6 6 5 2 3 | 3 12 13 74
6 6 5 3 2 | 3 12 14 72
6 6 5 3 3 | 2 12 160
6 6 5 3 4 | 2 13 159
6 6 5 3 5 | 3 13 15 71
6 6 5 5 3 | 3 14 15 71
6 6 5 5 4 | 3 14 15 72
6 6 5 6 1 | 2 14 159
6 6 5 6 3 | 2 14 160
6 6 6 1 0 | 2 12 161
6 6 6 1 3 | 2 12 162
6 6 6 1 6 | 2 13 162
6 6 6 2 3 | 2 12 164
6 6 6 4 3 | 2 14 162
6 6 6 5 0 | 2 14 163
6 6 6 5 3 | 2 14 164
6 6 6 5 6 | 2 15 164
8 0 1 0 0 | 2 0 165
8 0 1 0 2 | 2 16 165
8 0 1 0 4 | 2 0 166
8 0 1 0 8 | 2 1 166
8 0 1 2 0 | 2 17 165
8 0 1 2 6 | 2 18 166
8 0 1 2 8 | 2 19 166
8 0 1 4 4 | 2 0 168
8 0 1 8 0 | 2 2 167
8 0 1 8 2 | 2 20 167
8 0 1 8 4 | 2 2 168
8 0 1 8 8 | 2 3 168
8 0 3 0 6 | 2 16 170
8 0 3 4 0 | 2 0 171
8 0 3 4 8 | 2 1 172
8 0 3 6 0 | 2 17 171
8 0 3 6 2 | 2 18 171
8 0 3 6 8 | 2 19 172
8 0 3 8 6 | 2 20 172
8 0 5 0 2 | 2 22 169
8 0 5 2 0 | 2 24 169
8 0 5 2 6 | 2 25 170
8 0 5 2 8 | 2 26 170
8 0 5 4 0 | 2 4 167
8 0 5 4 8 | 2 5 168
8 0 5 8 2 | 2 28 171
8 0 7 0 0 | 2 4 169
8 0 7 0 4 | 2 4 170
8 0 7 0 6 | 2 30 170
8 0 7 0 8 | 2 5 170
8 0 7 4 4 | 2 4 172
8 0 7 6 0 | 2 31 171
8 0 7 6 2 | 2 32 171
8 0 7 6 8 | 2 33 172
8 0 7 8 0 | 2 6 171
8 0 7 8 4 | 2 6 172
8 0 7 8 6 | 2 34 172
8 0 7 8 8 | 2 7 172
8 1 0 2 4 | 2 0 174
8 1 0 4 0 | 2 17 173
8 1 0 4 2 | 2 18 173
8 1 0 4 8 | 2 19 174
8 1 0 6 0 | 2 2 173
8 1 0 6 4 | 2 2 174
8 1 0 6 6 | 2 20 174
8 1 0 6 8 | 2 3 174
8 1 1 0 4 | 2 0 177
8 1 1 0 6 | 2 1 176
8 1 1 2 0 | 2 17 175
8 1 1 2 4 | 2 16 178
8 1 1 2 8 | 2 19 177
8 1 1 4 2 | 2 0 180
8 1 1 4 4 | 2 0 181
8 1 1 6 2 | 2 2 178
8 1 1 6 4 | 2 17 181
8 1 1 6 6 | 2 3 178
8 1 1 8 4 | 2 2 181
8 1 1 8 6 | 2 3 180
8 1 2 2 0 | 2 17 182
8 1 2 2 8 | 2 19 184
8 1 2 4 0 | 2 0 186
8 1 2 4 2 | 2 0 187
8 1 2 4 8 | 2 1 188
8 1 2 6 6 | 2 3 185
8 1 3 0 0 | 2 21 175
8 1 3 0 2 | 2 21 176
8 1 3 0 4 | 2 21 177
8 1 3 0 6 | 2 22 177
8 1 3 0 8 | 2 23 177
8 1 3 2 6 | 2 16 190
8 1 3 4 2 | 2 18 189
8 1 3 4 4 | 2 17 190
8 1 3 6 2 | 2 20 189
8 1 3 6 6 | 2 20 190
8 1 3 8 0 | 2 27 179
8 1 3 8 2 | 2 27 180
8 1 3 8 4 | 2 27 181
8 1 3 8 6 | 2 28 181
8 1 3 8 8 | 2 29 181
8 1 4 0 0 | 2 21 182
8 1 4 0 2 | 2 21 183
8 1 4 0 4 | 2 21 184
8 1 4 0 6 | 2 22 184
8 1 4 0 8 | 2 23 184
8 1 4 2 2 | 2 16 191
8 1 4 2 6 | 2 16 192
8 1 4 4 4 | 2 17 192
8 1 4 4 6 | 2 18 192
8 1 4 6 2 | 2 20 191
8 1 4 8 0 | 2 27 186
8 1 4 8 2 | 2 27 187
8 1 4 8 4 | 2 27 188
8 1 4 8 6 | 2 28 188
8 1 4 8 8 | 2 29 188
8 1 5 2 2 | 2 4 178
8 1 5 4 0 | 2 4 179
8 1 5 4 6 | 2 5 180
8 1 5 4 8 | 2 5 181
8 1 5 6 0 | 2 27 189
8 1 5 6 8 | 2 29 190
8 1 6 0 2 | 2 4 183
8 1 6 0 4 | 2 4 184
8 1 6 2 2 | 2 4 185
8 1 6 2 4 | 2 21 192
8 1 6 2 6 | 2 5 185
8 1 6 4 4 | 2 4 188
8 1 6 4 6 | 2 5 187
8 1 6 6 0 | 2 27 191
8 1 6 6 4 | 2 27 192
8 1 6 6 8 | 2 29 192
8 1 6 8 2 | 2 6 187
8 1 6 8 4 | 2 6 188
8 1 7 2 0 | 2 4 189
8 1 7 2 2 | 2 30 189
8 1 7 2 4 | 2 4 190
8 1 7 2 8 | 2 5 190
8 1 7 4 0 | 2 31 189
8 1 7 4 6 | 2 32 190
8 1 7 4 8 | 2 33 190
8 1 7 6 4 | 2 6 190
8 1 8 2 4 | 2 4 192
8 1 8 4 0 | 2 31 191
8 1 8 4 2 | 2 32 191
8 1 8 4 8 | 2 33 192
8 1 8 6 0 | 2 6 191
8 1 8 6 4 | 2 6 192
8 1 8 6 6 | 2 34 192
8 1 8 6 8 | 2 7 192
8 2 1 0 0 | 2 35 165
8 2 1 0 8 | 2 37 166
8 2 1 4 2 | 2 0 197
8 2 1 6 0 | 2 2 194
8 2 1 6 6 | 2 3 195
8 2 1 6 8 | 2 3 196
8 2 1 8 0 | 2 41 167
8 2 1 8 8 | 2 43 168
8 2 3 0 4 | 2 16 198
8 2 3 4 0 | 2 17 199
8 2 3 4 4 | 2 16 202
8 2 3 4 8 | 2 19 201
8 2 3 8 4 | 2 20 202
8 2 5 0 0 | 2 44 169
8 2 5 0 8 | 2 46 170
8 2 5 2 0 | 2 4 194
8 2 5 2 2 | 2 4 195
8 2 5 2 8 | 2 5 196
8 2 5 4 6 | 2 5 197
8 2 5 8 0 | 2 50 171
8 2 5 8 8 | 2 52 172
8 2 7 0 2 | 2 4 198
8 2 7 0 4 | 2 30 198
8 2 7 0 6 | 2 5 198
8 2 7 2 4 | 2 4 201
8 2 7 2 6 | 2 5 200
8 2 7 4 0 | 2 31 199
8 2 7 4 4 | 2 30 202
8 2 7 4 8 | 2 33 201
8 2 7 6 2 | 2 6 200
8 2 7 6 4 | 2 6 201
8 2 7 8 2 | 2 6 202
8 2 7 8 4 | 2 34 202
8 2 7 8 6 | 2 7 202
8 3 0 2 2 | 2 16 203
8 3 0 4 0 | 2 17 203
8 3 0 4 6 | 2 18 204
8 3 0 4 8 | 2 19 204
8 3 0 6 0 | 2 2 203
8 3 0 6 8 | 2 3 204
8 3 1 0 0 | 2 35 175
8 3 1 0 2 | 2 35 176
8 3 1 0 4 | 2 35 177
8 3 1 0 6 | 2 36 177
8 3 1 0 8 | 2 37 177
8 3 1 2 2 | 2 16 205
8 3 1 2 6 | 2 16 206
8 3 1 4 4 | 2 17 206
8 3 1 4 6 | 2 18 206
8 3 1 6 2 | 2 20 205
8 3 1 8 0 | 2 41 179
8 3 1 8 2 | 2 41 180
8 3 1 8 4 | 2 41 181
8 3 1 8 6 | 2 42 181
8 3 1 8 8 | 2 43 181
8 3 2 2 0 | 2 17 207
8 3 2 2 4 | 2 16 210
8 3 2 2 8 | 2 19 209
8 3 2 6 4 | 2 17 213
8 3 3 2 4 | 2 16 217
8 3 3 6 0 | 2 17 218
8 3 3 6 4 | 2 17 220
8 3 3 6 8 | 2 19 220
8 3 4 0 0 | 2 21 207
8 3 4 0 2 | 2 21 208
8 3 4 0 4 | 2 21 209
8 3 4 0 6 | 2 22 209
8 3 4 0 8 | 2 23 209
8 3 4 2 6 | 2 16 222
8 3 4 4 2 | 2 18 221
8 3 4 4 4 | 2 17 222
8 3 4 6 2 | 2 20 221
8 3 4 6 6 | 2 20 222
8 3 4 8 0 | 2 27 211
8 3 4 8 2 | 2 27 212
8 3 4 8 4 | 2 27 213
8 3 4 8 6 | 2 28 213
8 3 4 8 8 | 2 29 213
8 3 5 2 0 | 2 4 205
8 3 5 2 8 | 2 5 206
8 3 5 4 0 | 2 21 218
8 3 5 4 2 | 2 21 219
8 3 5 4 8 | 2 23 220
8 3 5 6 6 | 2 25 220
8 3 6 0 0 | 2 4 207
8 3 6 0 2 | 2 4 208
8 3 6 0 8 | 2 5 209
8 3 6 2 6 | 2 5 210
8 3 6 6 0 | 2 27 221
8 3 6 6 8 | 2 29 222
8 3 6 8 0 | 2 6 211
8 3 6 8 2 | 2 6 212
8 3 6 8 8 | 2 7 213
8 3 7 0 0 | 2 4 214
8 3 7 0 6 | 2 5 215
8 3 7 0 8 | 2 5 216
8 3 7 2 0 | 2 31 214
8 3 7 2 8 | 2 33 216
8 3 7 6 2 | 2 6 217
8 3 7 8 0 | 2 6 218
8 3 7 8 6 | 2 7 219
8 3 7 8 8 | 2 7 220
8 3 8 2 2 | 2 30 221
8 3 8 4 0 | 2 31 221
8 3 8 4 6 | 2 32 222
8 3 8 4 8 | 2 33 222
8 3 8 6 0 | 2 6 221
8 3 8 6 8 | 2 7 222
8 4 1 0 6 | 2 16 224
8 4 1 2 2 | 2 18 223
8 4 1 2 4 | 2 17 224
8 4 1 4 2 | 2 16 225
8 4 1 4 6 | 2 16 226
8 4 1 6 0 | 2 17 225
8 4 1 6 2 | 2 18 225
8 4 1 6 4 | 2 17 226
8 4 1 6 6 | 2 18 226
8 4 1 6 8 | 2 19 226
8 4 1 8 6 | 2 20 226
8 4 3 0 2 | 2 16 227
8 4 3 2 0 | 2 17 227
8 4 3 2 2 | 2 18 227
8 4 3 2 4 | 2 17 228
8 4 3 2 6 | 2 18 228
8 4 3 2 8 | 2 19 228
8 4 3 4 2 | 2 16 229
8 4 3 4 6 | 2 16 230
8 4 3 6 4 | 2 17 230
8 4 3 6 6 | 2 18 230
8 4 3 8 2 | 2 20 229
8 4 5 0 6 | 2 22 228
8 4 5 2 2 | 2 25 227
8 4 5 2 4 | 2 24 228
8 4 5 4 2 | 2 22 229
8 4 5 4 6 | 2 22 230
8 4 5 6 0 | 2 24 229
8 4 5 6 2 | 2 25 229
8 4 5 6 4 | 2 24 230
8 4 5 6 6 | 2 25 230
8 4 5 6 8 | 2 26 230
8 4 5 8 6 | 2 28 230
8 4 7 0 2 | 2 30 227
8 4 7 2 0 | 2 31 227
8 4 7 2 2 | 2 32 227
8 4 7 2 4 | 2 31 228
8 4 7 2 6 | 2 32 228
8 4 7 2 8 | 2 33 228
8 4 7 4 2 | 2 30 229
8 4 7 4 6 | 2 30 230
8 4 7 6 4 | 2 31 230
8 4 7 6 6 | 2 32 230
8 4 7 8 2 | 2 34 229
8 5 0 2 0 | 2 8 173
8 5 0 2 8 | 2 9 174
8 5 0 4 0 | 2 38 203
8 5 0 4 2 | 2 39 203
8 5 0 4 8 | 2 40 204
8 5 0 6 6 | 2 42 204
8 5 1 0 0 | 2 8 175
8 5 1 0 2 | 2 8 176
8 5 1 0 8 | 2 9 177
8 5 1 2 6 | 2 9 178
8 5 1 6 0 | 2 41 205
8 5 1 6 8 | 2 43 206
8 5 1 8 0 | 2 10 179
8 5 1 8 2 | 2 10 180
8 5 1 8 8 | 2 11 181
8 5 2 0 0 | 2 8 182
8 5 2 0 6 | 2 9 183
8 5 2 0 8 | 2 9 184
8 5 2 2 0 | 2 38 207
8 5 2 2 8 | 2 40 209
8 5 2 6 2 | 2 10 185
8 5 2 8 0 | 2 10 186
8 5 2 8 6 | 2 11 187
8 5 2 8 8 | 2 11 188
8 5 3 2 2 | 2 35 217
8 5 3 4 0 | 2 35 218
8 5 3 4 6 | 2 36 220
8 5 3 4 8 | 2 37 220
8 5 3 6 0 | 2 10 189
8 5 3 6 8 | 2 11 190
8 5 4 0 0 | 2 44 207
8 5 4 0 2 | 2 44 208
8 5 4 0 4 | 2 44 209
8 5 4 0 6 | 2 45 209
8 5 4 0 8 | 2 46 209
8 5 4 2 2 | 2 36 221
8 5 4 2 6 | 2 36 222
8 5 4 4 4 | 2 38 222
8 5 4 4 6 | 2 39 222
8 5 4 6 2 | 2 42 221
8 5 4 8 0 | 2 50 211
8 5 4 8 2 | 2 50 212
8 5 4 8 4 | 2 50 213
8 5 4 8 6 | 2 51 213
8 5 4 8 8 | 2 52 213
8 5 5 2 0 | 2 47 214
8 5 5 2 4 | 2 45 217
8 5 5 2 8 | 2 49 216
8 5 5 6 4 | 2 47 220
8 5 6 2 4 | 2 44 222
8 5 6 6 0 | 2 50 221
8 5 6 6 4 | 2 50 222
8 5 6 6 8 | 2 52 222
8 5 7 0 0 | 2 53 214
8 5 7 0 2 | 2 53 215
8 5 7 0 4 | 2 53 216
8 5 7 0 6 | 2 54 216
8 5 7 0 8 | 2 55 216
8 5 7 2 6 | 2 55 217
8 5 7 4 2 | 2 53 219
8 5 7 4 4 | 2 53 220
8 5 7 6 2 | 2 56 219
8 5 7 6 6 | 2 57 220
8 5 7 8 0 | 2 59 218
8 5 7 8 2 | 2 59 219
8 5 7 8 4 | 2 59 220
8 5 7 8 6 | 2 60 220
8 5 7 8 8 | 2 61 220
8 5 8 2 0 | 2 12 191
8 5 8 2 8 | 2 13 192
8 5 8 4 0 | 2 56 221
8 5 8 4 2 | 2 57 221
8 5 8 4 8 | 2 58 222
8 5 8 6 6 | 2 60 222
8 6 1 0 2 | 2 8 193
8 6 1 0 4 | 2 35 224
8 6 1 0 6 | 2 9 193
8 6 1 2 4 | 2 8 196
8 6 1 2 6 | 2 9 195
8 6 1 4 0 | 2 35 225
8 6 1 4 4 | 2 35 226
8 6 1 4 8 | 2 37 226
8 6 1 6 2 | 2 10 195
8 6 1 6 4 | 2 10 196
8 6 1 8 2 | 2 10 197
8 6 1 8 4 | 2 41 226
8 6 1 8 6 | 2 11 197
8 6 3 0 0 | 2 35 227
8 6 3 0 8 | 2 37 228
8 6 3 4 2 | 2 8 202
8 6 3 6 0 | 2 10 199
8 6 3 6 6 | 2 11 200
8 6 3 6 8 | 2 11 201
8 6 3 8 0 | 2 41 229
8 6 3 8 8 | 2 43 230
8 6 5 0 4 | 2 44 228
8 6 5 4 0 | 2 44 229
8 6 5 4 4 | 2 44 230
8 6 5 4 8 | 2 46 230
8 6 5 8 4 | 2 50 230
8 6 7 0 0 | 2 53 227
8 6 7 0 8 | 2 55 228
8 6 7 2 0 | 2 12 199
8 6 7 2 2 | 2 12 200
8 6 7 2 8 | 2 13 201
8 6 7 4 6 | 2 13 202
8 6 7 8 0 | 2 59 229
8 6 7 8 8 | 2 61 230
8 7 0 2 0 | 2 8 203
8 7 0 2 2 | 2 62 203
8 7 0 2 4 | 2 8 204
8 7 0 2 8 | 2 9 204
8 7 0 4 0 | 2 63 203
8 7 0 4 6 | 2 64 204
8 7 0 4 8 | 2 65 204
8 7 0 6 4 | 2 10 204
8 7 1 2 4 | 2 8 206
8 7 1 4 0 | 2 63 205
8 7 1 4 2 | 2 64 205
8 7 1 4 8 | 2 65 206
8 7 1 6 0 | 2 10 205
8 7 1 6 4 | 2 10 206
8 7 1 6 6 | 2 66 206
8 7 1 6 8 | 2 11 206
8 7 2 0 4 | 2 8 209
8 7 2 0 6 | 2 9 208
8 7 2 2 0 | 2 63 207
8 7 2 2 4 | 2 62 210
8 7 2 2 8 | 2 65 209
8 7 2 4 2 | 2 8 212
8 7 2 4 4 | 2 8 213
8 7 2 6 2 | 2 10 210
8 7 2 6 4 | 2 63 213
8 7 2 6 6 | 2 11 210
8 7 2 8 4 | 2 10 213
8 7 2 8 6 | 2 11 212
8 7 3 2 0 | 2 63 214
8 7 3 2 8 | 2 65 216
8 7 3 4 0 | 2 8 218
8 7 3 4 2 | 2 8 219
8 7 3 4 8 | 2 9 220
8 7 3 6 6 | 2 11 217
8 7 4 0 0 | 2 67 207
8 7 4 0 2 | 2 67 208
8 7 4 0 4 | 2 67 209
8 7 4 0 6 | 2 68 209
8 7 4 0 8 | 2 69 209
8 7 4 2 6 | 2 62 222
8 7 4 4 2 | 2 64 221
8 7 4 4 4 | 2 63 222
8 7 4 6 2 | 2 66 221
8 7 4 6 6 | 2 66 222
8 7 4 8 0 | 2 73 211
8 7 4 8 2 | 2 73 212
8 7 4 8 4 | 2 73 213
8 7 4 8 6 | 2 74 213
8 7 4 8 8 | 2 75 213
8 7 5 0 0 | 2 67 214
8 7 5 0 2 | 2 67 215
8 7 5 0 4 | 2 67 216
8 7 5 0 6 | 2 68 216
8 7 5 0 8 | 2 69 216
8 7 5 2 2 | 2 67 217
8 7 5 2 6 | 2 69 217
8 7 5 4 4 | 2 67 220
8 7 5 4 6 | 2 68 220
8 7 5 6 2 | 2 70 219
8 7 5 8 0 | 2 73 218
8 7 5 8 2 | 2 73 219
8 7 5 8 4 | 2 73 220
8 7 5 8 6 | 2 74 220
8 7 5 8 8 | 2 75 220
8 7 6 2 2 | 2 12 210
8 7 6 4 0 | 2 12 211
8 7 6 4 6 | 2 13 212
8 7 6 4 8 | 2 13 213
8 7 6 6 0 | 2 73 221
8 7 6 6 8 | 2 75 222
8 7 7 0 2 | 2 12 215
8 7 7 0 4 | 2 12 216
8 7 7 2 2 | 2 12 217
8 7 7 2 4 | 2 76 217
8 7 7 2 6 | 2 13 217
8 7 7 4 4 | 2 12 220
8 7 7 4 6 | 2 13 219
8 7 7 6 0 | 2 77 218
8 7 7 6 4 | 2 77 220
8 7 7 6 8 | 2 79 220
8 7 7 8 2 | 2 14 219
8 7 7 8 4 | 2 14 220
8 7 8 2 0 | 2 12 221
8 7 8 2 2 | 2 76 221
8 7 8 2 4 | 2 12 222
8 7 8 2 8 | 2 13 222
8 7 8 4 0 | 2 77 221
8 7 8 4 6 | 2 78 222
8 7 8 4 8 | 2 79 222
8 7 8 6 4 | 2 14 222
8 8 1 0 0 | 2 8 223
8 8 1 0 2 | 2 62 223
8 8 1 0 4 | 2 8 224
8 8 1 0 8 | 2 9 224
8 8 1 2 0 | 2 63 223
8 8 1 2 6 | 2 64 224
8 8 1 2 8 | 2 65 224
8 8 1 4 4 | 2 8 226
8 8 1 8 0 | 2 10 225
8 8 1 8 2 | 2 66 225
8 8 1 8 4 | 2 10 226
8 8 1 8 8 | 2 11 226
8 8 3 0 6 | 2 62 228
8 8 3 4 0 | 2 8 229
8 8 3 4 8 | 2 9 230
8 8 3 6 0 | 2 63 229
8 8 3 6 2 | 2 64 229
8 8 3 6 8 | 2 65 230
8 8 3 8 6 | 2 66 230
8 8 5 0 2 | 2 68 227
8 8 5 2 0 | 2 70 227
8 8 5 2 6 | 2 71 228
8 8 5 2 8 | 2 72 228
8 8 5 4 0 | 2 12 225
8 8 5 4 8 | 2 13 226
8 8 5 8 2 | 2 74 229
8 8 7 0 0 | 2 12 227
8 8 7 0 4 | 2 12 228
8 8 7 0 6 | 2 76 228
8 8 7 0 8 | 2 13 228
8 8 7 4 4 | 2 12 230
8 8 7 6 0 | 2 77 229
8 8 7 6 2 | 2 78 229
8 8 7 6 8 | 2 79 230
8 8 7 8 0 | 2 14 229
8 8 7 8 4 | 2 14 230
8 8 7 8 6 | 2 80 230
8 8 7 8 8 | 2 15 230
12 0 0 2 3 | 2 16 81
12 0 0 5 0 | 2 17 81
12 0 0 5 9 | 2 18 82
12 0 0 5 12 | 2 19 82
12 0 0 7 0 | 2 17 83
12 0 0 7 3 | 2 18 83
12 0 0 7 12 | 2 19 84
12 0 0 10 9 | 2 20 84
12 0 1 0 2 | 3 0 16 165
12 0 1 0 6 | 3 0 16 166
12 0 1 2 4 | 3 0 17 166
12 0 1 2 10 | 3 1 18 166
12 0 1 6 6 | 3 0 18 168
12 0 1 6 8 | 3 0 19 168
12 0 1 12 2 | 3 2 20 167
12 0 1 12 6 | 3 2 20 168
12 0 2 3 0 | 2 17 85
12 0 2 3 7 | 2 18 86
12 0 2 3 12 | 2 19 87
12 0 2 10 5 | 2 20 88
12 0 3 4 0 | 2 21 83
12 0 3 4 6 | 3 0 16 172
12 0 3 4 12 | 2 23 84
12 0 3 10 0 | 3 2 17 171
12 0 3 10 6 | 3 2 18 172
12 0 3 10 12 | 3 3 19 172
12 0 5 0 0 | 2 21 85
12 0 5 0 4 | 2 21 86
12 0 5 0 7 | 2 22 86
12 0 5 0 9 | 2 22 87
12 0 5 0 12 | 2 23 87
12 0 5 4 2 | 3 0 22 171
12 0 5 4 8 | 2 23 88
12 0 5 6 0 | 3 0 24 171
12 0 5 6 10 | 3 1 25 172
12 0 5 6 12 | 3 1 26 172
12 0 5 7 2 | 2 24 88
12 0 5 7 5 | 2 25 88
12 0 5 9 3 | 2 25 89
12 0 5 9 10 | 2 26 90
12 0 5 12 0 | 2 27 89
12 0 5 12 4 | 2 27 90
12 0 5 12 7 | 2 28 90
12 0 5 12 9 | 2 28 91
12 0 5 12 12 | 2 29 91
12 0 7 0 0 | 2 21 92
12 0 7 0 3 | 2 22 92
12 0 7 0 5 | 2 22 93
12 0 7 0 8 | 2 23 93
12 0 7 0 12 | 2 23 94
12 0 7 3 2 | 2 24 93
12 0 7 3 9 | 2 25 94
12 0 7 5 7 | 2 25 95
12 0 7 5 10 | 2 26 95
12 0 7 6 0 | 3 0 31 171
12 0 7 6 2 | 3 0 32 171
12 0 7 6 12 | 3 1 33 172
12 0 7 8 4 | 2 27 95
12 0 7 8 10 | 3 1 34 172
12 0 7 12 0 | 2 27 96
12 0 7 12 3 | 2 28 96
12 0 7 12 5 | 2 28 97
12 0 7 12 8 | 2 29 97
12 0 7 12 12 | 2 29 98
12 0 9 2 0 | 3 4 24 169
12 0 9 2 6 | 3 4 25 170
12 0 9 2 12 | 3 5 26 170
12 0 9 8 0 | 2 27 99
12 0 9 8 6 | 3 4 28 172
12 0 9 8 12 | 2 29 100
12 0 10 2 7 | 2 30 95
12 0 10 9 0 | 2 31 96
12 0 10 9 5 | 2 32 97
12 0 10 9 12 | 2 33 98
12 0 11 0 6 | 3 4 30 170
12 0 11 0 10 | 3 5 30 170
12 0 11 6 4 | 3 4 31 172
12 0 11 6 6 | 3 4 32 172
12 0 11 10 2 | 3 6 32 171
12 0 11 10 8 | 3 6 33 172
12 0 11 12 6 | 3 6 34 172
12 0 11 12 10 | 3 7 34 172
12 0 12 2 3 | 2 30 99
12 0 12 5 0 | 2 31 99
12 0 12 5 9 | 2 32 100
12 0 12 5 12 | 2 33 100
12 0 12 7 0 | 2 31 101
12 0 12 7 3 | 2 32 101
12 0 12 7 12 | 2 33 102
12 0 12 10 9 | 2 34 102
12 1 0 4 4 | 3 0 17 174
12 1 0 4 6 | 3 0 18 174
12 1 0 8 2 | 3 2 18 173
12 1 0 8 8 | 3 2 19 174
12 1 0 10 6 | 3 2 20 174
12 1 0 10 10 | 3 3 20 174
12 1 1 2 4 | 3 0 16 178
12 1 1 2 8 | 3 0 19 177
12 1 1 6 4 | 3 0 17 181
12 1 1 6 8 | 3 0 19 181
12 1 1 10 4 | 3 2 17 181
12 1 1 10 8 | 3 2 19 181
12 1 2 2 4 | 3 0 16 185
12 1 2 4 0 | 3 0 2 182
12 1 2 4 2 | 3 0 2 183
12 1 2 4 12 | 3 1 3 184
12 1 2 6 0 | 3 0 17 186
12 1 2 6 8 | 3 0 19 188
12 1 2 6 10 | 3 1 3 185
12 1 2 6 12 | 3 1 19 188
12 1 3 0 4 | 3 0 21 177
12 1 3 0 6 | 3 0 22 177
12 1 3 2 0 | 3 0 24 175
12 1 3 2 4 | 3 0 1 189
12 1 3 2 12 | 3 1 26 177
12 1 3 4 2 | 3 0 18 189
12 1 3 4 4 | 3 0 17 190
12 1 3 4 6 | 3 0 18 190
12 1 3 4 8 | 3 0 19 190
12 1 3 6 6 | 3 0 20 190
12 1 3 6 8 | 3 0 3 190
12 1 3 6 10 | 3 1 20 190
12 1 3 8 2 | 3 0 27 180
12 1 3 8 8 | 3 0 29 181
12 1 3 10 6 | 3 2 20 190
12 1 3 10 10 | 3 3 20 190
12 1 3 12 4 | 3 2 27 181
12 1 3 12 6 | 3 2 28 181
12 1 4 4 0 | 3 0 17 191
12 1 4 4 2 | 3 0 18 191
12 1 4 4 4 | 3 0 17 192
12 1 4 4 6 | 3 0 18 192
12 1 4 4 12 | 3 1 19 192
12 1 4 6 2 | 3 0 20 191
12 1 4 6 10 | 3 1 20 192
12 1 4 8 8 | 3 0 29 188
12 1 4 8 10 | 3 1 28 188
12 1 4 10 6 | 3 2 20 192
12 1 5 0 4 | 3 0 4 177
12 1 5 0 10 | 3 1 5 176
12 1 5 4 6 | 3 0 5 180
12 1 5 4 8 | 3 0 5 181
12 1 5 10 2 | 3 2 6 178
12 1 5 10 6 | 3 2 7 178
12 1 5 12 4 | 3 2 6 181
12 1 5 12 10 | 3 3 7 180
12 1 6 0 2 | 3 0 4 183
12 1 6 0 8 | 3 0 5 184
12 1 6 2 6 | 3 0 5 185
12 1 6 2 10 | 3 1 5 185
12 1 6 8 4 | 3 0 6 188
12 1 6 8 6 | 3 0 7 187
12 1 6 12 2 | 3 2 6 187
12 1 6 12 8 | 3 2 7 188
12 1 7 2 6 | 3 0 30 190
12 1 7 4 2 | 3 0 32 189
12 1 7 4 4 | 3 0 31 190
12 1 7 6 2 | 3 0 34 189
12 1 7 6 10 | 3 1 34 190
12 1 7 8 0 | 3 2 31 189
12 1 7 8 6 | 3 2 32 190
12 1 7 8 8 | 3 2 33 190
12 1 7 8 10 | 3 3 32 190
12 1 7 8 12 | 3 3 33 190
12 1 8 0 6 | 3 4 22 184
12 1 8 0 8 | 3 4 23 184
12 1 8 2 2 | 3 0 30 191
12 1 8 2 6 | 3 0 30 192
12 1 8 4 4 | 3 0 31 192
12 1 8 4 10 | 3 1 32 192
12 1 8 6 2 | 3 0 34 191
12 1 8 6 4 | 3 0 6 192
12 1 8 6 6 | 3 0 34 192
12 1 8 8 4 | 3 2 31 192
12 1 8 8 6 | 3 2 32 192
12 1 8 8 8 | 3 2 33 192
12 1 8 8 10 | 3 3 32 192
12 1 8 10 0 | 3 2 6 191
12 1 8 10 8 | 3 2 7 192
12 1 8 10 12 | 3 3 7 192
12 1 8 12 6 | 3 6 28 188
12 1 8 12 8 | 3 6 29 188
12 1 9 6 0 | 3 4 27 189
12 1 9 6 2 | 3 4 6 178
12 1 9 6 4 | 3 4 27 190
12 1 9 6 12 | 3 5 29 190
12 1 9 8 0 | 3 4 6 179
12 1 9 8 10 | 3 5 7 180
12 1 9 8 12 | 3 5 7 181
12 1 9 10 8 | 3 6 29 190
12 1 10 2 4 | 3 4 21 192
12 1 10 2 8 | 3 4 23 192
12 1 10 6 4 | 3 4 27 192
12 1 10 6 8 | 3 4 29 192
12 1 10 10 4 | 3 6 27 192
12 1 10 10 8 | 3 6 29 192
12 1 11 2 2 | 3 4 30 189
12 1 11 2 6 | 3 4 30 190
12 1 11 4 4 | 3 4 31 190
12 1 11 4 10 | 3 5 32 190
12 1 11 8 6 | 3 6 32 190
12 1 11 8 8 | 3 6 33 190
12 1 12 4 4 | 3 4 31 192
12 1 12 4 6 | 3 4 32 192
12 1 12 8 2 | 3 6 32 191
12 1 12 8 8 | 3 6 33 192
12 1 12 10 6 | 3 6 34 192
12 1 12 10 10 | 3 7 34 192
12 2 0 5 0 | 2 17 103
12 2 0 5 5 | 2 18 104
12 2 0 5 12 | 2 19 105
12 2 0 10 7 | 2 20 106
12 2 1 0 0 | 3 0 35 165
12 2 1 0 2 | 3 0 36 165
12 2 1 0 4 | 3 0 16 193
12 2 1 0 12 | 3 1 37 166
12 2 1 2 0 | 3 0 38 165
12 2 1 2 10 | 3 1 16 196
12 2 1 2 12 | 3 1 40 166
12 2 1 4 8 | 3 0 19 196
12 2 1 12 0 | 3 2 41 167
12 2 1 12 2 | 3 2 42 167
12 2 1 12 4 | 3 2 20 197
12 2 1 12 12 | 3 3 43 168
12 2 3 0 10 | 3 1 23 193
12 2 3 2 0 | 2 21 103
12 2 3 2 2 | 2 21 104
12 2 3 2 12 | 2 23 105
12 2 3 4 4 | 3 0 16 202
12 2 3 4 10 | 2 23 106
12 2 3 8 0 | 3 0 41 171
12 2 3 8 8 | 3 0 43 172
12 2 3 8 12 | 3 1 43 172
12 2 3 10 0 | 3 2 27 194
12 2 3 10 2 | 3 2 17 202
12 2 3 10 12 | 3 3 29 196
12 2 3 12 10 | 3 3 29 197
12 2 5 0 2 | 2 21 107
12 2 5 0 5 | 2 22 107
12 2 5 0 7 | 2 22 108
12 2 5 0 10 | 2 23 108
12 2 5 2 8 | 2 23 109
12 2 5 2 10 | 2 23 110
12 2 5 4 0 | 3 0 24 199
12 2 5 4 12 | 3 1 26 201
12 2 5 5 2 | 2 24 109
12 2 5 5 7 | 2 25 110
12 2 5 7 5 | 2 25 111
12 2 5 7 10 | 2 26 112
12 2 5 8 0 | 3 0 50 171
12 2 5 8 12 | 3 1 52 172
12 2 5 10 2 | 2 27 111
12 2 5 10 4 | 2 27 112
12 2 5 12 2 | 2 27 113
12 2 5 12 5 | 2 28 113
12 2 5 12 7 | 2 28 114
12 2 5 12 10 | 2 29 114
12 2 7 0 2 | 3 0 4 198
12 2 7 2 0 | 3 0 4 199
12 2 7 2 10 | 3 1 5 200
12 2 7 2 12 | 3 1 5 201
12 2 7 4 0 | 3 0 31 199
12 2 7 4 4 | 3 0 30 202
12 2 7 4 12 | 3 1 33 201
12 2 7 8 2 | 2 27 115
12 2 7 8 8 | 3 0 61 172
12 2 7 10 0 | 2 27 116
12 2 7 10 10 | 2 29 117
12 2 7 10 12 | 2 29 118
12 2 7 12 2 | 3 2 6 202
12 2 9 0 0 | 3 4 44 169
12 2 9 0 8 | 3 4 46 170
12 2 9 0 10 | 3 5 23 198
12 2 9 0 12 | 3 5 46 170
12 2 9 8 4 | 3 4 28 202
12 2 9 10 0 | 3 6 27 199
12 2 9 10 2 | 3 6 24 202
12 2 9 10 12 | 3 7 29 201
12 2 9 12 0 | 3 6 50 171
12 2 9 12 8 | 3 6 52 172
12 2 9 12 10 | 3 7 29 202
12 2 9 12 12 | 3 7 52 172
12 2 10 2 5 | 2 30 115
12 2 10 7 0 | 2 31 116
12 2 10 7 7 | 2 32 117
12 2 10 7 12 | 2 33 118
12 2 11 0 4 | 3 4 30 198
12 2 11 0 8 | 3 4 55 170
12 2 11 4 4 | 3 4 30 202
12 2 11 4 8 | 3 4 33 201
12 2 11 8 4 | 3 4 34 202
12 2 11 8 8 | 3 4 61 172
12 2 11 12 4 | 3 6 34 202
12 2 11 12 8 | 3 6 61 172
12 2 12 5 0 | 2 31 119
12 2 12 5 5 | 2 32 120
12 2 12 5 12 | 2 33 121
12 2 12 10 7 | 2 34 122
12 3 0 2 0 | 2 35 81
12 3 0 2 6 | 3 0 16 204
12 3 0 2 12 | 2 37 82
12 3 0 8 0 | 3 2 17 203
12 3 0 8 6 | 3 2 18 204
12 3 0 8 12 | 3 3 19 204
12 3 1 0 4 | 3 0 35 177
12 3 1 0 6 | 3 0 36 177
12 3 1 0 8 | 3 0 37 177
12 3 1 0 10 | 3 1 36 177
12 3 1 2 0 | 3 0 38 175
12 3 1 2 8 | 3 0 1 206
12 3 1 2 12 | 3 1 40 177
12 3 1 4 6 | 3 0 18 206
12 3 1 4 8 | 3 0 19 206
12 3 1 6 2 | 3 0 20 205
12 3 1 6 6 | 3 0 20 206
12 3 1 8 4 | 3 0 41 181
12 3 1 8 10 | 3 1 42 181
12 3 1 10 2 | 3 2 20 205
12 3 1 10 4 | 3 2 3 205
12 3 1 10 6 | 3 2 20 206
12 3 1 12 4 | 3 2 41 181
12 3 1 12 6 | 3 2 42 181
12 3 1 12 8 | 3 2 43 181
12 3 1 12 10 | 3 3 42 181
12 3 2 0 0 | 2 35 85
12 3 2 0 10 | 2 37 86
12 3 2 0 12 | 2 37 87
12 3 2 2 2 | 3 0 17 208
12 3 2 4 0 | 3 0 2 207
12 3 2 4 10 | 3 1 3 208
12 3 2 4 12 | 3 1 3 209
12 3 2 6 0 | 3 0 17 211
12 3 2 6 4 | 3 0 17 213
12 3 2 6 12 | 3 1 19 213
12 3 2 10 2 | 2 41 88
12 3 2 10 8 | 3 2 19 213
12 3 2 12 0 | 2 41 89
12 3 2 12 10 | 2 43 90
12 3 2 12 12 | 2 43 91
12 3 3 0 2 | 3 0 16 214
12 3 3 0 4 | 3 0 1 214
12 3 3 0 8 | 3 0 1 216
12 3 3 0 10 | 3 1 16 216
12 3 3 2 2 | 3 0 17 215
12 3 3 2 10 | 3 1 18 216
12 3 3 4 8 | 3 0 1 220
12 3 3 4 10 | 3 1 3 215
12 3 3 8 2 | 3 0 2 219
12 3 3 8 4 | 3 0 2 220
12 3 3 10 2 | 3 2 17 219
12 3 3 10 10 | 3 3 18 220
12 3 3 12 2 | 3 2 20 218
12 3 3 12 4 | 3 2 3 218
12 3 3 12 8 | 3 2 3 220
12 3 3 12 10 | 3 3 20 220
12 3 4 2 0 | 3 0 4 203
12 3 4 2 8 | 3 0 1 222
12 3 4 2 12 | 3 1 5 204
12 3 4 4 0 | 3 0 17 221
12 3 4 4 2 | 3 0 18 221
12 3 4 4 12 | 3 1 19 222
12 3 4 6 10 | 3 1 20 222
12 3 4 10 4 | 3 2 3 221
12 3 5 2 8 | 3 0 5 206
12 3 5 6 2 | 3 0 24 219
12 3 5 8 0 | 3 0 27 218
12 3 5 8 10 | 3 1 28 220
12 3 5 8 12 | 3 1 29 220
12 3 5 10 0 | 3 2 6 205
12 3 5 10 4 | 3 2 6 206
12 3 5 10 12 | 3 3 7 206
12 3 6 0 2 | 3 0 4 208
12 3 6 0 4 | 3 0 4 209
12 3 6 0 8 | 3 0 5 209
12 3 6 0 10 | 3 1 5 208
12 3 6 2 2 | 3 0 4 210
12 3 6 2 10 | 3 1 5 210
12 3 6 4 8 | 3 0 5 213
12 3 6 4 10 | 3 1 5 212
12 3 6 8 2 | 3 0 6 212
12 3 6 8 4 | 3 0 6 213
12 3 6 10 2 | 3 2 6 210
12 3 6 10 10 | 3 3 7 210
12 3 6 12 2 | 3 2 6 212
12 3 6 12 4 | 3 2 6 213
12 3 6 12 8 | 3 2 7 213
12 3 6 12 10 | 3 3 7 212
12 3 7 0 0 | 2 44 92
12 3 7 0 2 | 2 44 93
12 3 7 0 12 | 2 46 94
12 3 7 2 4 | 3 0 30 217
12 3 7 2 10 | 2 46 95
12 3 7 6 0 | 3 0 31 218
12 3 7 6 8 | 3 0 33 220
12 3 7 6 12 | 3 1 33 220
12 3 7 8 0 | 3 0 6 218
12 3 7 8 2 | 3 0 6 219
12 3 7 8 12 | 3 1 7 220
12 3 7 10 10 | 3 3 7 217
12 3 7 12 0 | 2 50 96
12 3 7 12 2 | 2 50 97
12 3 7 12 12 | 2 52 98
12 3 8 0 2 | 3 4 21 208
12 3 8 0 4 | 3 4 21 209
12 3 8 0 6 | 3 4 22 209
12 3 8 0 8 | 3 4 23 209
12 3 8 2 6 | 3 0 30 222
12 3 8 2 8 | 3 0 5 222
12 3 8 2 10 | 3 1 30 222
12 3 8 4 2 | 3 0 32 221
12 3 8 4 8 | 3 0 33 222
12 3 8 6 6 | 3 0 34 222
12 3 8 6 10 | 3 1 34 222
12 3 8 8 4 | 3 2 31 222
12 3 8 8 6 | 3 2 32 222
12 3 8 10 0 | 3 2 6 221
12 3 8 10 4 | 3 2 6 222
12 3 8 10 12 | 3 3 7 222
12 3 8 12 2 | 3 6 27 212
12 3 8 12 4 | 3 6 27 213
12 3 8 12 6 | 3 6 28 213
12 3 8 12 8 | 3 6 29 213
12 3 9 4 0 | 3 4 21 218
12 3 9 4 6 | 3 4 22 220
12 3 9 4 12 | 3 5 23 220
12 3 9 10 0 | 2 50 101
12 3 9 10 6 | 3 6 25 220
12 3 9 10 12 | 2 52 102
12 3 10 6 4 | 3 4 27 222
12 3 10 8 0 | 3 4 6 211
12 3 10 8 2 | 3 4 6 212
12 3 10 8 12 | 3 5 7 213
12 3 10 10 0 | 3 6 27 221
12 3 10 10 8 | 3 6 29 222
12 3 10 10 10 | 3 7 28 222
12 3 10 10 12 | 3 7 29 222
12 3 11 2 0 | 3 4 31 214
12 3 11 2 2 | 3 4 31 215
12 3 11 2 4 | 3 4 30 217
12 3 11 2 12 | 3 5 33 216
12 3 11 4 0 | 3 4 6 214
12 3 11 4 10 | 3 5 7 215
12 3 11 4 12 | 3 5 7 216
12 3 11 6 8 | 3 4 33 220
12 3 12 2 0 | 2 53 99
12 3 12 2 6 | 3 4 30 222
12 3 12 2 12 | 2 55 100
12 3 12 8 0 | 3 6 31 221
12 3 12 8 6 | 3 6 32 222
12 3 12 8 12 | 3 7 33 222
12 4 1 4 6 | 3 0 16 226
12 4 1 6 2 | 3 0 18 225
12 4 1 6 4 | 3 0 17 226
12 4 1 8 2 | 3 0 20 225
12 4 1 8 10 | 3 1 20 226
12 4 1 10 0 | 3 2 17 225
12 4 1 10 6 | 3 2 18 226
12 4 1 10 8 | 3 2 19 226
12 4 1 10 10 | 3 3 18 226
12 4 1 10 12 | 3 3 19 226
12 4 3 0 8 | 3 0 1 228
12 4 3 4 2 | 3 0 16 229
12 4 3 6 0 | 3 0 17 229
12 4 3 6 10 | 3 1 18 230
12 4 3 6 12 | 3 1 19 230
12 4 3 8 0 | 3 0 2 229
12 4 3 8 4 | 3 0 2 230
12 4 3 8 12 | 3 1 3 230
12 4 3 12 8 | 3 2 3 230
12 4 5 0 4 | 3 0 4 224
12 4 5 4 0 | 3 0 4 225
12 4 5 4 8 | 3 0 5 226
12 4 5 4 12 | 3 1 5 226
12 4 5 6 0 | 3 0 24 229
12 4 5 6 2 | 3 0 25 229
12 4 5 6 12 | 3 1 26 230
12 4 5 8 10 | 3 1 28 230
12 4 5 12 4 | 3 2 6 226
12 4 7 2 0 | 3 0 31 227
12 4 7 2 2 | 3 0 32 227
12 4 7 2 4 | 3 0 31 228
12 4 7 2 6 | 3 0 32 228
12 4 7 2 12 | 3 1 33 228
12 4 7 4 2 | 3 0 30 229
12 4 7 4 10 | 3 1 30 230
12 4 7 6 8 | 3 0 33 230
12 4 7 6 10 | 3 1 32 230
12 4 7 8 6 | 3 0 34 230
12 4 9 0 6 | 3 4 22 228
12 4 9 0 8 | 3 4 5 224
12 4 9 0 10 | 3 5 22 228
12 4 9 2 2 | 3 4 25 227
12 4 9 2 8 | 3 4 26 228
12 4 9 4 6 | 3 4 22 230
12 4 9 4 10 | 3 5 22 230
12 4 9 6 4 | 3 4 24 230
12 4 9 6 6 | 3 4 25 230
12 4 9 8 0 | 3 4 6 225
12 4 9 8 4 | 3 4 6 226
12 4 9 8 12 | 3 5 7 226
12 4 9 10 2 | 3 6 25 229
12 4 9 10 4 | 3 6 24 230
12 4 9 10 6 | 3 6 25 230
12 4 9 10 8 | 3 6 26 230
12 4 9 12 6 | 3 6 28 230
12 4 9 12 8 | 3 6 7 226
12 4 9 12 10 | 3 7 28 230
12 4 11 0 2 | 3 4 30 227
12 4 11 0 4 | 3 4 5 227
12 4 11 0 6 | 3 4 30 228
12 4 11 2 4 | 3 4 31 228
12 4 11 2 6 | 3 4 32 228
12 4 11 2 8 | 3 4 33 228
12 4 11 2 10 | 3 5 32 228
12 4 11 4 0 | 3 4 6 227
12 4 11 4 8 | 3 4 5 230
12 4 11 4 12 | 3 5 7 228
12 4 11 6 6 | 3 4 32 230
12 4 11 6 8 | 3 4 33 230
12 4 11 8 2 | 3 4 34 229
12 4 11 8 6 | 3 4 34 230
12 4 11 10 4 | 3 6 31 230
12 4 11 10 10 | 3 7 32 230
12 4 11 12 2 | 3 6 34 229
12 4 11 12 4 | 3 6 7 229
12 4 11 12 6 | 3 6 34 230
12 5 0 2 0 | 2 35 103
12 5 0 2 3 | 2 36 103
12 5 0 2 5 | 2 36 104
12 5 0 2 8 | 2 37 104
12 5 0 2 12 | 2 37 105
12 5 0 5 2 | 2 38 104
12 5 0 5 9 | 2 39 105
12 5 0 7 7 | 2 39 106
12 5 0 7 10 | 2 40 106
12 5 0 8 0 | 3 2 38 203
12 5 0 8 2 | 3 2 39 203
12 5 0 8 12 | 3 3 40 204
12 5 0 10 4 | 2 41 106
12 5 0 10 10 | 3 3 42 204
12 5 1 0 2 | 3 0 8 176
12 5 1 0 8 | 3 0 9 177
12 5 1 2 6 | 3 0 9 178
12 5 1 2 10 | 3 1 9 178
12 5 1 8 4 | 3 0 10 181
12 5 1 8 6 | 3 0 11 180
12 5 1 12 2 | 3 2 10 180
12 5 1 12 8 | 3 2 11 181
12 5 2 0 8 | 2 37 107
12 5 2 0 10 | 2 37 108
12 5 2 2 0 | 3 0 38 207
12 5 2 2 12 | 3 1 40 209
12 5 2 3 2 | 2 38 107
12 5 2 3 7 | 2 39 108
12 5 2 5 5 | 2 39 109
12 5 2 5 10 | 2 40 110
12 5 2 6 0 | 3 0 38 211
12 5 2 6 12 | 3 1 40 213
12 5 2 8 2 | 2 41 109
12 5 2 8 4 | 2 41 110
12 5 2 10 2 | 2 41 111
12 5 2 10 5 | 2 42 111
12 5 2 10 7 | 2 42 112
12 5 2 10 10 | 2 43 112
12 5 2 12 8 | 2 43 113
12 5 2 12 10 | 2 43 114
12 5 3 0 0 | 3 0 35 214
12 5 3 0 2 | 3 0 35 215
12 5 3 0 12 | 3 1 37 216
12 5 3 2 10 | 3 1 37 217
12 5 3 6 4 | 3 0 10 190
12 5 3 10 0 | 3 2 10 189
12 5 3 10 8 | 3 2 11 190
12 5 3 10 12 | 3 3 11 190
12 5 3 12 0 | 3 2 41 218
12 5 3 12 2 | 3 2 41 219
12 5 3 12 12 | 3 3 43 220
12 5 4 0 0 | 3 0 44 207
12 5 4 0 10 | 3 1 45 209
12 5 4 0 12 | 3 1 46 209
12 5 4 2 0 | 3 0 8 191
12 5 4 2 4 | 3 0 8 192
12 5 4 2 12 | 3 1 9 192
12 5 4 6 8 | 3 0 11 192
12 5 4 10 2 | 3 2 42 221
12 5 4 12 0 | 3 2 50 211
12 5 4 12 10 | 3 3 51 213
12 5 4 12 12 | 3 3 52 213
12 5 5 0 2 | 2 44 107
12 5 5 0 4 | 2 44 108
12 5 5 2 2 | 2 44 109
12 5 5 2 5 | 2 45 109
12 5 5 2 7 | 2 45 110
12 5 5 2 10 | 2 46 110
12 5 5 4 8 | 2 46 111
12 5 5 4 10 | 2 46 112
12 5 5 6 0 | 3 0 47 218
12 5 5 6 12 | 3 1 49 220
12 5 5 7 2 | 2 47 111
12 5 5 7 7 | 2 48 112
12 5 5 9 5 | 2 48 113
12 5 5 9 10 | 2 49 114
12 5 5 10 0 | 3 2 47 218
12 5 5 10 12 | 3 3 49 220
12 5 5 12 2 | 2 50 113
12 5 5 12 4 | 2 50 114
12 5 6 0 4 | 3 0 12 184
12 5 6 0 10 | 3 1 13 183
12 5 6 4 6 | 3 0 13 187
12 5 6 4 8 | 3 0 13 188
12 5 6 10 2 | 3 2 14 185
12 5 6 10 6 | 3 2 15 185
12 5 6 12 4 | 3 2 14 188
12 5 6 12 10 | 3 3 15 187
12 5 7 2 2 | 3 0 53 217
12 5 7 2 8 | 2 46 115
12 5 7 4 0 | 3 0 53 218
12 5 7 4 10 | 3 1 54 220
12 5 7 4 12 | 3 1 55 220
12 5 7 5 2 | 2 47 115
12 5 7 5 5 | 2 48 115
12 5 7 7 3 | 2 48 116
12 5 7 7 10 | 2 49 117
12 5 7 10 0 | 2 50 116
12 5 7 10 4 | 2 50 117
12 5 7 10 7 | 2 51 117
12 5 7 10 9 | 2 51 118
12 5 7 10 12 | 2 52 118
12 5 8 0 0 | 3 4 44 207
12 5 8 0 2 | 3 4 44 208
12 5 8 0 4 | 3 4 44 209
12 5 8 0 6 | 3 4 45 209
12 5 8 0 12 | 3 5 46 209
12 5 8 2 2 | 3 0 54 221
12 5 8 2 10 | 3 1 54 222
12 5 8 4 8 | 3 0 58 222
12 5 8 4 10 | 3 1 57 222
12 5 8 6 6 | 3 0 60 222
12 5 8 12 0 | 3 6 50 211
12 5 8 12 2 | 3 6 50 212
12 5 8 12 4 | 3 6 50 213
12 5 8 12 6 | 3 6 51 213
12 5 8 12 12 | 3 7 52 213
12 5 9 2 0 | 3 4 47 214
12 5 9 2 8 | 3 4 49 216
12 5 9 2 12 | 3 5 49 216
12 5 9 4 0 | 3 4 12 179
12 5 9 4 2 | 3 4 12 180
12 5 9 4 12 | 3 5 13 181
12 5 9 6 10 | 3 5 15 178
12 5 9 8 0 | 2 50 119
12 5 9 8 2 | 2 50 120
12 5 9 8 12 | 2 52 121
12 5 9 10 4 | 3 6 47 220
12 5 9 10 10 | 2 52 122
12 5 10 2 2 | 2 53 115
12 5 10 2 8 | 3 4 46 222
12 5 10 4 0 | 2 53 116
12 5 10 4 10 | 2 55 117
12 5 10 4 12 | 2 55 118
12 5 10 6 2 | 3 4 14 185
12 5 10 8 0 | 3 4 14 186
12 5 10 8 10 | 3 5 15 187
12 5 10 8 12 | 3 5 15 188
12 5 10 10 0 | 3 6 50 221
12 5 10 10 4 | 3 6 50 222
12 5 10 10 12 | 3 7 52 222
12 5 11 0 0 | 3 4 53 214
12 5 11 0 6 | 3 4 54 216
12 5 11 0 8 | 3 4 55 216
12 5 11 0 10 | 3 5 54 216
12 5 11 0 12 | 3 5 55 216
12 5 11 6 6 | 3 4 57 220
12 5 11 8 2 | 3 4 59 219
12 5 11 8 4 | 3 4 59 220
12 5 11 10 2 | 3 6 56 219
12 5 11 10 10 | 3 7 57 220
12 5 11 12 0 | 3 6 59 218
12 5 11 12 6 | 3 6 60 220
12 5 11 12 8 | 3 6 61 220
12 5 11 12 10 | 3 7 60 220
12 5 11 12 12 | 3 7 61 220
12 5 12 2 0 | 2 53 119
12 5 12 2 3 | 2 54 119
12 5 12 2 5 | 2 54 120
12 5 12 2 8 | 2 55 120
12 5 12 2 12 | 2 55 121
12 5 12 5 2 | 2 56 120
12 5 12 5 9 | 2 57 121
12 5 12 7 7 | 2 57 122
12 5 12 7 10 | 2 58 122
12 5 12 8 0 | 3 6 56 221
12 5 12 8 2 | 3 6 57 221
12 5 12 8 12 | 3 7 58 222
12 5 12 10 4 | 2 59 122
12 5 12 10 10 | 3 7 60 222
12 6 1 2 6 | 3 0 9 195
12 6 1 2 8 | 3 0 9 196
12 6 1 8 2 | 3 0 10 197
12 6 1 8 6 | 3 0 11 197
12 6 1 10 4 | 3 2 10 196
12 6 1 10 10 | 3 3 11 195
12 6 3 2 2 | 3 0 8 200
12 6 3 2 4 | 3 0 8 201
12 6 3 4 2 | 3 0 8 202
12 6 3 4 10 | 3 1 9 202
12 6 3 6 2 | 3 0 10 200
12 6 3 6 4 | 3 0 10 201
12 6 3 6 8 | 3 0 11 201
12 6 3 6 10 | 3 1 11 200
12 6 3 8 2 | 3 0 10 202
12 6 3 8 10 | 3 1 11 202
12 6 3 10 8 | 3 2 11 201
12 6 3 10 10 | 3 3 11 200
12 6 5 2 2 | 3 0 12 195
12 6 5 2 8 | 3 0 13 196
12 6 5 4 6 | 3 0 13 197
12 6 5 4 10 | 3 1 13 197
12 6 5 10 4 | 3 2 14 196
12 6 5 10 6 | 3 2 15 195
12 6 7 2 6 | 3 0 13 200
12 6 7 2 8 | 3 0 13 201
12 6 7 8 2 | 3 0 14 202
12 6 7 8 6 | 3 0 15 202
12 6 7 10 4 | 3 2 14 201
12 6 7 10 10 | 3 3 15 200
12 6 9 2 2 | 3 4 12 195
12 6 9 2 4 | 3 4 12 196
12 6 9 4 2 | 3 4 12 197
12 6 9 4 10 | 3 5 13 197
12 6 9 6 2 | 3 4 14 195
12 6 9 6 4 | 3 4 14 196
12 6 9 6 8 | 3 4 15 196
12 6 9 6 10 | 3 5 15 195
12 6 9 8 2 | 3 4 14 197
12 6 9 8 10 | 3 5 15 197
12 6 9 10 8 | 3 6 15 196
12 6 9 10 10 | 3 7 15 195
12 6 11 2 2 | 3 4 12 200
12 6 11 2 8 | 3 4 13 201
12 6 11 4 6 | 3 4 13 202
12 6 11 4 10 | 3 5 13 202
12 6 11 10 4 | 3 6 14 201
12 6 11 10 6 | 3 6 15 200
12 7 0 2 2 | 3 0 62 203
12 7 0 2 8 | 2 37 123
12 7 0 4 0 | 3 0 63 203
12 7 0 4 10 | 3 1 64 204
12 7 0 4 12 | 3 1 65 204
12 7 0 5 2 | 2 38 123
12 7 0 5 5 | 2 39 123
12 7 0 7 3 | 2 39 124
12 7 0 7 10 | 2 40 125
12 7 0 10 0 | 2 41 124
12 7 0 10 4 | 2 41 125
12 7 0 10 7 | 2 42 125
12 7 0 10 9 | 2 42 126
12 7 0 10 12 | 2 43 126
12 7 1 0 0 | 3 8 35 175
12 7 1 0 2 | 3 8 35 176
12 7 1 0 4 | 3 8 35 177
12 7 1 0 6 | 3 8 36 177
12 7 1 0 12 | 3 9 37 177
12 7 1 2 2 | 3 0 62 205
12 7 1 2 10 | 3 1 62 206
12 7 1 4 8 | 3 0 65 206
12 7 1 4 10 | 3 1 64 206
12 7 1 6 6 | 3 0 66 206
12 7 1 12 0 | 3 10 41 179
12 7 1 12 2 | 3 10 41 180
12 7 1 12 4 | 3 10 41 181
12 7 1 12 6 | 3 10 42 181
12 7 1 12 12 | 3 11 43 181
12 7 2 2 0 | 3 0 63 207
12 7 2 2 8 | 3 0 65 209
12 7 2 2 12 | 3 1 65 209
12 7 2 4 0 | 3 0 8 211
12 7 2 4 2 | 3 0 8 212
12 7 2 4 12 | 3 1 9 213
12 7 2 6 10 | 3 1 11 210
12 7 2 8 0 | 2 41 127
12 7 2 8 2 | 2 41 128
12 7 2 8 12 | 2 43 129
12 7 2 10 4 | 3 2 63 213
12 7 2 10 10 | 2 43 130
12 7 3 2 2 | 2 44 123
12 7 3 2 8 | 3 0 65 216
12 7 3 4 0 | 2 44 124
12 7 3 4 10 | 2 46 125
12 7 3 4 12 | 2 46 126
12 7 3 6 2 | 3 0 10 217
12 7 3 8 0 | 3 0 10 218
12 7 3 8 10 | 3 1 11 219
12 7 3 8 12 | 3 1 11 220
12 7 3 10 0 | 3 2 63 218
12 7 3 10 4 | 3 2 63 220
12 7 3 10 12 | 3 3 65 220
12 7 4 0 0 | 3 0 67 207
12 7 4 0 6 | 3 0 68 209
12 7 4 0 8 | 3 0 69 209
12 7 4 0 10 | 3 1 68 209
12 7 4 0 12 | 3 1 69 209
12 7 4 6 6 | 3 0 66 222
12 7 4 8 2 | 3 0 73 212
12 7 4 8 4 | 3 0 73 213
12 7 4 10 2 | 3 2 66 221
12 7 4 10 10 | 3 3 66 222
12 7 4 12 0 | 3 2 73 211
12 7 4 12 6 | 3 2 74 213
12 7 4 12 8 | 3 2 75 213
12 7 4 12 10 | 3 3 74 213
12 7 4 12 12 | 3 3 75 213
12 7 5 2 0 | 2 44 127
12 7 5 2 3 | 2 45 127
12 7 5 2 5 | 2 45 128
12 7 5 2 8 | 2 46 128
12 7 5 2 12 | 2 46 129
12 7 5 5 2 | 2 47 128
12 7 5 5 9 | 2 48 129
12 7 5 7 7 | 2 48 130
12 7 5 7 10 | 2 49 130
12 7 5 8 0 | 3 0 73 218
12 7 5 8 2 | 3 0 73 219
12 7 5 8 12 | 3 1 75 220
12 7 5 10 4 | 2 50 130
12 7 5 10 10 | 3 3 71 220
12 7 6 0 2 | 3 0 12 208
12 7 6 0 8 | 3 0 13 209
12 7 6 2 6 | 3 0 13 210
12 7 6 2 10 | 3 1 13 210
12 7 6 8 4 | 3 0 14 213
12 7 6 8 6 | 3 0 15 212
12 7 6 12 2 | 3 2 14 212
12 7 6 12 8 | 3 2 15 213
12 7 7 0 8 | 2 46 131
12 7 7 0 10 | 2 46 132
12 7 7 2 0 | 3 0 77 214
12 7 7 2 12 | 3 1 79 216
12 7 7 3 2 | 2 47 131
12 7 7 3 7 | 2 48 132
12 7 7 5 5 | 2 48 133
12 7 7 5 10 | 2 49 134
12 7 7 6 0 | 3 0 77 218
12 7 7 6 12 | 3 1 79 220
12 7 7 8 2 | 2 50 133
12 7 7 8 4 | 2 50 134
12 7 7 10 2 | 2 50 135
12 7 7 10 5 | 2 51 135
12 7 7 10 7 | 2 51 136
12 7 7 10 10 | 2 52 136
12 7 7 12 8 | 2 52 137
12 7 7 12 10 | 2 52 138
12 7 8 0 0 | 3 4 67 207
12 7 8 0 2 | 3 4 67 208
12 7 8 0 12 | 3 5 69 209
12 7 8 2 10 | 3 1 76 222
12 7 8 6 4 | 3 0 14 222
12 7 8 10 0 | 3 2 14 221
12 7 8 10 8 | 3 2 15 222
12 7 8 10 12 | 3 3 15 222
12 7 8 12 0 | 3 6 73 211
12 7 8 12 2 | 3 6 73 212
12 7 8 12 12 | 3 7 75 213
12 7 9 0 0 | 3 4 67 214
12 7 9 0 10 | 3 5 68 216
12 7 9 0 12 | 3 5 69 216
12 7 9 2 0 | 3 4 12 205
12 7 9 2 4 | 3 4 12 206
12 7 9 2 12 | 3 5 13 206
12 7 9 6 8 | 3 4 15 206
12 7 9 10 2 | 3 6 70 219
12 7 9 12 0 | 3 6 73 218
12 7 9 12 10 | 3 7 74 220
12 7 9 12 12 | 3 7 75 220
12 7 10 0 2 | 2 53 131
12 7 10 0 4 | 2 53 132
12 7 10 2 2 | 2 53 133
12 7 10 2 5 | 2 54 133
12 7 10 2 7 | 2 54 134
12 7 10 2 10 | 2 55 134
12 7 10 4 8 | 2 55 135
12 7 10 4 10 | 2 55 136
12 7 10 6 0 | 3 4 73 221
12 7 10 6 12 | 3 5 75 222
12 7 10 7 2 | 2 56 135
12 7 10 7 7 | 2 57 136
12 7 10 9 5 | 2 57 137
12 7 10 9 10 | 2 58 138
12 7 10 10 0 | 3 6 73 221
12 7 10 10 12 | 3 7 75 222
12 7 10 12 2 | 2 59 137
12 7 10 12 4 | 2 59 138
12 7 11 0 4 | 3 4 12 216
12 7 11 0 10 | 3 5 13 215
12 7 11 4 6 | 3 4 13 219
12 7 11 4 8 | 3 4 13 220
12 7 11 10 2 | 3 6 14 217
12 7 11 10 6 | 3 6 15 217
12 7 11 12 4 | 3 6 14 220
12 7 11 12 10 | 3 7 15 219
12 7 12 2 2 | 3 4 76 221
12 7 12 2 8 | 2 55 139
12 7 12 4 0 | 3 4 77 221
12 7 12 4 10 | 3 5 78 222
12 7 12 4 12 | 3 5 79 222
12 7 12 5 2 | 2 56 139
12 7 12 5 5 | 2 57 139
12 7 12 7 3 | 2 57 140
12 7 12 7 10 | 2 58 141
12 7 12 10 0 | 2 59 140
12 7 12 10 4 | 2 59 141
12 7 12 10 7 | 2 60 141
12 7 12 10 9 | 2 60 142
12 7 12 10 12 | 2 61 142
12 8 1 0 6 | 3 0 62 224
12 8 1 0 8 | 3 0 9 224
12 8 1 0 10 | 3 1 62 224
12 8 1 2 2 | 3 0 64 223
12 8 1 2 8 | 3 0 65 224
12 8 1 4 6 | 3 0 62 226
12 8 1 4 10 | 3 1 62 226
12 8 1 6 4 | 3 0 63 226
12 8 1 6 6 | 3 0 64 226
12 8 1 8 0 | 3 0 10 225
12 8 1 8 4 | 3 0 10 226
12 8 1 8 12 | 3 1 11 226
12 8 1 10 2 | 3 2 64 225
12 8 1 10 4 | 3 2 63 226
12 8 1 10 6 | 3 2 64 226
12 8 1 10 8 | 3 2 65 226
12 8 1 12 6 | 3 2 66 226
12 8 1 12 8 | 3 2 11 226
12 8 1 12 10 | 3 3 66 226
12 8 3 0 2 | 3 0 62 227
12 8 3 0 4 | 3 0 8 228
12 8 3 0 6 | 3 0 62 228
12 8 3 2 4 | 3 0 63 228
12 8 3 2 6 | 3 0 64 228
12 8 3 2 8 | 3 0 65 228
12 8 3 2 10 | 3 1 64 228
12 8 3 4 0 | 3 0 8 229
12 8 3 4 8 | 3 0 9 230
12 8 3 4 12 | 3 1 9 230
12 8 3 6 6 | 3 0 64 230
12 8 3 6 8 | 3 0 65 230
12 8 3 8 2 | 3 0 66 229
12 8 3 8 6 | 3 0 66 230
12 8 3 10 4 | 3 2 63 230
12 8 3 10 10 | 3 3 64 230
12 8 3 12 2 | 3 2 66 229
12 8 3 12 4 | 3 2 10 230
12 8 3 12 6 | 3 2 66 230
12 8 5 4 6 | 3 0 68 230
12 8 5 6 2 | 3 0 71 229
12 8 5 6 4 | 3 0 70 230
12 8 5 8 2 | 3 0 74 229
12 8 5 8 10 | 3 1 74 230
12 8 5 10 0 | 3 2 70 229
12 8 5 10 6 | 3 2 71 230
12 8 5 10 8 | 3 2 72 230
12 8 5 10 10 | 3 3 71 230
12 8 5 10 12 | 3 3 72 230
12 8 7 0 8 | 3 0 13 228
12 8 7 4 2 | 3 0 76 229
12 8 7 6 0 | 3 0 77 229
12 8 7 6 10 | 3 1 78 230
12 8 7 6 12 | 3 1 79 230
12 8 7 8 0 | 3 0 14 229
12 8 7 8 4 | 3 0 14 230
12 8 7 8 12 | 3 1 15 230
12 8 7 12 8 | 3 2 15 230
12 8 9 0 4 | 3 4 12 224
12 8 9 4 0 | 3 4 12 225
12 8 9 4 8 | 3 4 13 226
12 8 9 4 12 | 3 5 13 226
12 8 9 6 0 | 3 4 70 229
12 8 9 6 2 | 3 4 71 229
12 8 9 6 12 | 3 5 72 230
12 8 9 8 10 | 3 5 74 230
12 8 9 12 4 | 3 6 14 226
12 8 11 2 0 | 3 4 77 227
12 8 11 2 2 | 3 4 78 227
12 8 11 2 4 | 3 4 77 228
12 8 11 2 6 | 3 4 78 228
12 8 11 2 12 | 3 5 79 228
12 8 11 4 2 | 3 4 76 229
12 8 11 4 10 | 3 5 76 230
12 8 11 6 8 | 3 4 79 230
12 8 11 6 10 | 3 5 78 230
12 8 11 8 6 | 3 4 80 230
12 9 0 4 0 | 3 8 38 203
12 9 0 4 6 | 3 8 39 204
12 9 0 4 12 | 3 9 40 204
12 9 0 10 0 | 2 41 145
12 9 0 10 6 | 3 10 42 204
12 9 0 10 12 | 2 43 146
12 9 1 6 4 | 3 8 41 206
12 9 1 8 0 | 3 8 10 179
12 9 1 8 2 | 3 8 10 180
12 9 1 8 12 | 3 9 11 181
12 9 1 10 0 | 3 10 41 205
12 9 1 10 8 | 3 10 43 206
12 9 1 10 10 | 3 11 42 206
12 9 1 10 12 | 3 11 43 206
12 9 2 2 0 | 3 8 38 207
12 9 2 2 2 | 3 8 35 210
12 9 2 2 4 | 3 8 36 210
12 9 2 2 12 | 3 9 40 209
12 9 2 4 0 | 3 8 10 182
12 9 2 4 10 | 3 9 11 183
12 9 2 4 12 | 3 9 11 184
12 9 2 6 8 | 3 8 40 213
12 9 3 2 0 | 2 44 143
12 9 3 2 6 | 3 8 37 217
12 9 3 2 12 | 2 46 144
12 9 3 8 0 | 3 8 41 218
12 9 3 8 6 | 3 8 42 220
12 9 3 8 12 | 3 9 43 220
12 9 4 0 4 | 3 8 44 209
12 9 4 0 6 | 3 8 45 209
12 9 4 0 8 | 3 8 46 209
12 9 4 0 10 | 3 9 45 209
12 9 4 2 0 | 3 8 12 173
12 9 4 2 8 | 3 8 9 192
12 9 4 2 12 | 3 9 13 174
12 9 4 4 6 | 3 8 39 222
12 9 4 4 8 | 3 8 40 222
12 9 4 6 2 | 3 8 42 221
12 9 4 6 6 | 3 8 42 222
12 9 4 8 4 | 3 8 50 213
12 9 4 8 10 | 3 9 51 213
12 9 4 10 2 | 3 10 42 221
12 9 4 10 4 | 3 10 11 191
12 9 4 10 6 | 3 10 42 222
12 9 4 12 4 | 3 10 50 213
12 9 4 12 6 | 3 10 51 213
12 9 4 12 8 | 3 10 52 213
12 9 4 12 10 | 3 11 51 213
12 9 5 0 0 | 2 44 147
12 9 5 0 10 | 2 46 148
12 9 5 0 12 | 2 46 149
12 9 5 2 2 | 3 8 12 178
12 9 5 4 0 | 3 8 12 179
12 9 5 4 10 | 3 9 13 180
12 9 5 4 12 | 3 9 13 181
12 9 5 6 0 | 3 8 47 218
12 9 5 6 4 | 3 8 47 220
12 9 5 6 12 | 3 9 49 220
12 9 5 10 2 | 2 50 150
12 9 5 10 8 | 3 10 49 220
12 9 5 12 0 | 2 50 151
12 9 5 12 10 | 2 52 152
12 9 5 12 12 | 2 52 153
12 9 6 0 2 | 3 8 12 183
12 9 6 0 4 | 3 8 12 184
12 9 6 0 8 | 3 8 13 184
12 9 6 0 10 | 3 9 13 183
12 9 6 2 2 | 3 8 12 185
12 9 6 2 10 | 3 9 13 185
12 9 6 4 8 | 3 8 13 188
12 9 6 4 10 | 3 9 13 187
12 9 6 8 2 | 3 8 14 187
12 9 6 8 4 | 3 8 14 188
12 9 6 10 2 | 3 10 14 185
12 9 6 10 10 | 3 11 15 185
12 9 6 12 2 | 3 10 14 187
12 9 6 12 4 | 3 10 14 188
12 9 6 12 8 | 3 10 15 188
12 9 6 12 10 | 3 11 15 187
12 9 7 2 0 | 3 8 12 189
12 9 7 2 8 | 3 8 13 190
12 9 7 2 12 | 3 9 13 190
12 9 7 4 0 | 3 8 53 218
12 9 7 4 2 | 3 8 53 219
12 9 7 4 12 | 3 9 55 220
12 9 7 6 10 | 3 9 57 220
12 9 7 10 4 | 3 10 14 190
12 9 8 2 8 | 3 8 13 192
12 9 8 6 2 | 3 8 60 221
12 9 8 8 0 | 3 10 56 221
12 9 8 8 10 | 3 11 57 222
12 9 8 8 12 | 3 11 58 222
12 9 8 10 0 | 3 10 14 191
12 9 8 10 4 | 3 10 14 192
12 9 8 10 12 | 3 11 15 192
12 9 9 0 2 | 3 12 44 215
12 9 9 0 4 | 3 12 13 175
12 9 9 0 8 | 3 12 13 177
12 9 9 0 10 | 3 13 45 216
12 9 9 2 2 | 3 12 44 217
12 9 9 2 10 | 3 13 46 217
12 9 9 4 8 | 3 12 13 181
12 9 9 4 10 | 3 13 15 176
12 9 9 8 2 | 3 12 14 180
12 9 9 8 4 | 3 12 14 181
12 9 9 10 2 | 3 14 47 219
12 9 9 10 10 | 3 15 48 220
12 9 9 12 2 | 3 14 50 219
12 9 9 12 4 | 3 14 15 179
12 9 9 12 8 | 3 14 15 181
12 9 9 12 10 | 3 15 51 220
12 9 10 0 0 | 2 53 154
12 9 10 0 2 | 2 53 155
12 9 10 0 12 | 2 55 156
12 9 10 2 4 | 3 12 44 222
12 9 10 2 10 | 2 55 157
12 9 10 6 0 | 3 12 50 221
12 9 10 6 8 | 3 12 52 222
12 9 10 6 12 | 3 13 52 222
12 9 10 8 0 | 3 12 14 186
12 9 10 8 2 | 3 12 14 187
12 9 10 8 12 | 3 13 15 188
12 9 10 10 10 | 3 15 51 222
12 9 10 12 0 | 2 59 158
12 9 10 12 2 | 2 59 159
12 9 10 12 12 | 2 61 160
12 9 11 0 2 | 3 12 53 215
12 9 11 0 4 | 3 12 53 216
12 9 11 0 6 | 3 12 54 216
12 9 11 0 8 | 3 12 55 216
12 9 11 2 6 | 3 12 55 217
12 9 11 2 8 | 3 12 13 190
12 9 11 2 10 | 3 13 55 217
12 9 11 4 2 | 3 12 53 219
12 9 11 4 8 | 3 12 55 220
12 9 11 6 6 | 3 12 57 220
12 9 11 6 10 | 3 13 57 220
12 9 11 8 4 | 3 12 59 220
12 9 11 8 6 | 3 12 60 220
12 9 11 10 0 | 3 14 56 218
12 9 11 10 4 | 3 14 15 189
12 9 11 10 12 | 3 15 58 220
12 9 11 12 2 | 3 14 59 219
12 9 11 12 4 | 3 14 59 220
12 9 11 12 6 | 3 14 60 220
12 9 11 12 8 | 3 14 61 220
12 9 12 4 0 | 3 12 56 221
12 9 12 4 6 | 3 12 57 222
12 9 12 4 12 | 3 13 58 222
12 9 12 10 0 | 2 59 163
12 9 12 10 6 | 3 14 60 222
12 9 12 10 12 | 2 61 164
12 10 0 2 5 | 2 62 123
12 10 0 7 0 | 2 63 124
12 10 0 7 7 | 2 64 125
12 10 0 7 12 | 2 65 126
12 10 1 0 4 | 3 8 35 224
12 10 1 0 8 | 3 8 37 224
12 10 1 4 4 | 3 8 35 226
12 10 1 4 8 | 3 8 37 226
12 10 1 8 4 | 3 8 41 226
12 10 1 8 8 | 3 8 43 226
12 10 1 12 4 | 3 10 41 226
12 10 1 12 8 | 3 10 43 226
12 10 2 5 0 | 2 63 127
12 10 2 5 5 | 2 64 128
12 10 2 5 12 | 2 65 129
12 10 2 10 7 | 2 66 130
12 10 3 0 0 | 3 8 35 227
12 10 3 0 2 | 3 8 36 227
12 10 3 0 4 | 3 8 35 228
12 10 3 0 12 | 3 9 37 228
12 10 3 2 0 | 3 8 38 227
12 10 3 2 10 | 3 9 39 228
12 10 3 2 12 | 3 9 40 228
12 10 3 4 8 | 3 8 37 230
12 10 3 12 0 | 3 10 41 229
12 10 3 12 2 | 3 10 42 229
12 10 3 12 4 | 3 10 41 230
12 10 3 12 12 | 3 11 43 230
12 10 5 0 10 | 3 9 13 193
12 10 5 2 0 | 2 67 127
12 10 5 2 2 | 2 67 128
12 10 5 2 12 | 2 69 129
12 10 5 4 4 | 3 8 44 230
12 10 5 4 10 | 2 69 130
12 10 5 8 0 | 3 8 50 229
12 10 5 8 8 | 3 8 52 230
12 10 5 8 12 | 3 9 52 230
12 10 5 10 0 | 3 10 14 194
12 10 5 10 2 | 3 10 14 195
12 10 5 10 12 | 3 11 15 196
12 10 5 12 10 | 3 11 15 197
12 10 7 0 2 | 2 67 131
12 10 7 0 5 | 2 68 131
12 10 7 0 7 | 2 68 132
12 10 7 0 10 | 2 69 132
12 10 7 2 8 | 2 69 133
12 10 7 2 10 | 2 69 134
12 10 7 4 0 | 3 8 53 229
12 10 7 4 12 | 3 9 55 230
12 10 7 5 2 | 2 70 133
12 10 7 5 7 | 2 71 134
12 10 7 7 5 | 2 71 135
12 10 7 7 10 | 2 72 136
12 10 7 8 0 | 3 8 59 229
12 10 7 8 12 | 3 9 61 230
12 10 7 10 2 | 2 73 135
12 10 7 10 4 | 2 73 136
12 10 7 12 2 | 2 73 137
12 10 7 12 5 | 2 74 137
12 10 7 12 7 | 2 74 138
12 10 7 12 10 | 2 75 138
12 10 9 0 2 | 3 12 45 227
12 10 9 2 0 | 3 12 47 227
12 10 9 2 10 | 3 13 48 228
12 10 9 2 12 | 3 13 49 228
12 10 9 4 0 | 3 12 44 229
12 10 9 4 4 | 3 12 44 230
12 10 9 4 12 | 3 13 46 230
12 10 9 8 2 | 2 73 139
12 10 9 8 8 | 3 12 52 230
12 10 9 10 0 | 2 73 140
12 10 9 10 10 | 2 75 141
12 10 9 10 12 | 2 75 142
12 10 9 12 2 | 3 14 51 229
12 10 11 0 0 | 3 12 53 227
12 10 11 0 8 | 3 12 55 228
12 10 11 0 10 | 3 13 54 228
12 10 11 0 12 | 3 13 55 228
12 10 11 8 4 | 3 12 59 230
12 10 11 10 0 | 3 14 56 229
12 10 11 10 2 | 3 14 57 229
12 10 11 10 12 | 3 15 58 230
12 10 11 12 0 | 3 14 59 229
12 10 11 12 8 | 3 14 61 230
12 10 11 12 10 | 3 15 60 230
12 10 11 12 12 | 3 15 61 230
12 10 12 2 5 | 2 76 139
12 10 12 7 0 | 2 77 140
12 10 12 7 7 | 2 78 141
12 10 12 7 12 | 2 79 142
12 11 0 2 2 | 3 8 62 203
12 11 0 2 6 | 3 8 62 204
12 11 0 4 4 | 3 8 63 204
12 11 0 4 10 | 3 9 64 204
12 11 0 8 6 | 3 10 64 204
12 11 0 8 8 | 3 10 65 204
12 11 1 4 4 | 3 8 63 206
12 11 1 4 6 | 3 8 64 206
12 11 1 8 2 | 3 10 64 205
12 11 1 8 8 | 3 10 65 206
12 11 1 10 6 | 3 10 66 206
12 11 1 10 10 | 3 11 66 206
12 11 2 2 4 | 3 8 62 210
12 11 2 2 8 | 3 8 65 209
12 11 2 6 4 | 3 8 63 213
12 11 2 6 8 | 3 8 65 213
12 11 2 10 4 | 3 10 63 213
12 11 2 10 8 | 3 10 65 213
12 11 3 2 4 | 3 8 62 217
12 11 3 4 0 | 3 8 10 214
12 11 3 4 2 | 3 8 10 215
12 11 3 4 12 | 3 9 11 216
12 11 3 6 0 | 3 8 63 218
12 11 3 6 8 | 3 8 65 220
12 11 3 6 10 | 3 9 11 217
12 11 3 6 12 | 3 9 65 220
12 11 4 0 4 | 3 8 67 209
12 11 4 0 6 | 3 8 68 209
12 11 4 2 0 | 3 8 12 203
12 11 4 2 4 | 3 8 9 221
12 11 4 2 12 | 3 9 13 204
12 11 4 4 2 | 3 8 64 221
12 11 4 4 4 | 3 8 63 222
12 11 4 4 6 | 3 8 64 222
12 11 4 4 8 | 3 8 65 222
12 11 4 6 6 | 3 8 66 222
12 11 4 6 8 | 3 8 11 222
12 11 4 6 10 | 3 9 66 222
12 11 4 8 2 | 3 8 73 212
12 11 4 8 8 | 3 8 75 213
12 11 4 10 6 | 3 10 66 222
12 11 4 10 10 | 3 11 66 222
12 11 4 12 4 | 3 10 73 213
12 11 4 12 6 | 3 10 74 213
12 11 5 4 0 | 3 8 67 218
12 11 5 4 2 | 3 8 67 219
12 11 5 4 4 | 3 8 67 220
12 11 5 4 6 | 3 8 68 220
12 11 5 4 12 | 3 9 69 220
12 11 5 6 2 | 3 8 70 219
12 11 5 6 10 | 3 9 71 220
12 11 5 8 8 | 3 8 75 220
12 11 5 8 10 | 3 9 74 220
12 11 5 10 6 | 3 10 71 220
12 11 6 0 4 | 3 8 12 209
12 11 6 0 10 | 3 9 13 208
12 11 6 4 6 | 3 8 13 212
12 11 6 4 8 | 3 8 13 213
12 11 6 10 2 | 3 10 14 210
12 11 6 10 6 | 3 10 15 210
12 11 6 12 4 | 3 10 14 213
12 11 6 12 10 | 3 11 15 212
12 11 7 0 2 | 3 8 12 215
12 11 7 0 8 | 3 8 13 216
12 11 7 2 6 | 3 8 13 217
12 11 7 2 10 | 3 9 13 217
12 11 7 8 4 | 3 8 14 220
12 11 7 8 6 | 3 8 15 219
12 11 7 12 2 | 3 10 14 219
12 11 7 12 8 | 3 10 15 220
12 11 8 2 6 | 3 8 76 222
12 11 8 4 2 | 3 8 78 221
12 11 8 4 4 | 3 8 77 222
12 11 8 6 2 | 3 8 80 221
12 11 8 6 10 | 3 9 80 222
12 11 8 8 0 | 3 10 77 221
12 11 8 8 6 | 3 10 78 222
12 11 8 8 8 | 3 10 79 222
12 11 8 8 10 | 3 11 78 222
12 11 8 8 12 | 3 11 79 222
12 11 9 0 6 | 3 12 68 216
12 11 9 0 8 | 3 12 69 216
12 11 9 2 2 | 3 12 67 217
12 11 9 2 6 | 3 12 69 217
12 11 9 4 4 | 3 12 67 220
12 11 9 4 10 | 3 13 68 220
12 11 9 6 2 | 3 12 70 219
12 11 9 6 4 | 3 12 14 206
12 11 9 6 6 | 3 12 71 220
12 11 9 8 4 | 3 12 73 220
12 11 9 8 6 | 3 12 74 220
12 11 9 8 8 | 3 12 75 220
12 11 9 8 10 | 3 13 74 220
12 11 9 10 0 | 3 14 70 218
12 11 9 10 8 | 3 14 15 206
12 11 9 10 12 | 3 15 72 220
12 11 9 12 6 | 3 14 74 220
12 11 9 12 8 | 3 14 75 220
12 11 10 6 0 | 3 12 73 221
12 11 10 6 2 | 3 12 14 210
12 11 10 6 4 | 3 12 73 222
12 11 10 6 12 | 3 13 75 222
12 11 10 8 0 | 3 12 14 211
12 11 10 8 10 | 3 13 15 212
12 11 10 8 12 | 3 13 15 213
12 11 10 10 8 | 3 14 75 222
12 11 11 2 4 | 3 12 76 217
12 11 11 2 8 | 3 12 79 216
12 11 11 6 4 | 3 12 77 220
12 11 11 6 8 | 3 12 79 220
12 11 11 10 4 | 3 14 77 220
12 11 11 10 8 | 3 14 79 220
12 11 12 2 2 | 3 12 76 221
12 11 12 2 6 | 3 12 76 222
12 11 12 4 4 | 3 12 77 222
12 11 12 4 10 | 3 13 78 222
12 11 12 8 6 | 3 14 78 222
12 11 12 8 8 | 3 14 79 222
12 12 0 2 3 | 2 62 143
12 12 0 5 0 | 2 63 143
12 12 0 5 9 | 2 64 144
12 12 0 5 12 | 2 65 144
12 12 0 7 0 | 2 63 145
12 12 0 7 3 | 2 64 145
12 12 0 7 12 | 2 65 146
12 12 0 10 9 | 2 66 146
12 12 1 0 2 | 3 8 62 223
12 12 1 0 6 | 3 8 62 224
12 12 1 2 4 | 3 8 63 224
12 12 1 2 10 | 3 9 64 224
12 12 1 6 6 | 3 8 64 226
12 12 1 6 8 | 3 8 65 226
12 12 1 12 2 | 3 10 66 225
12 12 1 12 6 | 3 10 66 226
12 12 2 3 0 | 2 63 147
12 12 2 3 7 | 2 64 148
12 12 2 3 12 | 2 65 149
12 12 2 10 5 | 2 66 150
12 12 3 4 0 | 2 67 145
12 12 3 4 6 | 3 8 62 230
12 12 3 4 12 | 2 69 146
12 12 3 10 0 | 3 10 63 229
12 12 3 10 6 | 3 10 64 230
12 12 3 10 12 | 3 11 65 230
12 12 5 0 0 | 2 67 147
12 12 5 0 4 | 2 67 148
12 12 5 0 7 | 2 68 148
12 12 5 0 9 | 2 68 149
12 12 5 0 12 | 2 69 149
12 12 5 4 2 | 3 8 68 229
12 12 5 4 8 | 2 69 150
12 12 5 6 0 | 3 8 70 229
12 12 5 6 10 | 3 9 71 230
12 12 5 6 12 | 3 9 72 230
12 12 5 7 2 | 2 70 150
12 12 5 7 5 | 2 71 150
12 12 5 9 3 | 2 71 151
12 12 5 9 10 | 2 72 152
12 12 5 12 0 | 2 73 151
12 12 5 12 4 | 2 73 152
12 12 5 12 7 | 2 74 152
12 12 5 12 9 | 2 74 153
12 12 5 12 12 | 2 75 153
12 12 7 0 0 | 2 67 154
12 12 7 0 3 | 2 68 154
12 12 7 0 5 | 2 68 155
12 12 7 0 8 | 2 69 155
12 12 7 0 12 | 2 69 156
12 12 7 3 2 | 2 70 155
12 12 7 3 9 | 2 71 156
12 12 7 5 7 | 2 71 157
12 12 7 5 10 | 2 72 157
12 12 7 6 0 | 3 8 77 229
12 12 7 6 2 | 3 8 78 229
12 12 7 6 12 | 3 9 79 230
12 12 7 8 4 | 2 73 157
12 12 7 8 10 | 3 9 80 230
12 12 7 12 0 | 2 73 158
12 12 7 12 3 | 2 74 158
12 12 7 12 5 | 2 74 159
12 12 7 12 8 | 2 75 159
12 12 7 12 12 | 2 75 160
12 12 9 2 0 | 3 12 70 227
12 12 9 2 6 | 3 12 71 228
12 12 9 2 12 | 3 13 72 228
12 12 9 8 0 | 2 73 161
12 12 9 8 6 | 3 12 74 230
12 12 9 8 12 | 2 75 162
12 12 10 2 7 | 2 76 157
12 12 10 9 0 | 2 77 158
12 12 10 9 5 | 2 78 159
12 12 10 9 12 | 2 79 160
12 12 11 0 6 | 3 12 76 228
12 12 11 0 10 | 3 13 76 228
12 12 11 6 4 | 3 12 77 230
12 12 11 6 6 | 3 12 78 230
12 12 11 10 2 | 3 14 78 229
12 12 11 10 8 | 3 14 79 230
12 12 11 12 6 | 3 14 80 230
12 12 11 12 10 | 3 15 80 230
12 12 12 2 3 | 2 76 161
12 12 12 5 0 | 2 77 161
12 12 12 5 9 | 2 78 162
12 12 12 5 12 | 2 79 162
12 12 12 7 0 | 2 77 163
12 12 12 7 3 | 2 78 163
12 12 12 7 12 | 2 79 164
12 12 12 10 9 | 2 80 164
16 1 2 4 4 | 4 0 1 2 182
16 1 2 4 6 | 4 0 1 2 183
16 1 2 8 2 | 4 0 2 16 186
16 1 2 8 12 | 4 0 1 3 188
16 1 2 10 10 | 4 0 3 18 188
16 1 2 10 14 | 4 1 3 18 188
16 1 3 2 4 | 4 0 1 24 175
16 1 3 2 8 | 4 0 1 22 178
16 1 3 6 4 | 4 0 1 2 189
16 1 3 6 12 | 4 0 1 3 190
16 1 3 10 8 | 4 0 2 3 190
16 1 3 10 12 | 4 0 3 26 181
16 1 5 4 4 | 4 0 1 4 179
16 1 5 4 10 | 4 0 1 5 180
16 1 5 8 6 | 4 0 1 6 180
16 1 5 8 12 | 4 0 1 7 181
16 1 5 14 6 | 4 2 3 6 178
16 1 5 14 10 | 4 2 3 7 178
16 1 6 4 2 | 4 0 2 4 183
16 1 6 4 8 | 4 0 1 4 188
16 1 6 6 6 | 4 0 1 6 185
16 1 6 6 14 | 4 1 3 5 185
16 1 6 12 8 | 4 0 2 7 188
16 1 6 12 10 | 4 0 3 7 187
16 1 9 4 6 | 4 0 4 5 180
16 1 9 4 8 | 4 0 4 5 181
16 1 9 10 2 | 4 0 6 28 189
16 1 9 10 10 | 4 0 7 28 190
16 1 9 12 8 | 4 0 6 7 181
16 1 9 12 14 | 4 1 7 34 181
16 1 10 2 6 | 4 0 4 5 185
16 1 10 2 10 | 4 0 5 22 192
16 1 10 8 4 | 4 0 4 6 188
16 1 10 8 10 | 4 0 5 7 187
16 1 10 12 6 | 4 0 6 7 187
16 1 10 12 12 | 4 1 6 7 188
16 1 12 6 4 | 4 0 4 6 192
16 1 12 6 8 | 4 0 4 7 192
16 1 12 10 4 | 4 0 6 7 191
16 1 12 10 12 | 4 1 6 7 192
16 1 12 14 8 | 4 2 6 7 192
16 1 12 14 12 | 4 3 6 7 192
16 1 13 6 2 | 4 4 6 22 189
16 1 13 6 6 | 4 4 5 6 178
16 1 13 8 4 | 4 4 5 6 179
16 1 13 8 14 | 4 5 7 25 190
16 1 13 12 10 | 4 4 7 34 181
16 1 13 12 12 | 4 4 7 172 188
16 2 1 0 2 | 4 0 16 35 165
16 2 1 0 6 | 4 0 1 36 165
16 2 1 2 4 | 4 0 1 38 165
16 2 1 2 14 | 4 1 16 40 166
16 2 1 6 10 | 4 0 1 3 195
16 2 1 6 12 | 4 0 1 3 196
16 2 1 16 2 | 4 2 20 41 167
16 2 1 16 6 | 4 2 3 42 167
16 2 3 4 10 | 4 0 1 3 198
16 2 3 14 0 | 4 2 17 41 171
16 2 3 14 6 | 4 2 3 17 202
16 2 3 14 16 | 4 3 19 43 172
16 2 7 4 2 | 4 0 2 4 198
16 2 7 6 0 | 4 0 2 4 199
16 2 7 6 14 | 4 1 3 5 200
16 2 7 6 16 | 4 1 3 5 201
16 2 7 10 0 | 4 0 2 6 199
16 2 7 10 2 | 4 0 2 6 200
16 2 7 10 16 | 4 1 3 7 201
16 2 7 12 14 | 4 1 3 7 202
16 2 11 2 0 | 4 0 4 56 169
16 2 11 2 10 | 4 0 5 30 201
16 2 11 2 16 | 4 1 5 58 170
16 2 11 12 6 | 4 0 6 7 202
16 2 13 0 10 | 4 4 5 23 198
16 2 13 0 14 | 4 5 22 55 170
16 2 13 10 4 | 4 4 6 7 194
16 2 13 10 6 | 4 4 6 7 195
16 2 13 14 2 | 4 6 24 60 171
16 2 13 14 12 | 4 6 7 29 201
16 2 13 16 10 | 4 6 7 29 202
16 2 13 16 14 | 4 7 28 61 172
16 3 1 2 4 | 4 0 1 38 175
16 3 1 2 12 | 4 0 1 40 177
16 3 1 6 8 | 4 0 1 2 206
16 3 1 6 12 | 4 0 1 3 206
16 3 1 14 4 | 4 2 3 38 179
16 3 1 14 8 | 4 2 3 38 181
16 3 2 2 6 | 4 0 1 17 208
16 3 2 8 0 | 4 0 2 24 203
16 3 2 8 10 | 4 0 1 3 212
16 3 2 8 16 | 4 1 3 26 204
16 3 3 0 6 | 4 0 1 16 214
16 3 3 0 8 | 4 0 1 16 215
16 3 3 4 8 | 4 0 1 2 216
16 3 3 4 10 | 4 0 1 3 215
16 3 3 6 2 | 4 0 2 17 215
16 3 3 6 10 | 4 0 1 3 217
16 3 3 8 8 | 4 0 1 2 220
16 3 3 8 14 | 4 1 3 16 220
16 3 3 12 2 | 4 0 2 20 218
16 3 3 12 8 | 4 0 2 3 220
16 3 3 14 6 | 4 2 3 17 219
16 3 3 14 14 | 4 3 18 52 181
16 3 3 16 6 | 4 2 3 20 218
16 3 3 16 8 | 4 2 3 20 219
16 3 4 6 0 | 4 0 2 4 203
16 3 4 6 8 | 4 0 1 2 222
16 3 4 6 16 | 4 1 3 5 204
16 3 4 14 8 | 4 2 3 6 204
16 3 6 4 2 | 4 0 2 4 208
16 3 6 4 4 | 4 0 1 4 211
16 3 6 6 2 | 4 0 2 4 210
16 3 6 6 14 | 4 1 3 5 210
16 3 6 8 12 | 4 0 1 7 213
16 3 6 8 14 | 4 1 3 5 212
16 3 7 8 2 | 4 0 2 4 219
16 3 7 8 4 | 4 0 1 6 218
16 3 7 10 2 | 4 0 2 6 217
16 3 7 10 14 | 4 1 3 7 217
16 3 7 12 12 | 4 0 3 7 220
16 3 7 12 14 | 4 1 3 7 219
16 3 9 2 8 | 4 0 4 5 206
16 3 9 10 0 | 4 0 6 24 218
16 3 9 10 8 | 4 0 6 7 206
16 3 9 10 16 | 4 1 7 26 220
16 3 10 0 8 | 4 0 4 5 209
16 3 10 0 10 | 4 0 5 30 209
16 3 10 2 2 | 4 0 4 22 221
16 3 10 2 10 | 4 0 5 22 222
16 3 10 4 8 | 4 0 4 5 213
16 3 10 4 14 | 4 1 5 7 208
16 3 10 8 2 | 4 0 4 6 212
16 3 10 8 8 | 4 0 4 7 213
16 3 10 10 6 | 4 0 6 7 210
16 3 10 10 14 | 4 1 7 28 222
16 3 10 12 6 | 4 0 6 7 212
16 3 10 12 8 | 4 0 6 7 213
16 3 10 16 8 | 4 2 6 7 213
16 3 10 16 10 | 4 2 7 34 213
16 3 11 8 0 | 4 0 4 6 218
16 3 11 8 6 | 4 0 4 7 219
16 3 11 8 16 | 4 1 5 7 220
16 3 11 14 10 | 4 2 7 32 220
16 3 12 2 8 | 4 0 4 5 222
16 3 12 2 12 | 4 0 5 55 192
16 3 12 10 4 | 4 0 6 7 221
16 3 12 10 8 | 4 0 6 7 222
16 3 12 14 4 | 4 2 6 7 221
16 3 12 14 12 | 4 2 7 61 192
16 3 14 8 4 | 4 4 5 6 211
16 3 14 8 6 | 4 4 5 6 212
16 3 14 12 2 | 4 4 6 34 211
16 3 14 12 12 | 4 4 7 61 188
16 3 14 14 10 | 4 6 7 28 222
16 3 14 14 14 | 4 7 28 61 192
16 3 15 2 2 | 4 4 30 31 214
16 3 15 2 6 | 4 4 5 31 215
16 3 15 4 4 | 4 4 5 6 214
16 3 15 4 14 | 4 5 7 30 216
16 3 15 8 10 | 4 4 5 7 219
16 3 15 8 12 | 4 4 5 7 220
16 4 3 4 8 | 4 0 1 2 228
16 4 3 12 0 | 4 0 2 10 171
16 4 3 12 8 | 4 0 2 3 230
16 4 3 12 16 | 4 1 3 11 172
16 4 5 4 4 | 4 0 1 4 225
16 4 5 8 0 | 4 0 2 4 225
16 4 5 8 12 | 4 0 1 7 226
16 4 5 8 16 | 4 1 3 5 226
16 4 7 8 0 | 4 0 2 4 229
16 4 7 8 4 | 4 0 1 6 229
16 4 7 8 16 | 4 1 3 5 230
16 4 7 12 12 | 4 0 3 7 230
16 4 9 4 0 | 4 0 4 6 223
16 4 9 4 8 | 4 0 4 5 226
16 4 9 4 16 | 4 1 5 7 224
16 4 9 12 8 | 4 0 6 7 226
16 4 13 0 8 | 4 4 5 12 166
16 4 13 0 12 | 4 4 5 13 166
16 4 13 8 4 | 4 4 5 6 225
16 4 13 8 8 | 4 4 5 6 226
16 4 13 12 4 | 4 4 6 7 225
16 4 13 12 12 | 4 4 7 15 168
16 4 13 16 8 | 4 6 7 14 168
16 4 13 16 12 | 4 6 7 15 168
16 4 15 0 4 | 4 4 5 12 169
16 4 15 0 8 | 4 4 5 12 170
16 4 15 4 4 | 4 4 5 6 227
16 4 15 4 12 | 4 4 5 7 228
16 4 15 8 8 | 4 4 5 6 230
16 4 15 8 12 | 4 4 5 7 230
16 4 15 16 4 | 4 6 7 14 171
16 4 15 16 8 | 4 6 7 14 172
16 5 1 0 6 | 4 0 1 8 176
16 5 1 0 12 | 4 0 1 9 177
16 5 1 6 6 | 4 0 1 10 178
16 5 1 6 10 | 4 0 1 11 178
16 5 1 12 4 | 4 0 2 10 181
16 5 1 12 10 | 4 0 3 11 180
16 5 1 16 6 | 4 2 3 10 180
16 5 1 16 12 | 4 2 3 11 181
16 5 4 6 0 | 4 0 2 8 191
16 5 4 6 4 | 4 0 1 10 191
16 5 4 6 16 | 4 1 3 9 192
16 5 4 10 12 | 4 0 3 11 192
16 5 7 6 4 | 4 0 1 14 189
16 5 7 10 0 | 4 0 2 14 189
16 5 7 10 12 | 4 0 3 15 190
16 5 7 10 16 | 4 1 3 15 190
16 5 10 0 4 | 4 0 4 12 184
16 5 10 0 10 | 4 0 5 13 183
16 5 10 4 6 | 4 0 4 13 187
16 5 10 4 12 | 4 0 5 13 188
16 5 10 10 6 | 4 0 6 15 185
16 5 10 10 10 | 4 0 7 15 185
16 5 10 16 4 | 4 2 6 14 188
16 5 10 16 10 | 4 2 7 15 187
16 5 13 4 0 | 4 4 6 12 175
16 5 13 4 6 | 4 4 5 12 180
16 5 13 4 16 | 4 5 7 13 177
16 5 13 10 10 | 4 4 7 15 178
16 5 14 6 6 | 4 4 5 14 185
16 5 14 12 0 | 4 4 6 14 186
16 5 14 12 10 | 4 4 7 15 187
16 5 14 12 16 | 4 5 7 15 188
16 6 1 6 6 | 4 0 1 10 195
16 6 1 6 8 | 4 0 1 10 196
16 6 1 12 2 | 4 0 2 10 197
16 6 1 12 10 | 4 0 3 11 197
16 6 1 14 8 | 4 2 3 10 196
16 6 1 14 14 | 4 3 11 19 197
16 6 3 6 2 | 4 0 2 8 200
16 6 3 6 4 | 4 0 1 10 199
16 6 3 8 2 | 4 0 2 8 202
16 6 3 8 14 | 4 1 3 9 202
16 6 3 10 12 | 4 0 3 11 201
16 6 3 10 14 | 4 1 3 11 200
16 6 7 6 2 | 4 0 2 12 200
16 6 7 6 4 | 4 0 1 14 199
16 6 7 8 2 | 4 0 2 12 202
16 6 7 8 14 | 4 1 3 13 202
16 6 7 10 12 | 4 0 3 15 201
16 6 7 10 14 | 4 1 3 15 200
16 6 9 2 2 | 4 0 4 12 195
16 6 9 2 8 | 4 0 4 13 196
16 6 9 4 6 | 4 0 4 13 197
16 6 9 4 14 | 4 1 5 13 197
16 6 9 10 8 | 4 0 6 15 196
16 6 9 10 10 | 4 0 7 15 195
16 6 11 2 6 | 4 0 4 13 200
16 6 11 2 12 | 4 0 5 13 201
16 6 11 8 6 | 4 0 4 15 202
16 6 11 8 10 | 4 0 5 15 202
16 6 11 14 4 | 4 2 6 14 201
16 6 11 14 10 | 4 2 7 15 200
16 6 13 2 2 | 4 4 12 21 200
16 6 13 2 8 | 4 4 5 12 196
16 6 13 4 6 | 4 4 5 12 197
16 6 13 4 14 | 4 5 7 13 193
16 6 13 6 6 | 4 4 5 14 195
16 6 13 6 8 | 4 4 5 14 196
16 6 13 10 8 | 4 4 6 15 196
16 6 13 10 10 | 4 4 7 15 195
16 6 13 12 2 | 4 4 6 14 197
16 6 13 12 10 | 4 4 7 15 197
16 6 13 14 8 | 4 6 7 14 196
16 6 13 14 14 | 4 7 15 26 202
16 6 15 2 6 | 4 4 5 12 200
16 6 15 2 12 | 4 4 5 13 201
16 6 15 8 6 | 4 4 5 14 202
16 6 15 8 10 | 4 4 5 15 202
16 6 15 14 4 | 4 6 7 14 199
16 6 15 14 10 | 4 6 7 15 200
16 7 2 2 2 | 4 0 8 17 208
16 7 2 4 0 | 4 0 2 8 207
16 7 2 4 14 | 4 1 3 9 208
16 7 2 4 16 | 4 1 3 9 209
16 7 2 8 0 | 4 0 2 8 211
16 7 2 8 2 | 4 0 2 8 212
16 7 2 8 16 | 4 1 3 9 213
16 7 2 10 14 | 4 1 3 11 210
16 7 3 0 2 | 4 0 8 16 214
16 7 3 0 4 | 4 0 1 8 214
16 7 3 2 2 | 4 0 8 17 215
16 7 3 2 14 | 4 1 9 18 216
16 7 3 4 12 | 4 0 1 9 220
16 7 3 4 14 | 4 1 3 9 215
16 7 3 16 2 | 4 2 10 20 218
16 7 3 16 4 | 4 2 3 10 218
16 7 4 2 0 | 4 0 4 8 203
16 7 4 2 12 | 4 0 1 9 222
16 7 4 2 16 | 4 1 5 9 204
16 7 4 14 4 | 4 2 3 10 221
16 7 5 2 12 | 4 0 1 13 206
16 7 5 14 0 | 4 2 6 10 205
16 7 5 14 4 | 4 2 3 14 205
16 7 5 14 16 | 4 3 7 11 206
16 7 6 0 12 | 4 0 1 13 209
16 7 6 0 14 | 4 1 5 9 208
16 7 6 12 2 | 4 0 2 14 212
16 7 6 12 4 | 4 0 2 14 213
16 7 6 14 2 | 4 2 6 10 210
16 7 6 14 14 | 4 3 7 11 210
16 7 6 16 12 | 4 2 3 15 213
16 7 6 16 14 | 4 3 7 11 212
16 7 7 6 2 | 4 0 2 12 217
16 7 7 8 0 | 4 0 2 12 218
16 7 7 8 14 | 4 1 3 13 219
16 7 7 8 16 | 4 1 3 13 220
16 7 7 12 0 | 4 0 2 14 218
16 7 7 12 2 | 4 0 2 14 219
16 7 7 12 16 | 4 1 3 15 220
16 7 7 14 14 | 4 3 7 11 217
16 7 10 0 2 | 4 0 4 12 208
16 7 10 0 8 | 4 0 4 13 209
16 7 10 2 6 | 4 0 4 13 210
16 7 10 2 14 | 4 1 5 13 210
16 7 10 8 8 | 4 0 4 15 213
16 7 10 8 10 | 4 0 5 15 212
16 7 10 16 2 | 4 2 6 14 212
16 7 10 16 8 | 4 2 6 15 213
16 7 12 6 8 | 4 0 4 15 222
16 7 12 14 0 | 4 2 6 14 221
16 7 12 14 8 | 4 2 6 15 222
16 7 12 14 16 | 4 3 7 15 222
16 7 13 2 0 | 4 4 12 24 214
16 7 13 2 8 | 4 4 5 12 206
16 7 13 2 16 | 4 5 13 26 216
16 7 13 10 8 | 4 4 6 15 206
16 7 15 0 8 | 4 4 5 12 216
16 7 15 0 14 | 4 5 13 30 216
16 7 15 8 6 | 4 4 5 14 219
16 7 15 8 8 | 4 4 5 14 220
16 7 15 14 2 | 4 6 14 31 219
16 7 15 14 10 | 4 6 7 15 217
16 7 15 16 8 | 4 6 7 14 220
16 7 15 16 14 | 4 7 15 34 220
16 9 1 0 2 | 4 0 8 62 175
16 9 1 0 8 | 4 0 8 9 177
16 9 1 2 6 | 4 0 8 9 178
16 9 1 2 14 | 4 1 9 36 206
16 9 1 8 8 | 4 0 8 11 181
16 9 1 8 10 | 4 0 9 11 180
16 9 1 16 2 | 4 2 10 66 179
16 9 1 16 8 | 4 2 10 11 181
16 9 3 6 8 | 4 0 8 11 190
16 9 3 14 0 | 4 2 10 38 218
16 9 3 14 8 | 4 2 10 11 190
16 9 3 14 16 | 4 3 11 40 220
16 9 4 2 0 | 4 0 8 12 173
16 9 4 2 8 | 4 0 8 9 192
16 9 4 2 16 | 4 1 9 13 174
16 9 4 10 8 | 4 0 10 11 192
16 9 6 0 8 | 4 0 8 13 184
16 9 6 0 14 | 4 1 9 13 183
16 9 6 8 6 | 4 0 8 15 187
16 9 6 8 8 | 4 0 8 15 188
16 9 6 14 2 | 4 2 10 14 185
16 9 6 14 10 | 4 2 11 15 185
16 9 6 16 8 | 4 2 10 15 188
16 9 6 16 14 | 4 3 11 15 187
16 9 9 2 2 | 4 0 12 44 217
16 9 9 4 0 | 4 0 12 14 175
16 9 9 4 14 | 4 1 13 15 176
16 9 9 4 16 | 4 1 13 15 177
16 9 9 8 0 | 4 0 12 14 179
16 9 9 8 2 | 4 0 12 14 180
16 9 9 8 16 | 4 1 13 15 181
16 9 9 10 14 | 4 1 15 48 220
16 9 10 0 2 | 4 0 12 53 208
16 9 10 0 4 | 4 0 12 13 182
16 9 10 2 2 | 4 0 12 45 221
16 9 10 2 14 | 4 1 13 45 222
16 9 10 4 12 | 4 0 13 15 184
16 9 10 4 14 | 4 1 13 15 183
16 9 10 16 2 | 4 2 14 59 212
16 9 10 16 4 | 4 2 14 15 186
16 9 11 2 0 | 4 0 12 56 214
16 9 11 2 12 | 4 0 13 58 216
16 9 11 2 16 | 4 1 13 58 216
16 9 11 14 4 | 4 2 14 15 189
16 9 12 2 12 | 4 0 13 55 222
16 9 12 14 0 | 4 2 14 59 221
16 9 12 14 4 | 4 2 14 15 191
16 9 12 14 16 | 4 3 15 61 222
16 9 13 0 12 | 4 4 13 46 216
16 9 13 0 14 | 4 5 13 45 216
16 9 13 12 2 | 4 4 14 50 219
16 9 13 12 4 | 4 4 14 15 179
16 9 13 14 2 | 4 6 14 47 219
16 9 13 14 14 | 4 7 15 48 220
16 9 13 16 12 | 4 6 15 52 220
16 9 13 16 14 | 4 7 15 51 220
16 9 14 6 2 | 4 4 12 14 185
16 9 14 8 0 | 4 4 12 14 186
16 9 14 8 14 | 4 5 13 15 187
16 9 14 8 16 | 4 5 13 15 188
16 9 14 12 0 | 4 4 14 59 211
16 9 14 12 2 | 4 4 14 59 212
16 9 14 12 16 | 4 5 15 61 213
16 9 14 14 14 | 4 7 15 51 222
16 10 1 2 6 | 4 0 8 9 195
16 10 1 2 12 | 4 0 9 40 224
16 10 1 8 6 | 4 0 8 11 197
16 10 1 8 10 | 4 0 9 11 197
16 10 1 14 4 | 4 2 10 11 194
16 10 1 14 10 | 4 2 11 39 226
16 10 3 2 2 | 4 0 8 39 227
16 10 3 2 8 | 4 0 8 9 201
16 10 3 4 6 | 4 0 8 9 202
16 10 3 4 14 | 4 1 9 11 198
16 10 3 6 6 | 4 0 8 11 200
16 10 3 6 8 | 4 0 8 11 201
16 10 3 10 8 | 4 0 10 11 201
16 10 3 10 10 | 4 0 11 39 230
16 10 3 12 2 | 4 0 10 42 229
16 10 3 12 10 | 4 0 11 42 230
16 10 3 14 8 | 4 2 10 11 201
16 10 3 14 14 | 4 3 11 39 230
16 10 5 2 6 | 4 0 8 13 195
16 10 5 2 12 | 4 0 9 13 196
16 10 5 8 6 | 4 0 8 15 197
16 10 5 8 10 | 4 0 9 15 197
16 10 5 14 4 | 4 2 10 14 196
16 10 5 14 10 | 4 2 11 15 195
16 10 7 6 6 | 4 0 8 15 200
16 10 7 6 8 | 4 0 8 15 201
16 10 7 12 2 | 4 0 10 14 202
16 10 7 12 10 | 4 0 11 15 202
16 10 7 14 8 | 4 2 10 15 201
16 10 7 14 14 | 4 3 11 15 200
16 10 9 6 2 | 4 0 12 14 195
16 10 9 6 4 | 4 0 12 14 196
16 10 9 8 2 | 4 0 12 14 197
16 10 9 8 14 | 4 1 13 15 197
16 10 9 10 12 | 4 0 15 49 230
16 10 9 10 14 | 4 1 15 48 230
16 10 13 6 2 | 4 4 12 14 195
16 10 13 6 4 | 4 4 12 14 196
16 10 13 8 2 | 4 4 12 14 197
16 10 13 8 14 | 4 5 13 15 197
16 10 13 10 12 | 4 4 15 49 230
16 10 13 10 14 | 4 5 15 48 230
16 10 15 2 2 | 4 4 12 57 227
16 10 15 2 8 | 4 4 12 13 201
16 10 15 4 6 | 4 4 12 13 202
16 10 15 4 14 | 4 5 13 15 198
16 10 15 10 8 | 4 4 14 15 201
16 10 15 10 10 | 4 4 15 57 230
16 11 2 4 0 | 4 0 8 10 207
16 11 2 4 6 | 4 0 8 9 212
16 11 2 4 16 | 4 1 9 11 209
16 11 2 10 10 | 4 0 11 64 213
16 11 3 6 6 | 4 0 8 11 217
16 11 3 12 0 | 4 0 10 211 225
16 11 3 12 10 | 4 0 11 66 220
16 11 3 12 16 | 4 1 11 213 226
16 11 6 0 6 | 4 0 8 13 208
16 11 6 0 12 | 4 0 9 13 209
16 11 6 6 6 | 4 0 8 15 210
16 11 6 6 10 | 4 0 9 15 210
16 11 6 12 4 | 4 0 10 14 213
16 11 6 12 10 | 4 0 11 15 212
16 11 6 16 6 | 4 2 10 15 212
16 11 6 16 12 | 4 2 11 15 213
16 11 9 6 0 | 4 0 12 14 205
16 11 9 6 4 | 4 0 12 14 206
16 11 9 6 16 | 4 1 13 15 206
16 11 9 10 12 | 4 0 15 72 220
16 11 12 6 4 | 4 0 12 14 222
16 11 12 10 0 | 4 2 12 14 221
16 11 12 10 12 | 4 1 14 15 222
16 11 12 10 16 | 4 3 13 15 222
16 11 15 0 4 | 4 4 12 13 214
16 11 15 0 10 | 4 4 13 76 216
16 11 15 4 6 | 4 4 12 13 219
16 11 15 4 12 | 4 4 13 15 216
16 11 15 10 6 | 4 4 14 15 217
16 11 15 10 10 | 4 4 15 78 220
16 11 15 16 4 | 4 6 14 15 218
16 11 15 16 10 | 4 6 15 80 220
16 12 1 0 8 | 4 0 8 9 224
16 12 1 0 12 | 4 1 8 9 224
16 12 1 8 4 | 4 0 8 10 226
16 12 1 8 8 | 4 0 8 11 226
16 12 1 12 4 | 4 0 10 11 225
16 12 1 12 12 | 4 1 10 11 226
16 12 1 16 8 | 4 2 10 11 226
16 12 1 16 12 | 4 3 10 11 226
16 12 3 0 4 | 4 0 8 9 227
16 12 3 0 8 | 4 0 8 9 228
16 12 3 4 4 | 4 0 8 9 229
16 12 3 4 12 | 4 0 9 11 228
16 12 3 8 8 | 4 0 8 11 230
16 12 3 8 12 | 4 0 9 11 230
16 12 3 16 4 | 4 2 10 11 229
16 12 3 16 8 | 4 2 10 11 230
16 12 7 4 8 | 4 0 8 13 230
16 12 7 12 0 | 4 0 10 14 229
16 12 7 12 8 | 4 0 10 15 230
16 12 7 12 16 | 4 1 11 15 230
16 12 9 4 4 | 4 0 12 13 225
16 12 9 8 0 | 4 0 12 14 225
16 12 9 8 12 | 4 0 13 15 226
16 12 9 8 16 | 4 1 13 15 226
16 12 11 8 0 | 4 0 12 14 229
16 12 11 8 4 | 4 0 12 14 230
16 12 11 8 16 | 4 1 13 15 230
16 12 11 12 12 | 4 1 14 15 230
16 12 13 4 0 | 4 4 12 14 223
16 12 13 4 8 | 4 4 12 13 226
16 12 13 4 16 | 4 5 13 15 224
16 12 13 12 8 | 4 4 14 15 226
16 13 1 8 4 | 4 8 9 10 179
16 13 1 8 6 | 4 8 9 10 180
16 13 1 12 2 | 4 8 10 66 179
16 13 1 12 12 | 4 9 10 11 181
16 13 1 14 10 | 4 10 11 42 206
16 13 1 14 14 | 4 11 42 204 226
16 13 2 2 2 | 4 8 35 63 208
16 13 2 2 6 | 4 8 9 35 210
16 13 2 4 4 | 4 8 9 10 182
16 13 2 4 14 | 4 9 11 36 209
16 13 2 8 10 | 4 8 9 11 187
16 13 2 8 12 | 4 8 9 11 188
16 13 4 2 4 | 4 8 9 12 173
16 13 4 2 12 | 4 8 9 13 174
16 13 4 6 8 | 4 8 9 10 192
16 13 4 6 12 | 4 8 9 11 192
16 13 4 14 4 | 4 10 11 14 173
16 13 4 14 8 | 4 10 11 14 174
16 13 5 2 6 | 4 8 9 12 178
16 13 5 8 0 | 4 8 10 12 179
16 13 5 8 10 | 4 8 9 15 180
16 13 5 8 16 | 4 9 11 13 181
16 13 6 0 6 | 4 8 9 12 183
16 13 6 0 8 | 4 8 9 12 184
16 13 6 4 8 | 4 8 9 12 188
16 13 6 4 10 | 4 8 9 13 187
16 13 6 6 2 | 4 8 10 12 185
16 13 6 6 10 | 4 8 9 15 185
16 13 6 8 8 | 4 8 9 14 188
16 13 6 8 14 | 4 9 11 13 187
16 13 6 12 2 | 4 8 10 14 187
16 13 6 12 8 | 4 8 10 15 188
16 13 6 14 6 | 4 10 11 14 185
16 13 6 14 14 | 4 11 15 39 213
16 13 6 16 6 | 4 10 11 14 187
16 13 6 16 8 | 4 10 11 14 188
16 13 7 6 0 | 4 8 10 12 189
16 13 7 6 8 | 4 8 9 14 190
16 13 7 6 16 | 4 9 11 13 190
16 13 7 14 8 | 4 10 11 14 190
16 13 9 4 2 | 4 8 12 14 176
16 13 9 4 4 | 4 8 12 13 179
16 13 9 6 2 | 4 8 12 14 178
16 13 9 6 14 | 4 9 13 15 178
16 13 9 8 12 | 4 8 13 15 181
16 13 9 8 14 | 4 9 13 15 180
16 13 10 8 2 | 4 8 12 14 187
16 13 10 8 4 | 4 8 12 14 188
16 13 10 10 2 | 4 8 14 51 221
16 13 10 10 14 | 4 9 15 51 222
16 13 10 12 12 | 4 8 15 61 213
16 13 10 12 14 | 4 9 15 60 213
16 13 12 2 8 | 4 8 12 13 192
16 13 12 10 0 | 4 8 14 59 221
16 13 12 10 8 | 4 8 14 15 192
16 13 12 10 16 | 4 9 15 61 222
16 13 13 0 8 | 4 12 13 44 216
16 13 13 0 10 | 4 12 13 45 216
16 13 13 2 2 | 4 12 44 77 215
16 13 13 2 10 | 4 12 13 46 217
16 13 13 4 8 | 4 12 13 14 177
16 13 13 4 14 | 4 13 15 45 216
16 13 13 8 2 | 4 12 14 44 219
16 13 13 8 8 | 4 12 13 14 181
16 13 13 10 6 | 4 12 14 15 178
16 13 13 10 14 | 4 13 15 48 220
16 13 13 12 6 | 4 12 14 15 180
16 13 13 12 8 | 4 12 14 15 181
16 13 13 16 8 | 4 14 15 50 220
16 13 13 16 10 | 4 14 15 51 220
16 13 14 8 0 | 4 12 14 47 221
16 13 14 8 6 | 4 12 13 14 187
16 13 14 8 16 | 4 13 15 49 222
16 13 14 14 10 | 4 14 15 51 222
16 13 15 2 8 | 4 12 13 54 217
16 13 15 2 12 | 4 12 13 58 216
16 13 15 10 4 | 4 12 14 15 189
16 13 15 10 8 | 4 12 14 15 190
16 13 15 14 4 | 4 14 15 56 218
16 13 15 14 12 | 4 14 15 58 220
16 14 3 0 2 | 4 8 35 62 227
16 14 3 0 6 | 4 8 9 36 227
16 14 3 2 4 | 4 8 9 38 227
16 14 3 2 14 | 4 9 36 65 228
16 14 3 6 10 | 4 8 9 11 200
16 14 3 6 12 | 4 8 9 11 201
16 14 3 16 2 | 4 10 41 66 229
16 14 3 16 6 | 4 10 11 42 229
16 14 5 4 10 | 4 8 9 13 197
16 14 5 14 0 | 4 10 14 38 225
16 14 5 14 6 | 4 10 11 14 195
16 14 5 14 16 | 4 11 15 40 226
16 14 9 4 2 | 4 8 12 14 193
16 14 9 6 0 | 4 8 12 14 194
16 14 9 6 14 | 4 9 13 15 195
16 14 9 6 16 | 4 9 13 15 196
16 14 9 10 0 | 4 8 14 47 229
16 14 9 10 2 | 4 8 14 48 229
16 14 9 10 16 | 4 9 15 49 230
16 14 9 12 14 | 4 9 15 51 230
16 14 13 2 0 | 4 12 44 77 227
16 14 13 2 10 | 4 12 13 48 228
16 14 13 2 16 | 4 13 46 79 228
16 14 13 12 6 | 4 12 14 15 197
16 14 15 0 10 | 4 12 13 54 228
16 14 15 0 14 | 4 13 55 76 228
16 14 15 10 4 | 4 12 14 15 199
16 14 15 10 6 | 4 12 14 15 200
16 14 15 14 2 | 4 14 56 80 229
16 14 15 14 12 | 4 14 15 58 230
16 14 15 16 10 | 4 14 15 60 230
16 14 15 16 14 | 4 15 61 80 230
16 15 3 4 4 | 4 8 9 10 214
16 15 3 4 6 | 4 8 9 10 215
16 15 3 8 2 | 4 8 10 62 218
16 15 3 8 12 | 4 8 9 11 220
16 15 3 10 10 | 4 8 11 64 220
16 15 3 10 14 | 4 9 11 64 220
16 15 4 2 4 | 4 8 9 12 203
16 15 4 2 8 | 4 8 9 12 204
16 15 4 6 4 | 4 8 9 10 221
16 15 4 6 12 | 4 8 9 11 222
16 15 4 10 8 | 4 8 10 11 222
16 15 4 10 12 | 4 8 11 15 204
16 15 6 4 4 | 4 8 9 12 211
16 15 6 4 10 | 4 8 9 13 212
16 15 6 8 6 | 4 8 9 14 212
16 15 6 8 12 | 4 8 9 15 213
16 15 6 14 6 | 4 10 11 14 210
16 15 6 14 10 | 4 10 11 15 210
16 15 7 4 2 | 4 8 10 12 215
16 15 7 4 8 | 4 8 9 12 220
16 15 7 6 6 | 4 8 9 14 217
16 15 7 6 14 | 4 9 11 13 217
16 15 7 12 8 | 4 8 10 15 220
16 15 7 12 10 | 4 8 11 15 219
16 15 10 4 6 | 4 8 12 13 212
16 15 10 4 8 | 4 8 12 13 213
16 15 10 10 2 | 4 8 14 74 221
16 15 10 10 10 | 4 8 15 74 222
16 15 10 12 8 | 4 8 14 15 213
16 15 10 12 14 | 4 9 15 80 213
16 15 11 2 6 | 4 8 12 13 217
16 15 11 2 10 | 4 8 13 78 216
16 15 11 8 4 | 4 8 12 14 220
16 15 11 8 10 | 4 8 13 15 219
16 15 11 12 6 | 4 8 14 15 219
16 15 11 12 12 | 4 9 14 15 220
16 15 13 6 4 | 4 12 13 14 205
16 15 13 6 8 | 4 12 13 14 206
16 15 13 10 4 | 4 12 14 15 205
16 15 13 10 12 | 4 12 15 72 220
16 15 13 14 8 | 4 14 15 70 220
16 15 13 14 12 | 4 14 15 72 220
16 15 14 6 2 | 4 12 14 68 221
16 15 14 6 6 | 4 12 13 14 210
16 15 14 8 4 | 4 12 13 14 211
16 15 14 8 14 | 4 13 15 71 222
16 15 14 12 10 | 4 12 15 80 213
16 15 14 12 12 | 4 12 15 220 230
18 0 0 2 3 | 3 0 16 81
18 0 0 2 9 | 3 0 16 82
18 0 0 5 6 | 3 0 17 82
18 0 0 5 15 | 3 1 18 82
18 0 0 7 6 | 3 0 17 84
18 0 0 7 9 | 3 0 18 84
18 0 0 11 9 | 3 2 18 82
18 0 0 11 12 | 3 2 19 82
18 0 0 13 3 | 3 2 18 83
18 0 0 13 12 | 3 2 19 84
18 0 0 16 9 | 3 2 20 84
18 0 0 16 15 | 3 3 20 84
18 0 2 3 6 | 3 0 17 87
18 0 2 3 13 | 3 1 18 86
18 0 2 9 7 | 3 0 18 90
18 0 2 9 12 | 3 0 19 91
18 0 2 16 5 | 3 2 20 88
18 0 2 16 11 | 3 3 20 88
18 0 3 4 6 | 3 0 21 84
18 0 3 7 0 | 3 0 24 83
18 0 3 7 3 | 3 0 25 83
18 0 3 7 18 | 3 1 26 84
18 0 3 10 0 | 3 0 27 83
18 0 3 10 12 | 3 0 29 84
18 0 3 10 15 | 3 1 28 84
18 0 3 10 18 | 3 1 29 84
18 0 5 0 6 | 3 0 21 87
18 0 5 0 10 | 3 0 23 86
18 0 5 3 0 | 3 0 24 85
18 0 5 3 7 | 3 0 25 86
18 0 5 3 18 | 3 1 26 87
18 0 5 6 4 | 3 0 21 90
18 0 5 6 7 | 3 0 22 90
18 0 5 6 9 | 3 0 22 91
18 0 5 6 12 | 3 0 23 91
18 0 5 10 8 | 3 0 29 88
18 0 5 10 11 | 3 1 28 88
18 0 5 10 14 | 3 1 29 88
18 0 5 13 2 | 3 2 24 88
18 0 5 13 11 | 3 3 25 88
18 0 5 15 9 | 3 2 25 91
18 0 5 15 16 | 3 3 26 90
18 0 5 18 6 | 3 2 27 91
18 0 5 18 10 | 3 2 29 90
18 0 7 6 0 | 3 0 21 96
18 0 7 6 3 | 3 0 22 96
18 0 7 6 5 | 3 0 22 97
18 0 7 6 8 | 3 0 23 97
18 0 7 6 18 | 3 1 23 98
18 0 7 9 2 | 3 0 24 97
18 0 7 9 15 | 3 1 25 98
18 0 7 11 13 | 3 3 25 95
18 0 7 11 16 | 3 3 26 95
18 0 7 14 10 | 3 2 29 95
18 0 8 0 7 | 3 0 30 86
18 0 8 0 15 | 3 1 30 87
18 0 8 7 8 | 3 0 33 88
18 0 8 7 11 | 3 1 32 88
18 0 8 15 3 | 3 2 32 89
18 0 8 15 10 | 3 2 33 90
18 0 8 18 7 | 3 2 34 90
18 0 8 18 15 | 3 3 34 91
18 0 10 0 3 | 3 0 30 92
18 0 10 0 11 | 3 1 30 93
18 0 10 3 8 | 3 0 33 93
18 0 10 3 15 | 3 1 32 94
18 0 10 11 7 | 3 2 32 95
18 0 10 11 10 | 3 2 33 95
18 0 10 18 3 | 3 2 34 96
18 0 10 18 11 | 3 3 34 97
18 0 11 4 8 | 3 4 23 88
18 0 11 7 2 | 3 4 24 88
18 0 11 7 5 | 3 4 25 88
18 0 11 9 3 | 3 4 25 89
18 0 11 9 16 | 3 5 26 90
18 0 11 12 0 | 3 4 27 89
18 0 11 12 10 | 3 4 29 90
18 0 11 12 13 | 3 5 28 90
18 0 11 12 15 | 3 5 28 91
18 0 11 12 18 | 3 5 29 91
18 0 13 0 8 | 3 4 23 93
18 0 13 0 12 | 3 4 23 94
18 0 13 3 2 | 3 4 24 93
18 0 13 3 9 | 3 4 25 94
18 0 13 5 7 | 3 4 25 95
18 0 13 5 16 | 3 5 26 95
18 0 13 8 4 | 3 4 27 95
18 0 13 8 7 | 3 4 28 95
18 0 13 8 10 | 3 4 29 95
18 0 13 12 6 | 3 4 27 98
18 0 13 12 9 | 3 4 28 98
18 0 13 12 11 | 3 5 28 97
18 0 13 12 14 | 3 5 29 97
18 0 13 15 0 | 3 6 24 96
18 0 13 15 11 | 3 7 25 97
18 0 13 15 18 | 3 7 26 98
18 0 13 18 8 | 3 6 29 97
18 0 13 18 12 | 3 6 29 98
18 0 15 8 0 | 3 4 27 99
18 0 15 8 3 | 3 4 28 99
18 0 15 8 6 | 3 4 27 100
18 0 15 8 18 | 3 5 29 100
18 0 15 11 0 | 3 6 24 99
18 0 15 11 15 | 3 7 25 100
18 0 15 11 18 | 3 7 26 100
18 0 15 14 12 | 3 6 29 100
18 0 16 2 7 | 3 4 30 95
18 0 16 2 13 | 3 5 30 95
18 0 16 9 6 | 3 4 31 98
18 0 16 9 11 | 3 5 32 97
18 0 16 15 5 | 3 6 32 97
18 0 16 15 12 | 3 6 33 98
18 0 18 2 3 | 3 4 30 99
18 0 18 2 9 | 3 4 30 100
18 0 18 5 6 | 3 4 31 100
18 0 18 5 15 | 3 5 32 100
18 0 18 7 6 | 3 4 31 102
18 0 18 7 9 | 3 4 32 102
18 0 18 11 9 | 3 6 32 100
18 0 18 11 12 | 3 6 33 100
18 0 18 13 3 | 3 6 32 101
18 0 18 13 12 | 3 6 33 102
18 0 18 16 9 | 3 6 34 102
18 0 18 16 15 | 3 7 34 102
18 2 0 5 6 | 3 0 17 105
18 2 0 5 11 | 3 1 18 104
18 2 0 11 5 | 3 2 18 104
18 2 0 11 12 | 3 2 19 105
18 2 0 16 7 | 3 2 20 106
18 2 0 16 13 | 3 3 20 106
18 2 3 2 6 | 3 0 21 105
18 2 3 2 8 | 3 0 23 104
18 2 3 5 0 | 3 0 24 103
18 2 3 5 5 | 3 0 25 104
18 2 3 5 18 | 3 1 26 105
18 2 3 8 2 | 3 0 27 104
18 2 3 8 12 | 3 0 29 105
18 2 3 10 10 | 3 0 29 106
18 2 3 10 13 | 3 1 28 106
18 2 3 10 16 | 3 1 29 106
18 2 5 6 2 | 3 0 21 113
18 2 5 6 5 | 3 0 22 113
18 2 5 6 7 | 3 0 22 114
18 2 5 6 10 | 3 0 23 114
18 2 5 8 8 | 3 0 29 109
18 2 5 8 16 | 3 1 29 110
18 2 5 11 2 | 3 2 24 109
18 2 5 11 13 | 3 3 25 110
18 2 5 13 11 | 3 3 25 111
18 2 5 13 16 | 3 3 26 112
18 2 5 16 8 | 3 2 29 111
18 2 5 16 10 | 3 2 29 112
18 2 8 0 5 | 3 0 30 107
18 2 8 0 13 | 3 1 30 108
18 2 8 5 8 | 3 0 33 109
18 2 8 5 13 | 3 1 32 110
18 2 8 13 5 | 3 2 32 111
18 2 8 13 10 | 3 2 33 112
18 2 8 18 5 | 3 2 34 113
18 2 8 18 13 | 3 3 34 114
18 2 11 2 8 | 3 4 23 109
18 2 11 2 10 | 3 4 23 110
18 2 11 5 2 | 3 4 24 109
18 2 11 5 7 | 3 4 25 110
18 2 11 7 5 | 3 4 25 111
18 2 11 7 16 | 3 5 26 112
18 2 11 10 2 | 3 4 27 111
18 2 11 10 10 | 3 4 29 112
18 2 11 12 8 | 3 4 29 113
18 2 11 12 11 | 3 5 28 113
18 2 11 12 13 | 3 5 28 114
18 2 11 12 16 | 3 5 29 114
18 2 13 8 2 | 3 4 27 115
18 2 13 8 5 | 3 4 28 115
18 2 13 8 8 | 3 4 29 115
18 2 13 10 6 | 3 4 27 118
18 2 13 10 16 | 3 5 29 117
18 2 13 13 0 | 3 6 24 116
18 2 13 13 13 | 3 7 25 117
18 2 13 13 18 | 3 7 26 118
18 2 13 16 10 | 3 6 29 117
18 2 13 16 12 | 3 6 29 118
18 2 16 2 5 | 3 4 30 115
18 2 16 2 11 | 3 5 30 115
18 2 16 7 6 | 3 4 31 118
18 2 16 7 13 | 3 5 32 117
18 2 16 13 7 | 3 6 32 117
18 2 16 13 12 | 3 6 33 118
18 2 18 5 6 | 3 4 31 121
18 2 18 5 11 | 3 5 32 120
18 2 18 11 5 | 3 6 32 120
18 2 18 11 12 | 3 6 33 121
18 2 18 16 7 | 3 6 34 122
18 2 18 16 13 | 3 7 34 122
18 3 0 2 0 | 3 0 35 81
18 3 0 2 3 | 3 0 36 81
18 3 0 2 6 | 3 0 35 82
18 3 0 2 18 | 3 1 37 82
18 3 0 5 0 | 3 0 38 81
18 3 0 5 15 | 3 1 39 82
18 3 0 5 18 | 3 1 40 82
18 3 0 8 12 | 3 0 43 82
18 3 2 0 6 | 3 0 35 87
18 3 2 0 16 | 3 1 37 86
18 3 2 3 0 | 3 0 38 85
18 3 2 3 13 | 3 1 39 86
18 3 2 3 18 | 3 1 40 87
18 3 2 6 10 | 3 0 37 90
18 3 2 6 12 | 3 0 37 91
18 3 2 16 2 | 3 2 41 88
18 3 2 16 5 | 3 2 42 88
18 3 2 16 8 | 3 2 43 88
18 3 2 18 6 | 3 2 41 91
18 3 2 18 16 | 3 3 43 90
18 3 5 0 13 | 3 1 45 86
18 3 5 0 15 | 3 1 45 87
18 3 5 13 2 | 3 2 47 88
18 3 5 13 5 | 3 2 48 88
18 3 5 15 3 | 3 2 48 89
18 3 5 15 16 | 3 3 49 90
18 3 5 18 13 | 3 3 51 90
18 3 5 18 15 | 3 3 51 91
18 3 7 6 0 | 3 0 44 96
18 3 7 6 2 | 3 0 44 97
18 3 7 6 18 | 3 1 46 98
18 3 7 8 16 | 3 1 52 95
18 3 8 10 2 | 3 0 59 88
18 3 8 12 0 | 3 0 59 89
18 3 8 12 16 | 3 1 61 90
18 3 8 12 18 | 3 1 61 91
18 3 10 0 3 | 3 0 54 92
18 3 10 0 5 | 3 0 54 93
18 3 10 3 2 | 3 0 56 93
18 3 10 3 15 | 3 1 57 94
18 3 10 5 13 | 3 1 57 95
18 3 10 5 16 | 3 1 58 95
18 3 10 18 3 | 3 2 60 96
18 3 10 18 5 | 3 2 60 97
18 3 13 0 2 | 3 4 44 93
18 3 13 0 12 | 3 4 46 94
18 3 13 2 10 | 3 4 46 95
18 3 13 2 13 | 3 5 45 95
18 3 13 2 16 | 3 5 46 95
18 3 13 12 6 | 3 4 50 98
18 3 13 12 8 | 3 4 52 97
18 3 13 15 0 | 3 6 47 96
18 3 13 15 5 | 3 6 48 97
18 3 13 15 18 | 3 7 49 98
18 3 13 18 2 | 3 6 50 97
18 3 13 18 12 | 3 6 52 98
18 3 15 10 6 | 3 4 50 102
18 3 15 13 0 | 3 6 47 101
18 3 15 13 3 | 3 6 48 101
18 3 15 13 18 | 3 7 49 102
18 3 15 16 0 | 3 6 50 101
18 3 15 16 12 | 3 6 52 102
18 3 15 16 15 | 3 7 51 102
18 3 15 16 18 | 3 7 52 102
18 3 18 2 0 | 3 4 53 99
18 3 18 2 3 | 3 4 54 99
18 3 18 2 6 | 3 4 53 100
18 3 18 2 18 | 3 5 55 100
18 3 18 5 0 | 3 4 56 99
18 3 18 5 15 | 3 5 57 100
18 3 18 5 18 | 3 5 58 100
18 3 18 8 12 | 3 4 61 100
18 5 0 2 6 | 3 0 35 105
18 5 0 2 9 | 3 0 36 105
18 5 0 2 11 | 3 1 36 104
18 5 0 2 14 | 3 1 37 104
18 5 0 5 0 | 3 0 38 103
18 5 0 5 11 | 3 1 39 104
18 5 0 5 18 | 3 1 40 105
18 5 0 8 8 | 3 0 43 104
18 5 0 8 12 | 3 0 43 105
18 5 0 11 2 | 3 2 38 104
18 5 0 11 9 | 3 2 39 105
18 5 0 13 7 | 3 2 39 106
18 5 0 13 16 | 3 3 40 106
18 5 0 16 4 | 3 2 41 106
18 5 0 16 7 | 3 2 42 106
18 5 0 16 10 | 3 2 43 106
18 5 2 6 8 | 3 0 37 113
18 5 2 6 10 | 3 0 37 114
18 5 2 9 2 | 3 0 38 113
18 5 2 9 7 | 3 0 39 114
18 5 2 11 5 | 3 2 39 109
18 5 2 11 16 | 3 3 40 110
18 5 2 14 2 | 3 2 41 109
18 5 2 14 10 | 3 2 43 110
18 5 2 16 8 | 3 2 43 111
18 5 2 16 11 | 3 3 42 111
18 5 2 16 13 | 3 3 42 112
18 5 2 16 16 | 3 3 43 112
18 5 3 2 3 | 3 0 45 103
18 5 3 2 5 | 3 0 45 104
18 5 3 5 2 | 3 0 47 104
18 5 3 5 15 | 3 1 48 105
18 5 3 7 13 | 3 1 48 106
18 5 3 7 16 | 3 1 49 106
18 5 5 0 11 | 3 1 45 107
18 5 5 0 13 | 3 1 45 108
18 5 5 3 2 | 3 0 47 107
18 5 5 3 13 | 3 1 48 108
18 5 5 5 11 | 3 1 48 109
18 5 5 5 16 | 3 1 49 110
18 5 5 6 2 | 3 0 44 113
18 5 5 6 4 | 3 0 44 114
18 5 5 8 2 | 3 0 50 109
18 5 5 8 16 | 3 1 52 110
18 5 5 10 14 | 3 1 52 111
18 5 5 10 16 | 3 1 52 112
18 5 5 11 2 | 3 2 47 109
18 5 5 11 7 | 3 2 48 110
18 5 5 13 5 | 3 2 48 111
18 5 5 13 16 | 3 3 49 112
18 5 5 16 5 | 3 2 51 111
18 5 5 16 7 | 3 2 51 112
18 5 5 18 11 | 3 3 51 113
18 5 5 18 13 | 3 3 51 114
18 5 8 0 5 | 3 0 54 107
18 5 8 0 7 | 3 0 54 108
18 5 8 2 11 | 3 1 54 109
18 5 8 2 13 | 3 1 54 110
18 5 8 5 2 | 3 0 56 109
18 5 8 5 13 | 3 1 57 110
18 5 8 7 11 | 3 1 57 111
18 5 8 7 16 | 3 1 58 112
18 5 8 8 2 | 3 0 59 109
18 5 8 8 4 | 3 0 59 110
18 5 8 10 2 | 3 0 59 111
18 5 8 10 16 | 3 1 61 112
18 5 8 12 14 | 3 1 61 113
18 5 8 12 16 | 3 1 61 114
18 5 8 13 2 | 3 2 56 111
18 5 8 13 7 | 3 2 57 112
18 5 8 15 5 | 3 2 57 113
18 5 8 15 16 | 3 3 58 114
18 5 8 18 5 | 3 2 60 113
18 5 8 18 7 | 3 2 60 114
18 5 10 11 2 | 3 2 56 115
18 5 10 11 5 | 3 2 57 115
18 5 10 13 3 | 3 2 57 116
18 5 10 13 16 | 3 3 58 117
18 5 10 16 13 | 3 3 60 117
18 5 10 16 15 | 3 3 60 118
18 5 11 2 2 | 3 4 44 109
18 5 11 2 5 | 3 4 45 109
18 5 11 2 7 | 3 4 45 110
18 5 11 2 10 | 3 4 46 110
18 5 11 4 8 | 3 4 46 111
18 5 11 4 16 | 3 5 46 112
18 5 11 7 2 | 3 4 47 111
18 5 11 7 13 | 3 5 48 112
18 5 11 9 11 | 3 5 48 113
18 5 11 9 16 | 3 5 49 114
18 5 11 12 8 | 3 4 52 113
18 5 11 12 10 | 3 4 52 114
18 5 13 2 8 | 3 4 46 115
18 5 13 2 11 | 3 5 45 115
18 5 13 2 14 | 3 5 46 115
18 5 13 5 2 | 3 4 47 115
18 5 13 5 11 | 3 5 48 115
18 5 13 7 9 | 3 4 48 118
18 5 13 7 16 | 3 5 49 117
18 5 13 10 6 | 3 4 50 118
18 5 13 10 10 | 3 4 52 117
18 5 13 13 0 | 3 6 47 116
18 5 13 13 7 | 3 6 48 117
18 5 13 13 18 | 3 7 49 118
18 5 13 16 4 | 3 6 50 117
18 5 13 16 7 | 3 6 51 117
18 5 13 16 9 | 3 6 51 118
18 5 13 16 12 | 3 6 52 118
18 5 15 8 6 | 3 4 50 121
18 5 15 8 8 | 3 4 52 120
18 5 15 11 0 | 3 6 47 119
18 5 15 11 5 | 3 6 48 120
18 5 15 11 18 | 3 7 49 121
18 5 15 14 2 | 3 6 50 120
18 5 15 14 12 | 3 6 52 121
18 5 15 16 10 | 3 6 52 122
18 5 15 16 13 | 3 7 51 122
18 5 15 16 16 | 3 7 52 122
18 5 16 2 2 | 3 4 53 115
18 5 16 2 5 | 3 4 54 115
18 5 16 2 8 | 3 4 55 115
18 5 16 4 6 | 3 4 53 118
18 5 16 4 16 | 3 5 55 117
18 5 16 7 0 | 3 4 56 116
18 5 16 7 13 | 3 5 57 117
18 5 16 7 18 | 3 5 58 118
18 5 16 10 10 | 3 4 61 117
18 5 16 10 12 | 3 4 61 118
18 5 18 2 6 | 3 4 53 121
18 5 18 2 9 | 3 4 54 121
18 5 18 2 11 | 3 5 54 120
18 5 18 2 14 | 3 5 55 120
18 5 18 5 0 | 3 4 56 119
18 5 18 5 11 | 3 5 57 120
18 5 18 5 18 | 3 5 58 121
18 5 18 8 8 | 3 4 61 120
18 5 18 8 12 | 3 4 61 121
18 5 18 11 2 | 3 6 56 120
18 5 18 11 9 | 3 6 57 121
18 5 18 13 7 | 3 6 57 122
18 5 18 13 16 | 3 7 58 122
18 5 18 16 4 | 3 6 59 122
18 5 18 16 7 | 3 6 60 122
18 5 18 16 10 | 3 6 61 122
18 7 0 8 8 | 3 0 43 123
18 7 0 11 2 | 3 2 38 123
18 7 0 11 5 | 3 2 39 123
18 7 0 13 3 | 3 2 39 124
18 7 0 13 16 | 3 3 40 125
18 7 0 16 0 | 3 2 41 124
18 7 0 16 10 | 3 2 43 125
18 7 0 16 13 | 3 3 42 125
18 7 0 16 15 | 3 3 42 126
18 7 0 16 18 | 3 3 43 126
18 7 3 8 2 | 3 0 50 123
18 7 3 10 0 | 3 0 50 124
18 7 3 10 16 | 3 1 52 125
18 7 3 10 18 | 3 1 52 126
18 7 8 8 0 | 3 0 59 127
18 7 8 8 2 | 3 0 59 128
18 7 8 8 18 | 3 1 61 129
18 7 8 10 16 | 3 1 61 130
18 7 11 2 0 | 3 4 44 127
18 7 11 2 3 | 3 4 45 127
18 7 11 2 5 | 3 4 45 128
18 7 11 2 8 | 3 4 46 128
18 7 11 2 18 | 3 5 46 129
18 7 11 5 2 | 3 4 47 128
18 7 11 5 15 | 3 5 48 129
18 7 11 7 13 | 3 5 48 130
18 7 11 7 16 | 3 5 49 130
18 7 11 10 10 | 3 4 52 130
18 7 13 0 8 | 3 4 46 131
18 7 13 0 16 | 3 5 46 132
18 7 13 3 2 | 3 4 47 131
18 7 13 3 13 | 3 5 48 132
18 7 13 5 11 | 3 5 48 133
18 7 13 5 16 | 3 5 49 134
18 7 13 8 8 | 3 4 52 133
18 7 13 8 10 | 3 4 52 134
18 7 13 16 2 | 3 6 50 135
18 7 13 16 5 | 3 6 51 135
18 7 13 16 7 | 3 6 51 136
18 7 13 16 10 | 3 6 52 136
18 7 13 18 8 | 3 6 52 137
18 7 13 18 16 | 3 7 52 138
18 7 16 0 2 | 3 4 53 131
18 7 16 0 10 | 3 4 55 132
18 7 16 2 8 | 3 4 55 133
18 7 16 2 11 | 3 5 54 133
18 7 16 2 13 | 3 5 54 134
18 7 16 2 16 | 3 5 55 134
18 7 16 10 8 | 3 4 61 135
18 7 16 10 10 | 3 4 61 136
18 7 16 13 2 | 3 6 56 135
18 7 16 13 7 | 3 6 57 136
18 7 16 15 5 | 3 6 57 137
18 7 16 15 16 | 3 7 58 138
18 7 16 18 2 | 3 6 59 137
18 7 16 18 10 | 3 6 61 138
18 7 18 8 8 | 3 4 61 139
18 7 18 11 2 | 3 6 56 139
18 7 18 11 5 | 3 6 57 139
18 7 18 13 3 | 3 6 57 140
18 7 18 13 16 | 3 7 58 141
18 7 18 16 0 | 3 6 59 140
18 7 18 16 10 | 3 6 61 141
18 7 18 16 13 | 3 7 60 141
18 7 18 16 15 | 3 7 60 142
18 7 18 16 18 | 3 7 61 142
18 8 0 2 3 | 3 0 62 103
18 8 0 2 11 | 3 1 62 104
18 8 0 5 8 | 3 0 65 104
18 8 0 5 15 | 3 1 64 105
18 8 0 13 7 | 3 2 64 106
18 8 0 13 10 | 3 2 65 106
18 8 2 3 8 | 3 0 65 107
18 8 2 3 13 | 3 1 64 108
18 8 2 11 5 | 3 2 64 109
18 8 2 11 10 | 3 2 65 110
18 8 2 16 5 | 3 2 66 111
18 8 2 16 13 | 3 3 66 112
18 8 3 2 0 | 3 0 67 103
18 8 3 2 2 | 3 0 67 104
18 8 3 2 18 | 3 1 69 105
18 8 3 4 16 | 3 1 69 106
18 8 5 0 2 | 3 0 67 107
18 8 5 0 16 | 3 1 69 108
18 8 5 2 14 | 3 1 69 109
18 8 5 2 16 | 3 1 69 110
18 8 5 3 2 | 3 0 70 107
18 8 5 3 7 | 3 0 71 108
18 8 5 5 5 | 3 0 71 109
18 8 5 5 16 | 3 1 72 110
18 8 5 8 5 | 3 0 74 109
18 8 5 8 7 | 3 0 74 110
18 8 5 10 11 | 3 1 74 111
18 8 5 10 13 | 3 1 74 112
18 8 5 13 2 | 3 2 70 111
18 8 5 13 13 | 3 3 71 112
18 8 5 15 11 | 3 3 71 113
18 8 5 15 16 | 3 3 72 114
18 8 5 16 2 | 3 2 73 111
18 8 5 16 4 | 3 2 73 112
18 8 5 18 2 | 3 2 73 113
18 8 5 18 16 | 3 3 75 114
18 8 7 14 2 | 3 2 73 115
18 8 7 16 0 | 3 2 73 116
18 8 7 16 16 | 3 3 75 117
18 8 7 16 18 | 3 3 75 118
18 8 8 2 5 | 3 0 76 109
18 8 8 2 13 | 3 1 76 110
18 8 8 7 8 | 3 0 79 111
18 8 8 7 13 | 3 1 78 112
18 8 8 15 5 | 3 2 78 113
18 8 8 15 10 | 3 2 79 114
18 8 10 5 8 | 3 0 79 115
18 8 10 5 11 | 3 1 78 115
18 8 10 13 3 | 3 2 78 116
18 8 10 13 10 | 3 2 79 117
18 8 10 16 7 | 3 2 80 117
18 8 10 16 15 | 3 3 80 118
18 8 13 5 2 | 3 4 70 115
18 8 13 5 5 | 3 4 71 115
18 8 13 7 3 | 3 4 71 116
18 8 13 7 16 | 3 5 72 117
18 8 13 10 13 | 3 5 74 117
18 8 13 10 15 | 3 5 74 118
18 8 15 8 3 | 3 4 74 119
18 8 15 8 5 | 3 4 74 120
18 8 15 11 2 | 3 6 70 120
18 8 15 11 15 | 3 7 71 121
18 8 15 13 13 | 3 7 71 122
18 8 15 13 16 | 3 7 72 122
18 8 18 2 3 | 3 4 76 119
18 8 18 2 11 | 3 5 76 120
18 8 18 5 8 | 3 4 79 120
18 8 18 5 15 | 3 5 78 121
18 8 18 13 7 | 3 6 78 122
18 8 18 13 10 | 3 6 79 122
18 10 0 5 8 | 3 0 65 123
18 10 0 5 11 | 3 1 64 123
18 10 0 13 3 | 3 2 64 124
18 10 0 13 10 | 3 2 65 125
18 10 0 16 7 | 3 2 66 125
18 10 0 16 15 | 3 3 66 126
18 10 3 5 2 | 3 0 70 123
18 10 3 5 5 | 3 0 71 123
18 10 3 7 3 | 3 0 71 124
18 10 3 7 16 | 3 1 72 125
18 10 3 10 13 | 3 1 74 125
18 10 3 10 15 | 3 1 74 126
18 10 5 8 3 | 3 0 74 127
18 10 5 8 5 | 3 0 74 128
18 10 5 11 2 | 3 2 70 128
18 10 5 11 15 | 3 3 71 129
18 10 5 13 13 | 3 3 71 130
18 10 5 13 16 | 3 3 72 130
18 10 8 2 3 | 3 0 76 127
18 10 8 2 11 | 3 1 76 128
18 10 8 5 8 | 3 0 79 128
18 10 8 5 15 | 3 1 78 129
18 10 8 13 7 | 3 2 78 130
18 10 8 13 10 | 3 2 79 130
18 10 10 3 8 | 3 0 79 131
18 10 10 3 13 | 3 1 78 132
18 10 10 11 5 | 3 2 78 133
18 10 10 11 10 | 3 2 79 134
18 10 10 16 5 | 3 2 80 135
18 10 10 16 13 | 3 3 80 136
18 10 11 2 0 | 3 4 67 127
18 10 11 2 2 | 3 4 67 128
18 10 11 2 18 | 3 5 69 129
18 10 11 4 16 | 3 5 69 130
18 10 13 0 2 | 3 4 67 131
18 10 13 0 16 | 3 5 69 132
18 10 13 2 14 | 3 5 69 133
18 10 13 2 16 | 3 5 69 134
18 10 13 3 2 | 3 4 70 131
18 10 13 3 7 | 3 4 71 132
18 10 13 5 5 | 3 4 71 133
18 10 13 5 16 | 3 5 72 134
18 10 13 8 5 | 3 4 74 133
18 10 13 8 7 | 3 4 74 134
18 10 13 10 11 | 3 5 74 135
18 10 13 10 13 | 3 5 74 136
18 10 13 13 2 | 3 6 70 135
18 10 13 13 13 | 3 7 71 136
18 10 13 15 11 | 3 7 71 137
18 10 13 15 16 | 3 7 72 138
18 10 13 16 2 | 3 6 73 135
18 10 13 16 4 | 3 6 73 136
18 10 13 18 2 | 3 6 73 137
18 10 13 18 16 | 3 7 75 138
18 10 15 14 2 | 3 6 73 139
18 10 15 16 0 | 3 6 73 140
18 10 15 16 16 | 3 7 75 141
18 10 15 16 18 | 3 7 75 142
18 10 16 2 5 | 3 4 76 133
18 10 16 2 13 | 3 5 76 134
18 10 16 7 8 | 3 4 79 135
18 10 16 7 13 | 3 5 78 136
18 10 16 15 5 | 3 6 78 137
18 10 16 15 10 | 3 6 79 138
18 10 18 5 8 | 3 4 79 139
18 10 18 5 11 | 3 5 78 139
18 10 18 13 3 | 3 6 78 140
18 10 18 13 10 | 3 6 79 141
18 10 18 16 7 | 3 6 80 141
18 10 18 16 15 | 3 7 80 142
18 11 0 2 0 | 3 8 35 103
18 11 0 2 3 | 3 8 36 103
18 11 0 2 5 | 3 8 36 104
18 11 0 2 8 | 3 8 37 104
18 11 0 2 18 | 3 9 37 105
18 11 0 5 2 | 3 8 38 104
18 11 0 5 15 | 3 9 39 105
18 11 0 7 13 | 3 9 39 106
18 11 0 7 16 | 3 9 40 106
18 11 0 10 10 | 3 8 43 106
18 11 2 0 8 | 3 8 37 107
18 11 2 0 16 | 3 9 37 108
18 11 2 3 2 | 3 8 38 107
18 11 2 3 13 | 3 9 39 108
18 11 2 5 11 | 3 9 39 109
18 11 2 5 16 | 3 9 40 110
18 11 2 8 8 | 3 8 43 109
18 11 2 8 10 | 3 8 43 110
18 11 2 16 2 | 3 10 41 111
18 11 2 16 5 | 3 10 42 111
18 11 2 16 7 | 3 10 42 112
18 11 2 16 10 | 3 10 43 112
18 11 2 18 8 | 3 10 43 113
18 11 2 18 16 | 3 11 43 114
18 11 5 0 2 | 3 8 44 107
18 11 5 0 10 | 3 8 46 108
18 11 5 2 8 | 3 8 46 109
18 11 5 2 11 | 3 9 45 109
18 11 5 2 13 | 3 9 45 110
18 11 5 2 16 | 3 9 46 110
18 11 5 10 8 | 3 8 52 111
18 11 5 10 10 | 3 8 52 112
18 11 5 13 2 | 3 10 47 111
18 11 5 13 7 | 3 10 48 112
18 11 5 15 5 | 3 10 48 113
18 11 5 15 16 | 3 11 49 114
18 11 5 18 2 | 3 10 50 113
18 11 5 18 10 | 3 10 52 114
18 11 7 8 8 | 3 8 52 115
18 11 7 11 2 | 3 10 47 115
18 11 7 11 5 | 3 10 48 115
18 11 7 13 3 | 3 10 48 116
18 11 7 13 16 | 3 11 49 117
18 11 7 16 0 | 3 10 50 116
18 11 7 16 10 | 3 10 52 117
18 11 7 16 13 | 3 11 51 117
18 11 7 16 15 | 3 11 51 118
18 11 7 16 18 | 3 11 52 118
18 11 10 8 2 | 3 8 59 115
18 11 10 10 0 | 3 8 59 116
18 11 10 10 16 | 3 9 61 117
18 11 10 10 18 | 3 9 61 118
18 11 15 8 0 | 3 12 50 119
18 11 15 8 2 | 3 12 50 120
18 11 15 8 18 | 3 13 52 121
18 11 15 10 16 | 3 13 52 122
18 11 18 2 0 | 3 12 53 119
18 11 18 2 3 | 3 12 54 119
18 11 18 2 5 | 3 12 54 120
18 11 18 2 8 | 3 12 55 120
18 11 18 2 18 | 3 13 55 121
18 11 18 5 2 | 3 12 56 120
18 11 18 5 15 | 3 13 57 121
18 11 18 7 13 | 3 13 57 122
18 11 18 7 16 | 3 13 58 122
18 11 18 10 10 | 3 12 61 122
18 13 0 2 8 | 3 8 37 123
18 13 0 2 11 | 3 9 36 123
18 13 0 2 14 | 3 9 37 123
18 13 0 5 2 | 3 8 38 123
18 13 0 5 11 | 3 9 39 123
18 13 0 7 9 | 3 8 39 126
18 13 0 7 16 | 3 9 40 125
18 13 0 10 6 | 3 8 41 126
18 13 0 10 10 | 3 8 43 125
18 13 0 13 0 | 3 10 38 124
18 13 0 13 7 | 3 10 39 125
18 13 0 13 18 | 3 11 40 126
18 13 0 16 4 | 3 10 41 125
18 13 0 16 7 | 3 10 42 125
18 13 0 16 9 | 3 10 42 126
18 13 0 16 12 | 3 10 43 126
18 13 2 8 6 | 3 8 41 129
18 13 2 8 8 | 3 8 43 128
18 13 2 11 0 | 3 10 38 127
18 13 2 11 5 | 3 10 39 128
18 13 2 11 18 | 3 11 40 129
18 13 2 14 2 | 3 10 41 128
18 13 2 14 12 | 3 10 43 129
18 13 2 16 10 | 3 10 43 130
18 13 2 16 13 | 3 11 42 130
18 13 2 16 16 | 3 11 43 130
18 13 3 2 2 | 3 8 44 123
18 13 3 2 5 | 3 8 45 123
18 13 3 2 8 | 3 8 46 123
18 13 3 4 6 | 3 8 44 126
18 13 3 4 16 | 3 9 46 125
18 13 3 7 0 | 3 8 47 124
18 13 3 7 13 | 3 9 48 125
18 13 3 7 18 | 3 9 49 126
18 13 3 10 10 | 3 8 52 125
18 13 3 10 12 | 3 8 52 126
18 13 5 2 6 | 3 8 44 129
18 13 5 2 9 | 3 8 45 129
18 13 5 2 11 | 3 9 45 128
18 13 5 2 14 | 3 9 46 128
18 13 5 5 0 | 3 8 47 127
18 13 5 5 11 | 3 9 48 128
18 13 5 5 18 | 3 9 49 129
18 13 5 8 8 | 3 8 52 128
18 13 5 8 12 | 3 8 52 129
18 13 5 11 2 | 3 10 47 128
18 13 5 11 9 | 3 10 48 129
18 13 5 13 7 | 3 10 48 130
18 13 5 13 16 | 3 11 49 130
18 13 5 16 4 | 3 10 50 130
18 13 5 16 7 | 3 10 51 130
18 13 5 16 10 | 3 10 52 130
18 13 7 6 8 | 3 8 46 137
18 13 7 6 10 | 3 8 46 138
18 13 7 9 2 | 3 8 47 137
18 13 7 9 7 | 3 8 48 138
18 13 7 11 5 | 3 10 48 133
18 13 7 11 16 | 3 11 49 134
18 13 7 14 2 | 3 10 50 133
18 13 7 14 10 | 3 10 52 134
18 13 7 16 8 | 3 10 52 135
18 13 7 16 11 | 3 11 51 135
18 13 7 16 13 | 3 11 51 136
18 13 7 16 16 | 3 11 52 136
18 13 8 2 3 | 3 8 54 127
18 13 8 2 5 | 3 8 54 128
18 13 8 5 2 | 3 8 56 128
18 13 8 5 15 | 3 9 57 129
18 13 8 7 13 | 3 9 57 130
18 13 8 7 16 | 3 9 58 130
18 13 10 0 11 | 3 9 54 131
18 13 10 0 13 | 3 9 54 132
18 13 10 3 2 | 3 8 56 131
18 13 10 3 13 | 3 9 57 132
18 13 10 5 11 | 3 9 57 133
18 13 10 5 16 | 3 9 58 134
18 13 10 6 2 | 3 8 53 137
18 13 10 6 4 | 3 8 53 138
18 13 10 8 2 | 3 8 59 133
18 13 10 8 16 | 3 9 61 134
18 13 10 10 14 | 3 9 61 135
18 13 10 10 16 | 3 9 61 136
18 13 10 11 2 | 3 10 56 133
18 13 10 11 7 | 3 10 57 134
18 13 10 13 5 | 3 10 57 135
18 13 10 13 16 | 3 11 58 136
18 13 10 16 5 | 3 10 60 135
18 13 10 16 7 | 3 10 60 136
18 13 10 18 11 | 3 11 60 137
18 13 10 18 13 | 3 11 60 138
18 13 13 0 5 | 3 12 45 131
18 13 13 0 7 | 3 12 45 132
18 13 13 2 11 | 3 13 45 133
18 13 13 2 13 | 3 13 45 134
18 13 13 5 2 | 3 12 47 133
18 13 13 5 13 | 3 13 48 134
18 13 13 7 11 | 3 13 48 135
18 13 13 7 16 | 3 13 49 136
18 13 13 8 2 | 3 12 50 133
18 13 13 8 4 | 3 12 50 134
18 13 13 10 2 | 3 12 50 135
18 13 13 10 16 | 3 13 52 136
18 13 13 12 14 | 3 13 52 137
18 13 13 12 16 | 3 13 52 138
18 13 13 13 2 | 3 14 47 135
18 13 13 13 7 | 3 14 48 136
18 13 13 15 5 | 3 14 48 137
18 13 13 15 16 | 3 15 49 138
18 13 13 18 5 | 3 14 51 137
18 13 13 18 7 | 3 14 51 138
18 13 15 11 2 | 3 14 47 139
18 13 15 11 5 | 3 14 48 139
18 13 15 13 3 | 3 14 48 140
18 13 15 13 16 | 3 15 49 141
18 13 15 16 13 | 3 15 51 141
18 13 15 16 15 | 3 15 51 142
18 13 16 2 2 | 3 12 53 133
18 13 16 2 5 | 3 12 54 133
18 13 16 2 7 | 3 12 54 134
18 13 16 2 10 | 3 12 55 134
18 13 16 4 8 | 3 12 55 135
18 13 16 4 16 | 3 13 55 136
18 13 16 7 2 | 3 12 56 135
18 13 16 7 13 | 3 13 57 136
18 13 16 9 11 | 3 13 57 137
18 13 16 9 16 | 3 13 58 138
18 13 16 12 8 | 3 12 61 137
18 13 16 12 10 | 3 12 61 138
18 13 18 2 8 | 3 12 55 139
18 13 18 2 11 | 3 13 54 139
18 13 18 2 14 | 3 13 55 139
18 13 18 5 2 | 3 12 56 139
18 13 18 5 11 | 3 13 57 139
18 13 18 7 9 | 3 12 57 142
18 13 18 7 16 | 3 13 58 141
18 13 18 10 6 | 3 12 59 142
18 13 18 10 10 | 3 12 61 141
18 13 18 13 0 | 3 14 56 140
18 13 18 13 7 | 3 14 57 141
18 13 18 13 18 | 3 15 58 142
18 13 18 16 4 | 3 14 59 141
18 13 18 16 7 | 3 14 60 141
18 13 18 16 9 | 3 14 60 142
18 13 18 16 12 | 3 14 61 142
18 15 0 10 6 | 3 8 41 146
18 15 0 13 0 | 3 10 38 145
18 15 0 13 3 | 3 10 39 145
18 15 0 13 18 | 3 11 40 146
18 15 0 16 0 | 3 10 41 145
18 15 0 16 12 | 3 10 43 146
18 15 0 16 15 | 3 11 42 146
18 15 0 16 18 | 3 11 43 146
18 15 3 2 0 | 3 8 44 143
18 15 3 2 3 | 3 8 45 143
18 15 3 2 6 | 3 8 44 144
18 15 3 2 18 | 3 9 46 144
18 15 3 5 0 | 3 8 47 143
18 15 3 5 15 | 3 9 48 144
18 15 3 5 18 | 3 9 49 144
18 15 3 8 12 | 3 8 52 144
18 15 5 0 6 | 3 8 44 149
18 15 5 0 16 | 3 9 46 148
18 15 5 3 0 | 3 8 47 147
18 15 5 3 13 | 3 9 48 148
18 15 5 3 18 | 3 9 49 149
18 15 5 6 10 | 3 8 46 152
18 15 5 6 12 | 3 8 46 153
18 15 5 16 2 | 3 10 50 150
18 15 5 16 5 | 3 10 51 150
18 15 5 16 8 | 3 10 52 150
18 15 5 18 6 | 3 10 50 153
18 15 5 18 16 | 3 11 52 152
18 15 8 0 13 | 3 9 54 148
18 15 8 0 15 | 3 9 54 149
18 15 8 13 2 | 3 10 56 150
18 15 8 13 5 | 3 10 57 150
18 15 8 15 3 | 3 10 57 151
18 15 8 15 16 | 3 11 58 152
18 15 8 18 13 | 3 11 60 152
18 15 8 18 15 | 3 11 60 153
18 15 10 6 0 | 3 8 53 158
18 15 10 6 2 | 3 8 53 159
18 15 10 6 18 | 3 9 55 160
18 15 10 8 16 | 3 9 61 157
18 15 11 10 2 | 3 12 50 150
18 15 11 12 0 | 3 12 50 151
18 15 11 12 16 | 3 13 52 152
18 15 11 12 18 | 3 13 52 153
18 15 13 0 3 | 3 12 45 154
18 15 13 0 5 | 3 12 45 155
18 15 13 3 2 | 3 12 47 155
18 15 13 3 15 | 3 13 48 156
18 15 13 5 13 | 3 13 48 157
18 15 13 5 16 | 3 13 49 157
18 15 13 18 3 | 3 14 51 158
18 15 13 18 5 | 3 14 51 159
18 15 16 0 2 | 3 12 53 155
18 15 16 0 12 | 3 12 55 156
18 15 16 2 10 | 3 12 55 157
18 15 16 2 13 | 3 13 54 157
18 15 16 2 16 | 3 13 55 157
18 15 16 12 6 | 3 12 59 160
18 15 16 12 8 | 3 12 61 159
18 15 16 15 0 | 3 14 56 158
18 15 16 15 5 | 3 14 57 159
18 15 16 15 18 | 3 15 58 160
18 15 16 18 2 | 3 14 59 159
18 15 16 18 12 | 3 14 61 160
18 15 18 10 6 | 3 12 59 164
18 15 18 13 0 | 3 14 56 163
18 15 18 13 3 | 3 14 57 163
18 15 18 13 18 | 3 15 58 164
18 15 18 16 0 | 3 14 59 163
18 15 18 16 12 | 3 14 61 164
18 15 18 16 15 | 3 15 60 164
18 15 18 16 18 | 3 15 61 164
18 16 0 2 5 | 3 8 62 123
18 16 0 2 11 | 3 9 62 123
18 16 0 7 6 | 3 8 63 126
18 16 0 7 13 | 3 9 64 125
18 16 0 13 7 | 3 10 64 125
18 16 0 13 12 | 3 10 65 126
18 16 2 5 6 | 3 8 63 129
18 16 2 5 11 | 3 9 64 128
18 16 2 11 5 | 3 10 64 128
18 16 2 11 12 | 3 10 65 129
18 16 2 16 7 | 3 10 66 130
18 16 2 16 13 | 3 11 66 130
18 16 5 2 6 | 3 8 67 129
18 16 5 2 8 | 3 8 69 128
18 16 5 5 0 | 3 8 70 127
18 16 5 5 5 | 3 8 71 128
18 16 5 5 18 | 3 9 72 129
18 16 5 8 2 | 3 8 73 128
18 16 5 8 12 | 3 8 75 129
18 16 5 10 10 | 3 8 75 130
18 16 5 10 13 | 3 9 74 130
18 16 5 10 16 | 3 9 75 130
18 16 7 6 2 | 3 8 67 137
18 16 7 6 5 | 3 8 68 137
18 16 7 6 7 | 3 8 68 138
18 16 7 6 10 | 3 8 69 138
18 16 7 8 8 | 3 8 75 133
18 16 7 8 16 | 3 9 75 134
18 16 7 11 2 | 3 10 70 133
18 16 7 11 13 | 3 11 71 134
18 16 7 13 11 | 3 11 71 135
18 16 7 13 16 | 3 11 72 136
18 16 7 16 8 | 3 10 75 135
18 16 7 16 10 | 3 10 75 136
18 16 10 0 5 | 3 8 76 131
18 16 10 0 13 | 3 9 76 132
18 16 10 5 8 | 3 8 79 133
18 16 10 5 13 | 3 9 78 134
18 16 10 13 5 | 3 10 78 135
18 16 10 13 10 | 3 10 79 136
18 16 10 18 5 | 3 10 80 137
18 16 10 18 13 | 3 11 80 138
18 16 13 2 8 | 3 12 69 133
18 16 13 2 10 | 3 12 69 134
18 16 13 5 2 | 3 12 70 133
18 16 13 5 7 | 3 12 71 134
18 16 13 7 5 | 3 12 71 135
18 16 13 7 16 | 3 13 72 136
18 16 13 10 2 | 3 12 73 135
18 16 13 10 10 | 3 12 75 136
18 16 13 12 8 | 3 12 75 137
18 16 13 12 11 | 3 13 74 137
18 16 13 12 13 | 3 13 74 138
18 16 13 12 16 | 3 13 75 138
18 16 15 8 2 | 3 12 73 139
18 16 15 8 5 | 3 12 74 139
18 16 15 8 8 | 3 12 75 139
18 16 15 10 6 | 3 12 73 142
18 16 15 10 16 | 3 13 75 141
18 16 15 13 0 | 3 14 70 140
18 16 15 13 13 | 3 15 71 141
18 16 15 13 18 | 3 15 72 142
18 16 15 16 10 | 3 14 75 141
18 16 15 16 12 | 3 14 75 142
18 16 18 2 5 | 3 12 76 139
18 16 18 2 11 | 3 13 76 139
18 16 18 7 6 | 3 12 77 142
18 16 18 7 13 | 3 13 78 141
18 16 18 13 7 | 3 14 78 141
18 16 18 13 12 | 3 14 79 142
18 18 0 2 3 | 3 8 62 143
18 18 0 2 9 | 3 8 62 144
18 18 0 5 6 | 3 8 63 144
18 18 0 5 15 | 3 9 64 144
18 18 0 7 6 | 3 8 63 146
18 18 0 7 9 | 3 8 64 146
18 18 0 11 9 | 3 10 64 144
18 18 0 11 12 | 3 10 65 144
18 18 0 13 3 | 3 10 64 145
18 18 0 13 12 | 3 10 65 146
18 18 0 16 9 | 3 10 66 146
18 18 0 16 15 | 3 11 66 146
18 18 2 3 6 | 3 8 63 149
18 18 2 3 13 | 3 9 64 148
18 18 2 9 7 | 3 8 64 152
18 18 2 9 12 | 3 8 65 153
18 18 2 16 5 | 3 10 66 150
18 18 2 16 11 | 3 11 66 150
18 18 3 4 6 | 3 8 67 146
18 18 3 7 0 | 3 8 70 145
18 18 3 7 3 | 3 8 71 145
18 18 3 7 18 | 3 9 72 146
18 18 3 10 0 | 3 8 73 145
18 18 3 10 12 | 3 8 75 146
18 18 3 10 15 | 3 9 74 146
18 18 3 10 18 | 3 9 75 146
18 18 5 0 6 | 3 8 67 149
18 18 5 0 10 | 3 8 69 148
18 18 5 3 0 | 3 8 70 147
18 18 5 3 7 | 3 8 71 148
18 18 5 3 18 | 3 9 72 149
18 18 5 6 4 | 3 8 67 152
18 18 5 6 7 | 3 8 68 152
18 18 5 6 9 | 3 8 68 153
18 18 5 6 12 | 3 8 69 153
18 18 5 10 8 | 3 8 75 150
18 18 5 10 11 | 3 9 74 150
18 18 5 10 14 | 3 9 75 150
18 18 5 13 2 | 3 10 70 150
18 18 5 13 11 | 3 11 71 150
18 18 5 15 9 | 3 10 71 153
18 18 5 15 16 | 3 11 72 152
18 18 5 18 6 | 3 10 73 153
18 18 5 18 10 | 3 10 75 152
18 18 7 6 0 | 3 8 67 158
18 18 7 6 3 | 3 8 68 158
18 18 7 6 5 | 3 8 68 159
18 18 7 6 8 | 3 8 69 159
18 18 7 6 18 | 3 9 69 160
18 18 7 9 2 | 3 8 70 159
18 18 7 9 15 | 3 9 71 160
18 18 7 11 13 | 3 11 71 157
18 18 7 11 16 | 3 11 72 157
18 18 7 14 10 | 3 10 75 157
18 18 8 0 7 | 3 8 76 148
18 18 8 0 15 | 3 9 76 149
18 18 8 7 8 | 3 8 79 150
18 18 8 7 11 | 3 9 78 150
18 18 8 15 3 | 3 10 78 151
18 18 8 15 10 | 3 10 79 152
18 18 8 18 7 | 3 10 80 152
18 18 8 18 15 | 3 11 80 153
18 18 10 0 3 | 3 8 76 154
18 18 10 0 11 | 3 9 76 155
18 18 10 3 8 | 3 8 79 155
18 18 10 3 15 | 3 9 78 156
18 18 10 11 7 | 3 10 78 157
18 18 10 11 10 | 3 10 79 157
18 18 10 18 3 | 3 10 80 158
18 18 10 18 11 | 3 11 80 159
18 18 11 4 8 | 3 12 69 150
18 18 11 7 2 | 3 12 70 150
18 18 11 7 5 | 3 12 71 150
18 18 11 9 3 | 3 12 71 151
18 18 11 9 16 | 3 13 72 152
18 18 11 12 0 | 3 12 73 151
18 18 11 12 10 | 3 12 75 152
18 18 11 12 13 | 3 13 74 152
18 18 11 12 15 | 3 13 74 153
18 18 11 12 18 | 3 13 75 153
18 18 13 0 8 | 3 12 69 155
18 18 13 0 12 | 3 12 69 156
18 18 13 3 2 | 3 12 70 155
18 18 13 3 9 | 3 12 71 156
18 18 13 5 7 | 3 12 71 157
18 18 13 5 16 | 3 13 72 157
18 18 13 8 4 | 3 12 73 157
18 18 13 8 7 | 3 12 74 157
18 18 13 8 10 | 3 12 75 157
18 18 13 12 6 | 3 12 73 160
18 18 13 12 9 | 3 12 74 160
18 18 13 12 11 | 3 13 74 159
18 18 13 12 14 | 3 13 75 159
18 18 13 15 0 | 3 14 70 158
18 18 13 15 11 | 3 15 71 159
18 18 13 15 18 | 3 15 72 160
18 18 13 18 8 | 3 14 75 159
18 18 13 18 12 | 3 14 75 160
18 18 15 8 0 | 3 12 73 161
18 18 15 8 3 | 3 12 74 161
18 18 15 8 6 | 3 12 73 162
18 18 15 8 18 | 3 13 75 162
18 18 15 11 0 | 3 14 70 161
18 18 15 11 15 | 3 15 71 162
18 18 15 11 18 | 3 15 72 162
18 18 15 14 12 | 3 14 75 162
18 18 16 2 7 | 3 12 76 157
18 18 16 2 13 | 3 13 76 157
18 18 16 9 6 | 3 12 77 160
18 18 16 9 11 | 3 13 78 159
18 18 16 15 5 | 3 14 78 159
18 18 16 15 12 | 3 14 79 160
18 18 18 2 3 | 3 12 76 161
18 18 18 2 9 | 3 12 76 162
18 18 18 5 6 | 3 12 77 162
18 18 18 5 15 | 3 13 78 162
18 18 18 7 6 | 3 12 77 164
18 18 18 7 9 | 3 12 78 164
18 18 18 11 9 | 3 14 78 162
18 18 18 11 12 | 3 14 79 162
18 18 18 13 3 | 3 14 78 163
18 18 18 13 12 | 3 14 79 164
18 18 18 16 9 | 3 14 80 164
18 18 18 16 15 | 3 15 80 164
24 0 3 4 0 | 2 81 165
24 0 3 4 24 | 2 82 166
24 0 3 7 6 | 4 0 1 24 83
24 0 3 7 9 | 4 0 1 25 83
24 0 3 13 3 | 4 0 2 25 83
24 0 3 13 18 | 4 0 3 26 84
24 0 3 16 15 | 4 0 3 28 84
24 0 3 16 21 | 4 1 3 28 84
24 0 5 3 6 | 4 0 1 24 85
24 0 5 3 13 | 4 0 1 25 86
24 0 5 9 7 | 4 0 2 25 86
24 0 5 9 18 | 4 0 1 26 91
24 0 5 16 11 | 4 0 3 28 88
24 0 5 16 17 | 4 1 3 28 88
24 0 7 0 0 | 2 85 165
24 0 7 0 20 | 2 86 166
24 0 7 0 24 | 2 87 166
24 0 7 20 4 | 2 88 167
24 0 7 24 0 | 2 89 167
24 0 7 24 20 | 2 90 168
24 0 7 24 24 | 2 91 168
24 0 8 6 7 | 4 0 2 30 86
24 0 8 6 15 | 4 0 1 30 91
24 0 8 13 8 | 4 0 2 33 88
24 0 8 13 17 | 4 1 3 32 88
24 0 8 21 9 | 4 2 3 32 89
24 0 8 21 16 | 4 2 3 33 90
24 0 10 6 3 | 4 0 2 30 92
24 0 10 6 11 | 4 0 1 30 97
24 0 10 9 8 | 4 0 1 31 97
24 0 10 9 21 | 4 1 3 32 94
24 0 10 17 13 | 4 2 3 32 95
24 0 10 17 16 | 4 2 3 33 95
24 0 14 7 8 | 4 0 4 33 88
24 0 14 7 11 | 4 0 5 32 88
24 0 14 15 3 | 4 0 6 32 89
24 0 14 15 16 | 4 0 7 33 90
24 0 14 18 13 | 4 0 7 34 90
24 0 14 18 21 | 4 1 7 34 91
24 0 16 3 8 | 4 0 4 33 93
24 0 16 3 15 | 4 0 5 32 94
24 0 16 11 7 | 4 0 6 32 95
24 0 16 11 16 | 4 0 7 33 95
24 0 16 18 9 | 4 0 6 34 98
24 0 16 18 17 | 4 1 7 34 97
24 0 17 0 0 | 2 92 169
24 0 17 0 4 | 2 93 169
24 0 17 0 24 | 2 94 170
24 0 17 4 20 | 2 95 170
24 0 17 24 0 | 2 96 171
24 0 17 24 4 | 2 97 171
24 0 17 24 24 | 2 98 172
24 0 19 8 7 | 4 4 6 22 95
24 0 19 8 13 | 4 4 5 28 95
24 0 19 15 6 | 4 4 6 24 98
24 0 19 15 17 | 4 5 7 25 97
24 0 19 21 11 | 4 6 7 25 97
24 0 19 21 18 | 4 6 7 26 98
24 0 21 8 3 | 4 4 6 22 99
24 0 21 8 9 | 4 4 5 28 99
24 0 21 11 6 | 4 4 6 24 100
24 0 21 11 21 | 4 5 7 25 100
24 0 21 17 15 | 4 6 7 25 100
24 0 21 17 18 | 4 6 7 26 100
24 0 21 20 0 | 2 101 171
24 0 21 20 24 | 2 102 172
24 2 3 5 6 | 4 0 1 24 103
24 2 3 5 11 | 4 0 1 25 104
24 2 3 11 5 | 4 0 2 25 104
24 2 3 11 18 | 4 0 3 26 105
24 2 3 16 13 | 4 0 3 28 106
24 2 3 16 19 | 4 1 3 28 106
24 2 8 6 5 | 4 0 2 30 107
24 2 8 6 13 | 4 0 1 30 114
24 2 8 11 8 | 4 0 2 33 109
24 2 8 11 19 | 4 1 3 32 110
24 2 8 19 11 | 4 2 3 32 111
24 2 8 19 16 | 4 2 3 33 112
24 2 14 5 8 | 4 0 4 33 109
24 2 14 5 13 | 4 0 5 32 110
24 2 14 13 5 | 4 0 6 32 111
24 2 14 13 16 | 4 0 7 33 112
24 2 14 18 11 | 4 0 7 34 113
24 2 14 18 19 | 4 1 7 34 114
24 2 19 8 5 | 4 4 6 22 115
24 2 19 8 11 | 4 4 5 28 115
24 2 19 13 6 | 4 4 6 24 118
24 2 19 13 19 | 4 5 7 25 117
24 2 19 19 13 | 4 6 7 25 117
24 2 19 19 18 | 4 6 7 26 118
24 3 0 2 3 | 4 0 16 35 81
24 3 0 2 9 | 4 0 1 36 81
24 3 0 5 6 | 4 0 1 38 81
24 3 0 5 21 | 4 1 16 40 82
24 3 0 11 15 | 4 0 3 39 82
24 3 0 11 18 | 4 0 3 40 82
24 3 0 14 0 | 2 83 173
24 3 0 14 24 | 2 84 174
24 3 2 3 6 | 4 0 1 38 85
24 3 2 3 19 | 4 1 16 40 86
24 3 2 9 13 | 4 0 1 39 90
24 3 2 9 18 | 4 0 1 40 91
24 3 2 22 5 | 4 2 20 41 88
24 3 2 22 11 | 4 2 3 42 88
24 3 5 6 13 | 4 0 1 45 90
24 3 5 6 15 | 4 0 1 45 91
24 3 5 19 2 | 4 2 17 50 88
24 3 5 19 11 | 4 2 3 48 88
24 3 5 21 9 | 4 2 3 48 89
24 3 5 21 22 | 4 3 19 52 90
24 3 7 0 0 | 2 85 175
24 3 7 0 14 | 2 86 176
24 3 7 0 24 | 2 87 177
24 3 7 14 10 | 2 88 178
24 3 7 24 0 | 2 89 179
24 3 7 24 14 | 2 90 180
24 3 7 24 24 | 2 91 181
24 3 10 6 3 | 4 0 2 54 92
24 3 10 6 5 | 4 0 2 54 93
24 3 10 9 2 | 4 0 2 56 93
24 3 10 9 21 | 4 1 3 57 94
24 3 10 11 19 | 4 1 3 57 95
24 3 10 11 22 | 4 1 3 58 95
24 3 11 13 2 | 4 0 6 47 88
24 3 11 13 5 | 4 0 6 48 88
24 3 11 15 3 | 4 0 6 48 89
24 3 11 15 22 | 4 1 7 49 90
24 3 11 18 19 | 4 1 7 51 90
24 3 11 18 21 | 4 1 7 51 91
24 3 14 0 0 | 2 92 182
24 3 14 0 10 | 2 93 183
24 3 14 0 24 | 2 94 184
24 3 14 10 14 | 2 95 185
24 3 14 24 0 | 2 96 186
24 3 14 24 10 | 2 97 187
24 3 14 24 24 | 2 98 188
24 3 16 3 2 | 4 0 4 56 93
24 3 16 3 15 | 4 0 5 57 94
24 3 16 5 13 | 4 0 5 57 95
24 3 16 5 22 | 4 1 5 58 95
24 3 16 18 9 | 4 0 6 60 98
24 3 16 18 11 | 4 0 7 60 97
24 3 19 2 13 | 4 4 5 45 95
24 3 19 2 19 | 4 5 22 55 95
24 3 19 15 6 | 4 4 6 47 98
24 3 19 15 11 | 4 4 7 48 97
24 3 19 21 5 | 4 6 24 60 97
24 3 19 21 18 | 4 6 7 49 98
24 3 21 10 0 | 2 99 189
24 3 21 10 24 | 2 100 190
24 3 21 13 6 | 4 4 6 47 102
24 3 21 13 9 | 4 4 6 48 102
24 3 21 19 3 | 4 6 24 60 101
24 3 21 19 18 | 4 6 7 49 102
24 3 21 22 15 | 4 6 7 51 102
24 3 21 22 21 | 4 7 28 61 102
24 3 24 2 3 | 4 4 30 53 99
24 3 24 2 9 | 4 4 5 54 99
24 3 24 5 6 | 4 4 5 56 99
24 3 24 5 21 | 4 5 30 58 100
24 3 24 11 15 | 4 4 7 57 100
24 3 24 11 18 | 4 4 7 58 100
24 3 24 14 0 | 2 101 191
24 3 24 14 24 | 2 102 192
24 5 0 5 6 | 4 0 1 38 103
24 5 0 5 17 | 4 1 16 40 104
24 5 0 11 11 | 4 0 3 39 104
24 5 0 11 18 | 4 0 3 40 105
24 5 0 22 7 | 4 2 20 41 106
24 5 0 22 13 | 4 2 3 42 106
24 5 3 2 9 | 4 0 1 45 103
24 5 3 2 11 | 4 0 1 45 104
24 5 3 11 2 | 4 0 2 47 104
24 5 3 11 15 | 4 0 3 48 105
24 5 3 13 13 | 4 0 3 48 106
24 5 3 13 22 | 4 1 3 49 106
24 5 5 6 11 | 4 0 1 45 113
24 5 5 6 13 | 4 0 1 45 114
24 5 5 9 2 | 4 0 2 47 107
24 5 5 9 13 | 4 0 1 48 114
24 5 5 11 11 | 4 0 3 48 109
24 5 5 11 22 | 4 1 3 49 110
24 5 5 17 2 | 4 2 17 50 109
24 5 5 17 13 | 4 2 3 48 110
24 5 5 19 11 | 4 2 3 48 111
24 5 5 19 22 | 4 3 19 52 112
24 5 5 22 11 | 4 2 3 51 111
24 5 5 22 13 | 4 2 3 51 112
24 5 8 6 5 | 4 0 2 54 107
24 5 8 6 7 | 4 0 2 54 108
24 5 8 11 2 | 4 0 2 56 109
24 5 8 11 19 | 4 1 3 57 110
24 5 8 13 17 | 4 1 3 57 111
24 5 8 13 22 | 4 1 3 58 112
24 5 11 11 2 | 4 0 6 47 109
24 5 11 11 7 | 4 0 6 48 110
24 5 11 13 5 | 4 0 6 48 111
24 5 11 13 22 | 4 1 7 49 112
24 5 11 18 17 | 4 1 7 51 113
24 5 11 18 19 | 4 1 7 51 114
24 5 14 2 11 | 4 0 5 54 109
24 5 14 2 13 | 4 0 5 54 110
24 5 14 5 2 | 4 0 4 56 109
24 5 14 5 13 | 4 0 5 57 110
24 5 14 7 11 | 4 0 5 57 111
24 5 14 7 22 | 4 1 5 58 112
24 5 14 13 2 | 4 0 6 56 111
24 5 14 13 13 | 4 0 7 57 112
24 5 14 15 11 | 4 0 7 57 113
24 5 14 15 22 | 4 1 7 58 114
24 5 14 18 11 | 4 0 7 60 113
24 5 14 18 13 | 4 0 7 60 114
24 5 16 11 2 | 4 0 6 56 115
24 5 16 11 11 | 4 0 7 57 115
24 5 16 13 9 | 4 0 6 57 118
24 5 16 13 22 | 4 1 7 58 117
24 5 16 22 13 | 4 2 7 60 117
24 5 16 22 15 | 4 2 7 60 118
24 5 19 2 11 | 4 4 5 45 115
24 5 19 2 17 | 4 5 22 55 115
24 5 19 13 6 | 4 4 6 47 118
24 5 19 13 13 | 4 4 7 48 117
24 5 19 19 7 | 4 6 24 60 117
24 5 19 19 18 | 4 6 7 49 118
24 5 21 11 6 | 4 4 6 47 121
24 5 21 11 11 | 4 4 7 48 120
24 5 21 17 5 | 4 6 24 60 120
24 5 21 17 18 | 4 6 7 49 121
24 5 21 22 13 | 4 6 7 51 122
24 5 21 22 19 | 4 7 28 61 122
24 5 22 2 5 | 4 4 30 53 115
24 5 22 2 11 | 4 4 5 54 115
24 5 22 7 6 | 4 4 5 56 116
24 5 22 7 19 | 4 5 30 58 117
24 5 22 13 13 | 4 4 7 57 117
24 5 22 13 18 | 4 4 7 58 118
24 5 24 5 6 | 4 4 5 56 119
24 5 24 5 17 | 4 5 30 58 120
24 5 24 11 11 | 4 4 7 57 120
24 5 24 11 18 | 4 4 7 58 121
24 5 24 22 7 | 4 6 34 59 122
24 5 24 22 13 | 4 6 7 60 122
24 7 0 10 0 | 2 103 173
24 7 0 10 4 | 2 104 173
24 7 0 10 24 | 2 105 174
24 7 0 14 20 | 2 106 174
24 7 3 4 0 | 2 103 175
24 7 3 4 10 | 2 104 176
24 7 3 4 24 | 2 105 177
24 7 3 14 14 | 2 106 178
24 7 7 0 10 | 2 107 176
24 7 7 0 20 | 2 108 177
24 7 7 10 10 | 2 109 178
24 7 7 10 14 | 2 110 178
24 7 7 20 4 | 2 111 179
24 7 7 20 14 | 2 112 180
24 7 7 24 10 | 2 113 180
24 7 7 24 20 | 2 114 181
24 7 10 0 4 | 2 107 182
24 7 10 0 14 | 2 108 183
24 7 10 4 10 | 2 109 183
24 7 10 4 20 | 2 110 184
24 7 10 14 10 | 2 111 185
24 7 10 14 14 | 2 112 185
24 7 10 24 4 | 2 113 186
24 7 10 24 14 | 2 114 187
24 7 14 10 10 | 2 115 185
24 7 14 20 0 | 2 116 186
24 7 14 20 14 | 2 117 187
24 7 14 20 24 | 2 118 188
24 7 17 10 4 | 2 115 189
24 7 17 14 0 | 2 116 189
24 7 17 14 20 | 2 117 190
24 7 17 14 24 | 2 118 190
24 7 24 10 0 | 2 119 191
24 7 24 10 4 | 2 120 191
24 7 24 10 24 | 2 121 192
24 7 24 14 20 | 2 122 192
24 8 0 2 9 | 4 0 1 62 103
24 8 0 2 17 | 4 1 9 16 104
24 8 0 11 8 | 4 0 2 65 104
24 8 0 11 15 | 4 0 3 64 105
24 8 0 19 7 | 4 2 10 18 106
24 8 0 19 16 | 4 2 3 65 106
24 8 2 9 8 | 4 0 1 63 113
24 8 2 9 13 | 4 0 1 64 114
24 8 2 17 5 | 4 2 10 18 109
24 8 2 17 16 | 4 2 3 65 110
24 8 2 22 11 | 4 2 3 66 111
24 8 2 22 19 | 4 3 11 20 112
24 8 5 9 2 | 4 0 2 70 107
24 8 5 9 7 | 4 0 2 71 108
24 8 5 11 5 | 4 0 2 71 109
24 8 5 11 22 | 4 1 3 72 110
24 8 5 16 17 | 4 1 3 74 111
24 8 5 16 19 | 4 1 3 74 112
24 8 11 8 5 | 4 0 4 74 109
24 8 11 8 7 | 4 0 4 74 110
24 8 11 13 2 | 4 0 6 70 111
24 8 11 13 19 | 4 1 7 71 112
24 8 11 15 17 | 4 1 7 71 113
24 8 11 15 22 | 4 1 7 72 114
24 8 14 2 5 | 4 0 4 76 109
24 8 14 2 13 | 4 0 5 76 110
24 8 14 7 8 | 4 0 4 79 111
24 8 14 7 19 | 4 1 5 78 112
24 8 14 15 11 | 4 0 7 78 113
24 8 14 15 16 | 4 0 7 79 114
24 8 16 5 8 | 4 0 4 79 115
24 8 16 5 17 | 4 1 5 78 115
24 8 16 13 9 | 4 0 6 78 118
24 8 16 13 16 | 4 0 7 79 117
24 8 16 22 7 | 4 2 6 80 117
24 8 16 22 15 | 4 2 7 80 118
24 8 19 5 2 | 4 4 12 24 115
24 8 19 5 11 | 4 4 5 71 115
24 8 19 7 9 | 4 4 5 71 116
24 8 19 7 22 | 4 5 13 26 117
24 8 19 16 13 | 4 4 7 74 117
24 8 19 16 15 | 4 4 7 74 118
24 8 21 8 9 | 4 4 5 74 119
24 8 21 8 11 | 4 4 5 74 120
24 8 21 17 2 | 4 6 14 24 120
24 8 21 17 15 | 4 6 7 71 121
24 8 21 19 13 | 4 6 7 71 122
24 8 21 19 22 | 4 7 15 26 122
24 8 24 2 9 | 4 4 5 76 119
24 8 24 2 17 | 4 5 13 30 120
24 8 24 11 8 | 4 4 6 79 120
24 8 24 11 15 | 4 4 7 78 121
24 8 24 19 7 | 4 6 14 32 122
24 8 24 19 16 | 4 6 7 79 122
24 10 0 11 8 | 4 0 2 65 123
24 10 0 11 11 | 4 0 3 64 123
24 10 0 19 3 | 4 2 10 18 124
24 10 0 19 16 | 4 2 3 65 125
24 10 0 22 13 | 4 2 3 66 125
24 10 0 22 21 | 4 3 11 20 126
24 10 3 11 2 | 4 0 2 70 123
24 10 3 11 5 | 4 0 2 71 123
24 10 3 13 3 | 4 0 2 71 124
24 10 3 13 22 | 4 1 3 72 125
24 10 3 16 19 | 4 1 3 74 125
24 10 3 16 21 | 4 1 3 74 126
24 10 7 0 10 | 2 107 193
24 10 7 0 14 | 2 108 193
24 10 7 10 4 | 2 109 194
24 10 7 10 14 | 2 110 195
24 10 7 14 10 | 2 111 195
24 10 7 14 20 | 2 112 196
24 10 7 24 10 | 2 113 197
24 10 7 24 14 | 2 114 197
24 10 11 8 3 | 4 0 4 74 127
24 10 11 8 5 | 4 0 4 74 128
24 10 11 11 2 | 4 0 6 70 128
24 10 11 11 21 | 4 1 7 71 129
24 10 11 13 19 | 4 1 7 71 130
24 10 11 13 22 | 4 1 7 72 130
24 10 14 2 3 | 4 0 4 76 127
24 10 14 2 11 | 4 0 5 76 128
24 10 14 5 8 | 4 0 4 79 128
24 10 14 5 21 | 4 1 5 78 129
24 10 14 13 13 | 4 0 7 78 130
24 10 14 13 16 | 4 0 7 79 130
24 10 16 3 8 | 4 0 4 79 131
24 10 16 3 19 | 4 1 5 78 132
24 10 16 11 11 | 4 0 7 78 133
24 10 16 11 16 | 4 0 7 79 134
24 10 16 22 5 | 4 2 6 80 135
24 10 16 22 13 | 4 2 7 80 136
24 10 17 4 10 | 2 115 198
24 10 17 14 0 | 2 116 199
24 10 17 14 14 | 2 117 200
24 10 17 14 24 | 2 118 201
24 10 19 3 2 | 4 4 12 24 131
24 10 19 3 13 | 4 4 5 71 132
24 10 19 5 11 | 4 4 5 71 133
24 10 19 5 22 | 4 5 13 26 134
24 10 19 8 11 | 4 4 5 74 133
24 10 19 8 13 | 4 4 5 74 134
24 10 19 16 11 | 4 4 7 74 135
24 10 19 16 13 | 4 4 7 74 136
24 10 19 19 2 | 4 6 14 24 135
24 10 19 19 13 | 4 6 7 71 136
24 10 19 21 11 | 4 6 7 71 137
24 10 19 21 22 | 4 7 15 26 138
24 10 21 10 0 | 2 119 199
24 10 21 10 10 | 2 120 200
24 10 21 10 24 | 2 121 201
24 10 21 20 14 | 2 122 202
24 10 22 2 11 | 4 4 5 76 133
24 10 22 2 19 | 4 5 13 30 134
24 10 22 13 8 | 4 4 6 79 135
24 10 22 13 13 | 4 4 7 78 136
24 10 22 21 5 | 4 6 14 32 137
24 10 22 21 16 | 4 6 7 79 138
24 10 24 11 8 | 4 4 6 79 139
24 10 24 11 11 | 4 4 7 78 139
24 10 24 19 3 | 4 6 14 32 140
24 10 24 19 16 | 4 6 7 79 141
24 10 24 22 13 | 4 6 7 80 141
24 10 24 22 21 | 4 7 15 34 142
24 11 3 2 3 | 4 0 8 45 103
24 11 3 2 5 | 4 0 8 45 104
24 11 3 5 2 | 4 0 8 47 104
24 11 3 5 21 | 4 1 9 48 105
24 11 3 7 19 | 4 1 9 48 106
24 11 3 7 22 | 4 1 9 49 106
24 11 5 3 2 | 4 0 8 47 107
24 11 5 3 19 | 4 1 9 48 108
24 11 5 5 17 | 4 1 9 48 109
24 11 5 5 22 | 4 1 9 49 110
24 11 5 22 5 | 4 2 10 51 111
24 11 5 22 7 | 4 2 10 51 112
24 11 8 2 17 | 4 1 9 54 109
24 11 8 2 19 | 4 1 9 54 110
24 11 8 19 2 | 4 2 10 56 111
24 11 8 19 7 | 4 2 10 57 112
24 11 8 21 5 | 4 2 10 57 113
24 11 8 21 22 | 4 3 11 58 114
24 11 10 17 2 | 4 2 10 56 115
24 11 10 17 5 | 4 2 10 57 115
24 11 10 19 3 | 4 2 10 57 116
24 11 10 19 22 | 4 3 11 58 117
24 11 10 22 19 | 4 3 11 60 117
24 11 10 22 21 | 4 3 11 60 118
24 13 14 2 3 | 4 0 12 54 127
24 13 14 2 5 | 4 0 12 54 128
24 13 14 5 2 | 4 0 12 56 128
24 13 14 5 21 | 4 1 13 57 129
24 13 14 7 19 | 4 1 13 57 130
24 13 14 7 22 | 4 1 13 58 130
24 13 16 3 2 | 4 0 12 56 131
24 13 16 3 19 | 4 1 13 57 132
24 13 16 5 17 | 4 1 13 57 133
24 13 16 5 22 | 4 1 13 58 134
24 13 16 22 5 | 4 2 14 60 135
24 13 16 22 7 | 4 2 14 60 136
24 13 19 2 17 | 4 5 13 45 133
24 13 19 2 19 | 4 5 13 45 134
24 13 19 19 2 | 4 6 14 47 135
24 13 19 19 7 | 4 6 14 48 136
24 13 19 21 5 | 4 6 14 48 137
24 13 19 21 22 | 4 7 15 49 138
24 13 21 17 2 | 4 6 14 47 139
24 13 21 17 5 | 4 6 14 48 139
24 13 21 19 3 | 4 6 14 48 140
24 13 21 19 22 | 4 7 15 49 141
24 13 21 22 19 | 4 7 15 51 141
24 13 21 22 21 | 4 7 15 51 142
24 14 0 2 3 | 4 0 8 62 103
24 14 0 2 11 | 4 0 9 62 104
24 14 0 5 8 | 4 0 8 65 104
24 14 0 5 21 | 4 1 9 64 105
24 14 0 13 13 | 4 0 11 64 106
24 14 0 13 16 | 4 0 11 65 106
24 14 2 3 8 | 4 0 8 65 107
24 14 2 3 19 | 4 1 9 64 108
24 14 2 11 11 | 4 0 11 64 109
24 14 2 11 16 | 4 0 11 65 110
24 14 2 22 5 | 4 2 10 66 111
24 14 2 22 13 | 4 2 11 66 112
24 14 3 4 10 | 2 123 193
24 14 3 14 0 | 2 124 194
24 14 3 14 14 | 2 125 195
24 14 3 14 24 | 2 126 196
24 14 5 3 2 | 4 0 8 70 107
24 14 5 3 13 | 4 0 9 71 108
24 14 5 5 11 | 4 0 9 71 109
24 14 5 5 22 | 4 1 9 72 110
24 14 5 8 11 | 4 0 9 74 109
24 14 5 8 13 | 4 0 9 74 110
24 14 5 16 11 | 4 0 11 74 111
24 14 5 16 13 | 4 0 11 74 112
24 14 5 19 2 | 4 2 10 70 111
24 14 5 19 13 | 4 2 11 71 112
24 14 5 21 11 | 4 2 11 71 113
24 14 5 21 22 | 4 3 11 72 114
24 14 7 10 0 | 2 127 194
24 14 7 10 10 | 2 128 195
24 14 7 10 24 | 2 129 196
24 14 7 20 14 | 2 130 197
24 14 8 2 11 | 4 0 9 76 109
24 14 8 2 19 | 4 1 9 76 110
24 14 8 13 8 | 4 0 10 79 111
24 14 8 13 13 | 4 0 11 78 112
24 14 8 21 5 | 4 2 10 78 113
24 14 8 21 16 | 4 2 11 79 114
24 14 10 11 8 | 4 0 10 79 115
24 14 10 11 11 | 4 0 11 78 115
24 14 10 19 3 | 4 2 10 78 116
24 14 10 19 16 | 4 2 11 79 117
24 14 10 22 13 | 4 2 11 80 117
24 14 10 22 21 | 4 3 11 80 118
24 14 13 11 2 | 4 0 14 70 115
24 14 13 11 5 | 4 0 14 71 115
24 14 13 13 3 | 4 0 14 71 116
24 14 13 13 22 | 4 1 15 72 117
24 14 13 16 19 | 4 1 15 74 117
24 14 13 16 21 | 4 1 15 74 118
24 14 17 0 10 | 2 131 198
24 14 17 0 14 | 2 132 198
24 14 17 10 4 | 2 133 199
24 14 17 10 14 | 2 134 200
24 14 17 14 10 | 2 135 200
24 14 17 14 20 | 2 136 201
24 14 17 24 10 | 2 137 202
24 14 17 24 14 | 2 138 202
24 14 21 8 3 | 4 4 12 74 119
24 14 21 8 5 | 4 4 12 74 120
24 14 21 11 2 | 4 4 14 70 120
24 14 21 11 21 | 4 5 15 71 121
24 14 21 13 19 | 4 5 15 71 122
24 14 21 13 22 | 4 5 15 72 122
24 14 24 2 3 | 4 4 12 76 119
24 14 24 2 11 | 4 4 13 76 120
24 14 24 5 8 | 4 4 12 79 120
24 14 24 5 21 | 4 5 13 78 121
24 14 24 13 13 | 4 4 15 78 122
24 14 24 13 16 | 4 4 15 79 122
24 16 0 5 8 | 4 0 8 65 123
24 16 0 5 17 | 4 1 9 64 123
24 16 0 13 9 | 4 0 10 64 126
24 16 0 13 16 | 4 0 11 65 125
24 16 0 22 7 | 4 2 10 66 125
24 16 0 22 15 | 4 2 11 66 126
24 16 3 5 2 | 4 0 8 70 123
24 16 3 5 11 | 4 0 9 71 123
24 16 3 7 9 | 4 0 8 71 126
24 16 3 7 22 | 4 1 9 72 125
24 16 3 16 13 | 4 0 11 74 125
24 16 3 16 15 | 4 0 11 74 126
24 16 5 8 9 | 4 0 8 74 129
24 16 5 8 11 | 4 0 9 74 128
24 16 5 17 2 | 4 2 10 70 128
24 16 5 17 15 | 4 2 11 71 129
24 16 5 19 13 | 4 2 11 71 130
24 16 5 19 22 | 4 3 11 72 130
24 16 8 2 9 | 4 0 8 76 129
24 16 8 2 17 | 4 1 9 76 128
24 16 8 11 8 | 4 0 10 79 128
24 16 8 11 15 | 4 0 11 78 129
24 16 8 19 7 | 4 2 10 78 130
24 16 8 19 16 | 4 2 11 79 130
24 16 10 9 8 | 4 0 8 79 137
24 16 10 9 13 | 4 0 9 78 138
24 16 10 17 5 | 4 2 10 78 133
24 16 10 17 16 | 4 2 11 79 134
24 16 10 22 11 | 4 2 11 80 135
24 16 10 22 19 | 4 3 11 80 136
24 16 13 9 2 | 4 0 12 70 137
24 16 13 9 7 | 4 0 12 71 138
24 16 13 11 5 | 4 0 14 71 133
24 16 13 11 22 | 4 1 15 72 134
24 16 13 16 17 | 4 1 15 74 135
24 16 13 16 19 | 4 1 15 74 136
24 16 19 8 5 | 4 4 12 74 133
24 16 19 8 7 | 4 4 12 74 134
24 16 19 13 2 | 4 4 14 70 135
24 16 19 13 19 | 4 5 15 71 136
24 16 19 15 17 | 4 5 15 71 137
24 16 19 15 22 | 4 5 15 72 138
24 16 22 2 5 | 4 4 12 76 133
24 16 22 2 13 | 4 4 13 76 134
24 16 22 7 8 | 4 4 12 79 135
24 16 22 7 19 | 4 5 13 78 136
24 16 22 15 11 | 4 4 15 78 137
24 16 22 15 16 | 4 4 15 79 138
24 16 24 5 8 | 4 4 12 79 139
24 16 24 5 17 | 4 5 13 78 139
24 16 24 13 9 | 4 4 14 78 142
24 16 24 13 16 | 4 4 15 79 141
24 16 24 22 7 | 4 6 14 80 141
24 16 24 22 15 | 4 6 15 80 142
24 17 0 10 4 | 2 123 203
24 17 0 14 0 | 2 124 203
24 17 0 14 20 | 2 125 204
24 17 0 14 24 | 2 126 204
24 17 7 10 0 | 2 127 205
24 17 7 10 4 | 2 128 205
24 17 7 10 24 | 2 129 206
24 17 7 14 20 | 2 130 206
24 17 10 4 0 | 2 127 207
24 17 10 4 10 | 2 128 208
24 17 10 4 24 | 2 129 209
24 17 10 14 14 | 2 130 210
24 17 14 0 10 | 2 131 208
24 17 14 0 20 | 2 132 209
24 17 14 10 10 | 2 133 210
24 17 14 10 14 | 2 134 210
24 17 14 20 4 | 2 135 211
24 17 14 20 14 | 2 136 212
24 17 14 24 10 | 2 137 212
24 17 14 24 20 | 2 138 213
24 17 17 0 4 | 2 131 214
24 17 17 0 14 | 2 132 215
24 17 17 4 10 | 2 133 215
24 17 17 4 20 | 2 134 216
24 17 17 14 10 | 2 135 217
24 17 17 14 14 | 2 136 217
24 17 17 24 4 | 2 137 218
24 17 17 24 14 | 2 138 219
24 17 21 10 10 | 2 139 217
24 17 21 20 0 | 2 140 218
24 17 21 20 14 | 2 141 219
24 17 21 20 24 | 2 142 220
24 17 24 10 4 | 2 139 221
24 17 24 14 0 | 2 140 221
24 17 24 14 20 | 2 141 222
24 17 24 14 24 | 2 142 222
24 19 0 2 11 | 4 8 9 36 123
24 19 0 2 17 | 4 9 37 62 123
24 19 0 13 6 | 4 8 10 38 126
24 19 0 13 13 | 4 8 11 39 125
24 19 0 19 7 | 4 10 38 66 125
24 19 0 19 18 | 4 10 11 40 126
24 19 2 11 6 | 4 8 10 38 129
24 19 2 11 11 | 4 8 11 39 128
24 19 2 17 5 | 4 10 38 66 128
24 19 2 17 18 | 4 10 11 40 129
24 19 2 22 13 | 4 10 11 42 130
24 19 2 22 19 | 4 11 42 125 153
24 19 3 2 5 | 4 8 35 68 123
24 19 3 2 11 | 4 8 9 45 123
24 19 3 7 6 | 4 8 9 47 124
24 19 3 7 19 | 4 9 36 72 125
24 19 3 13 13 | 4 8 11 48 125
24 19 3 13 18 | 4 8 11 49 126
24 19 5 5 6 | 4 8 9 47 127
24 19 5 5 17 | 4 9 36 72 128
24 19 5 11 11 | 4 8 11 48 128
24 19 5 11 18 | 4 8 11 49 129
24 19 5 22 7 | 4 10 41 74 130
24 19 5 22 13 | 4 10 11 51 130
24 19 8 2 9 | 4 8 9 54 127
24 19 8 2 11 | 4 8 9 54 128
24 19 8 11 2 | 4 8 10 56 128
24 19 8 11 15 | 4 8 11 57 129
24 19 8 13 13 | 4 8 11 57 130
24 19 8 13 22 | 4 9 11 58 130
24 19 10 6 11 | 4 8 9 54 137
24 19 10 6 13 | 4 8 9 54 138
24 19 10 9 2 | 4 8 10 56 131
24 19 10 9 13 | 4 8 9 57 138
24 19 10 11 11 | 4 8 11 57 133
24 19 10 11 22 | 4 9 11 58 134
24 19 10 17 2 | 4 10 14 38 133
24 19 10 17 13 | 4 10 11 57 134
24 19 10 19 11 | 4 10 11 57 135
24 19 10 19 22 | 4 11 15 40 136
24 19 10 22 11 | 4 10 11 60 135
24 19 10 22 13 | 4 10 11 60 136
24 19 13 6 5 | 4 8 12 45 137
24 19 13 6 7 | 4 8 12 45 138
24 19 13 11 2 | 4 8 14 47 133
24 19 13 11 19 | 4 9 15 48 134
24 19 13 13 17 | 4 9 15 48 135
24 19 13 13 22 | 4 9 15 49 136
24 19 16 11 2 | 4 8 14 56 133
24 19 16 11 7 | 4 8 14 57 134
24 19 16 13 5 | 4 8 14 57 135
24 19 16 13 22 | 4 9 15 58 136
24 19 16 18 17 | 4 9 15 60 137
24 19 16 18 19 | 4 9 15 60 138
24 19 19 2 11 | 4 12 13 45 133
24 19 19 2 13 | 4 12 13 45 134
24 19 19 5 2 | 4 12 44 77 133
24 19 19 5 13 | 4 12 13 48 134
24 19 19 7 11 | 4 12 13 48 135
24 19 19 7 22 | 4 13 46 79 136
24 19 19 13 2 | 4 12 14 47 135
24 19 19 13 13 | 4 12 15 48 136
24 19 19 15 11 | 4 12 15 48 137
24 19 19 15 22 | 4 13 15 49 138
24 19 19 18 11 | 4 12 15 51 137
24 19 19 18 13 | 4 12 15 51 138
24 19 21 11 2 | 4 12 14 47 139
24 19 21 11 11 | 4 12 15 48 139
24 19 21 13 9 | 4 12 14 48 142
24 19 21 13 22 | 4 13 15 49 141
24 19 21 22 13 | 4 14 15 51 141
24 19 21 22 15 | 4 14 15 51 142
24 19 24 2 11 | 4 12 13 54 139
24 19 24 2 17 | 4 13 55 76 139
24 19 24 13 6 | 4 12 14 56 142
24 19 24 13 13 | 4 12 15 57 141
24 19 24 19 7 | 4 14 56 80 141
24 19 24 19 18 | 4 14 15 58 142
24 21 0 10 0 | 2 143 203
24 21 0 10 24 | 2 144 204
24 21 0 13 6 | 4 8 10 38 146
24 21 0 13 9 | 4 8 10 39 146
24 21 0 19 3 | 4 10 38 66 145
24 21 0 19 18 | 4 10 11 40 146
24 21 0 22 15 | 4 10 11 42 146
24 21 0 22 21 | 4 11 43 66 146
24 21 3 2 3 | 4 8 35 68 143
24 21 3 2 9 | 4 8 9 45 143
24 21 3 5 6 | 4 8 9 47 143
24 21 3 5 21 | 4 9 36 72 144
24 21 3 11 15 | 4 8 11 48 144
24 21 3 11 18 | 4 8 11 49 144
24 21 3 14 0 | 2 145 205
24 21 3 14 24 | 2 146 206
24 21 5 3 6 | 4 8 9 47 147
24 21 5 3 19 | 4 9 36 72 148
24 21 5 9 13 | 4 8 9 48 152
24 21 5 9 18 | 4 8 9 49 153
24 21 5 22 5 | 4 10 41 74 150
24 21 5 22 11 | 4 10 11 51 150
24 21 8 6 13 | 4 8 9 54 152
24 21 8 6 15 | 4 8 9 54 153
24 21 8 19 2 | 4 10 14 38 150
24 21 8 19 11 | 4 10 11 57 150
24 21 8 21 9 | 4 10 11 57 151
24 21 8 21 22 | 4 11 15 40 152
24 21 10 0 0 | 2 147 207
24 21 10 0 14 | 2 148 208
24 21 10 0 24 | 2 149 209
24 21 10 14 10 | 2 150 210
24 21 10 24 0 | 2 151 211
24 21 10 24 14 | 2 152 212
24 21 10 24 24 | 2 153 213
24 21 13 6 3 | 4 8 12 45 158
24 21 13 6 5 | 4 8 12 45 159
24 21 13 9 2 | 4 8 12 47 159
24 21 13 9 21 | 4 9 13 48 160
24 21 13 11 19 | 4 9 15 48 157
24 21 13 11 22 | 4 9 15 49 157
24 21 14 13 2 | 4 8 14 56 150
24 21 14 13 5 | 4 8 14 57 150
24 21 14 15 3 | 4 8 14 57 151
24 21 14 15 22 | 4 9 15 58 152
24 21 14 18 19 | 4 9 15 60 152
24 21 14 18 21 | 4 9 15 60 153
24 21 17 0 0 | 2 154 214
24 21 17 0 10 | 2 155 215
24 21 17 0 24 | 2 156 216
24 21 17 10 14 | 2 157 217
24 21 17 24 0 | 2 158 218
24 21 17 24 10 | 2 159 219
24 21 17 24 24 | 2 160 220
24 21 19 3 2 | 4 12 44 77 155
24 21 19 3 15 | 4 12 13 48 156
24 21 19 5 13 | 4 12 13 48 157
24 21 19 5 22 | 4 13 46 79 157
24 21 19 18 9 | 4 12 14 51 160
24 21 19 18 11 | 4 12 15 51 159
24 21 22 2 13 | 4 12 13 54 157
24 21 22 2 19 | 4 13 55 76 157
24 21 22 15 6 | 4 12 14 56 160
24 21 22 15 11 | 4 12 15 57 159
24 21 22 21 5 | 4 14 56 80 159
24 21 22 21 18 | 4 14 15 58 160
24 21 24 10 0 | 2 161 221
24 21 24 10 24 | 2 162 222
24 21 24 13 6 | 4 12 14 56 164
24 21 24 13 9 | 4 12 14 57 164
24 21 24 19 3 | 4 14 56 80 163
24 21 24 19 18 | 4 14 15 58 164
24 21 24 22 15 | 4 14 15 60 164
24 21 24 22 21 | 4 15 61 80 164
24 22 5 5 6 | 4 8 9 70 127
24 22 5 5 11 | 4 8 9 71 128
24 22 5 11 5 | 4 8 10 71 128
24 22 5 11 18 | 4 8 11 72 129
24 22 5 16 13 | 4 8 11 74 130
24 22 5 16 19 | 4 9 11 74 130
24 22 10 6 5 | 4 8 10 76 131
24 22 10 6 13 | 4 8 9 76 138
24 22 10 11 8 | 4 8 10 79 133
24 22 10 11 19 | 4 9 11 78 134
24 22 10 19 11 | 4 10 11 78 135
24 22 10 19 16 | 4 10 11 79 136
24 22 16 5 8 | 4 8 12 79 133
24 22 16 5 13 | 4 8 13 78 134
24 22 16 13 5 | 4 8 14 78 135
24 22 16 13 16 | 4 8 15 79 136
24 22 16 18 11 | 4 8 15 80 137
24 22 16 18 19 | 4 9 15 80 138
24 22 21 8 5 | 4 12 14 68 139
24 22 21 8 11 | 4 12 13 74 139
24 22 21 13 6 | 4 12 14 70 142
24 22 21 13 19 | 4 13 15 71 141
24 22 21 19 13 | 4 14 15 71 141
24 22 21 19 18 | 4 14 15 72 142
24 24 3 4 0 | 2 143 223
24 24 3 4 24 | 2 144 224
24 24 3 7 6 | 4 8 9 70 145
24 24 3 7 9 | 4 8 9 71 145
24 24 3 13 3 | 4 8 10 71 145
24 24 3 13 18 | 4 8 11 72 146
24 24 3 16 15 | 4 8 11 74 146
24 24 3 16 21 | 4 9 11 74 146
24 24 5 3 6 | 4 8 9 70 147
24 24 5 3 13 | 4 8 9 71 148
24 24 5 9 7 | 4 8 10 71 148
24 24 5 9 18 | 4 8 9 72 153
24 24 5 16 11 | 4 8 11 74 150
24 24 5 16 17 | 4 9 11 74 150
24 24 7 0 0 | 2 147 223
24 24 7 0 20 | 2 148 224
24 24 7 0 24 | 2 149 224
24 24 7 20 4 | 2 150 225
24 24 7 24 0 | 2 151 225
24 24 7 24 20 | 2 152 226
24 24 7 24 24 | 2 153 226
24 24 8 6 7 | 4 8 10 76 148
24 24 8 6 15 | 4 8 9 76 153
24 24 8 13 8 | 4 8 10 79 150
24 24 8 13 17 | 4 9 11 78 150
24 24 8 21 9 | 4 10 11 78 151
24 24 8 21 16 | 4 10 11 79 152
24 24 10 6 3 | 4 8 10 76 154
24 24 10 6 11 | 4 8 9 76 159
24 24 10 9 8 | 4 8 9 77 159
24 24 10 9 21 | 4 9 11 78 156
24 24 10 17 13 | 4 10 11 78 157
24 24 10 17 16 | 4 10 11 79 157
24 24 14 7 8 | 4 8 12 79 150
24 24 14 7 11 | 4 8 13 78 150
24 24 14 15 3 | 4 8 14 78 151
24 24 14 15 16 | 4 8 15 79 152
24 24 14 18 13 | 4 8 15 80 152
24 24 14 18 21 | 4 9 15 80 153
24 24 16 3 8 | 4 8 12 79 155
24 24 16 3 15 | 4 8 13 78 156
24 24 16 11 7 | 4 8 14 78 157
24 24 16 11 16 | 4 8 15 79 157
24 24 16 18 9 | 4 8 14 80 160
24 24 16 18 17 | 4 9 15 80 159
24 24 17 0 0 | 2 154 227
24 24 17 0 4 | 2 155 227
24 24 17 0 24 | 2 156 228
24 24 17 4 20 | 2 157 228
24 24 17 24 0 | 2 158 229
24 24 17 24 4 | 2 159 229
24 24 17 24 24 | 2 160 230
24 24 19 8 7 | 4 12 14 68 157
24 24 19 8 13 | 4 12 13 74 157
24 24 19 15 6 | 4 12 14 70 160
24 24 19 15 17 | 4 13 15 71 159
24 24 19 21 11 | 4 14 15 71 159
24 24 19 21 18 | 4 14 15 72 160
24 24 21 8 3 | 4 12 14 68 161
24 24 21 8 9 | 4 12 13 74 161
24 24 21 11 6 | 4 12 14 70 162
24 24 21 11 21 | 4 13 15 71 162
24 24 21 17 15 | 4 14 15 71 162
24 24 21 17 18 | 4 14 15 72 162
24 24 21 20 0 | 2 163 229
24 24 21 20 24 | 2 164 230
36 0 3 4 0 | 3 0 81 165
36 0 3 4 6 | 3 16 81 165
36 0 3 4 12 | 3 0 81 166
36 0 3 4 36 | 3 1 82 166
36 0 3 10 0 | 3 17 81 165
36 0 3 10 30 | 3 18 82 166
36 0 3 10 36 | 3 19 82 166
36 0 3 16 24 | 3 0 82 168
36 0 7 0 12 | 3 0 85 166
36 0 7 0 32 | 3 1 86 166
36 0 7 6 0 | 3 17 85 165
36 0 7 6 26 | 3 18 86 166
36 0 7 6 36 | 3 19 87 166
36 0 7 12 20 | 3 0 86 168
36 0 7 12 24 | 3 0 87 168
36 0 7 32 4 | 3 2 88 167
36 0 7 32 10 | 3 20 88 167
36 0 7 32 16 | 3 2 88 168
36 0 7 36 12 | 3 2 89 168
36 0 7 36 32 | 3 3 90 168
36 0 13 0 26 | 3 16 86 170
36 0 13 0 30 | 3 16 87 170
36 0 13 26 4 | 3 17 88 171
36 0 13 26 10 | 3 18 88 171
36 0 13 30 6 | 3 18 89 171
36 0 13 30 32 | 3 19 90 172
36 0 13 36 26 | 3 20 90 172
36 0 13 36 30 | 3 20 91 172
36 0 17 12 0 | 3 0 92 171
36 0 17 12 4 | 3 0 93 171
36 0 17 12 36 | 3 1 94 172
36 0 17 16 32 | 3 1 95 172
36 0 19 20 4 | 3 4 88 167
36 0 19 24 0 | 3 4 89 167
36 0 19 24 32 | 3 5 90 168
36 0 19 24 36 | 3 5 91 168
36 0 23 0 6 | 3 22 92 169
36 0 23 0 10 | 3 22 93 169
36 0 23 6 4 | 3 24 93 169
36 0 23 6 30 | 3 25 94 170
36 0 23 10 26 | 3 25 95 170
36 0 23 10 32 | 3 26 95 170
36 0 23 36 6 | 3 28 96 171
36 0 23 36 10 | 3 28 97 171
36 0 29 0 4 | 3 4 93 169
36 0 29 0 24 | 3 4 94 170
36 0 29 4 20 | 3 4 95 170
36 0 29 4 26 | 3 30 95 170
36 0 29 4 32 | 3 5 95 170
36 0 29 24 12 | 3 4 96 172
36 0 29 24 16 | 3 4 97 172
36 0 29 30 0 | 3 31 96 171
36 0 29 30 10 | 3 32 97 171
36 0 29 30 36 | 3 33 98 172
36 0 29 36 4 | 3 6 97 171
36 0 29 36 24 | 3 6 98 172
36 0 33 20 12 | 3 4 101 172
36 0 33 26 0 | 3 31 101 171
36 0 33 26 6 | 3 32 101 171
36 0 33 26 36 | 3 33 102 172
36 0 33 32 0 | 3 6 101 171
36 0 33 32 24 | 3 6 102 172
36 0 33 32 30 | 3 34 102 172
36 0 33 32 36 | 3 7 102 172
36 3 0 14 12 | 3 0 83 174
36 3 0 20 0 | 3 17 83 173
36 3 0 20 6 | 3 18 83 173
36 3 0 20 36 | 3 19 84 174
36 3 0 26 0 | 3 2 83 173
36 3 0 26 24 | 3 2 84 174
36 3 0 26 30 | 3 20 84 174
36 3 0 26 36 | 3 3 84 174
36 3 6 14 0 | 3 17 83 182
36 3 6 14 36 | 3 19 84 184
36 3 7 0 12 | 3 0 85 177
36 3 7 0 26 | 3 1 86 176
36 3 7 6 0 | 3 17 85 175
36 3 7 6 20 | 3 16 86 178
36 3 7 6 36 | 3 19 87 177
36 3 7 12 14 | 3 0 86 180
36 3 7 12 24 | 3 0 87 181
36 3 7 26 10 | 3 2 88 178
36 3 7 26 16 | 3 17 88 181
36 3 7 26 22 | 3 3 88 178
36 3 7 36 12 | 3 2 89 181
36 3 7 36 26 | 3 3 90 180
36 3 13 0 0 | 3 21 85 175
36 3 13 0 14 | 3 21 86 176
36 3 13 0 20 | 3 21 86 177
36 3 13 0 30 | 3 22 87 177
36 3 13 0 36 | 3 23 87 177
36 3 13 14 22 | 3 16 88 190
36 3 13 20 10 | 3 18 88 189
36 3 13 20 16 | 3 17 88 190
36 3 13 30 6 | 3 20 89 189
36 3 13 30 26 | 3 20 90 190
36 3 13 36 0 | 3 27 89 179
36 3 13 36 14 | 3 27 90 180
36 3 13 36 20 | 3 27 90 181
36 3 13 36 30 | 3 28 91 181
36 3 13 36 36 | 3 29 91 181
36 3 14 12 0 | 3 0 92 186
36 3 14 12 10 | 3 0 93 187
36 3 14 12 36 | 3 1 94 188
36 3 14 22 26 | 3 3 95 185
36 3 19 14 10 | 3 4 88 178
36 3 19 24 0 | 3 4 89 179
36 3 19 24 26 | 3 5 90 180
36 3 19 24 36 | 3 5 91 181
36 3 20 0 0 | 3 21 92 182
36 3 20 0 6 | 3 21 92 183
36 3 20 0 16 | 3 21 93 184
36 3 20 0 22 | 3 22 93 184
36 3 20 0 36 | 3 23 94 184
36 3 20 6 10 | 3 16 93 191
36 3 20 6 30 | 3 16 94 192
36 3 20 16 20 | 3 17 95 192
36 3 20 16 26 | 3 18 95 192
36 3 20 22 14 | 3 20 95 191
36 3 20 36 0 | 3 27 96 186
36 3 20 36 6 | 3 27 96 187
36 3 20 36 16 | 3 27 97 188
36 3 20 36 22 | 3 28 97 188
36 3 20 36 36 | 3 29 98 188
36 3 26 0 10 | 3 4 93 183
36 3 26 0 24 | 3 4 94 184
36 3 26 10 14 | 3 4 95 185
36 3 26 10 20 | 3 21 95 192
36 3 26 10 26 | 3 5 95 185
36 3 26 24 12 | 3 4 96 188
36 3 26 24 22 | 3 5 97 187
36 3 26 30 0 | 3 27 96 191
36 3 26 30 16 | 3 27 97 192
36 3 26 30 36 | 3 29 98 192
36 3 26 36 10 | 3 6 97 187
36 3 26 36 24 | 3 6 98 188
36 3 27 22 0 | 3 27 99 189
36 3 27 22 36 | 3 29 100 190
36 3 33 10 0 | 3 4 99 189
36 3 33 10 6 | 3 30 99 189
36 3 33 10 12 | 3 4 99 190
36 3 33 10 36 | 3 5 100 190
36 3 33 16 0 | 3 31 99 189
36 3 33 16 30 | 3 32 100 190
36 3 33 16 36 | 3 33 100 190
36 3 33 22 24 | 3 6 100 190
36 3 36 14 12 | 3 4 101 192
36 3 36 20 0 | 3 31 101 191
36 3 36 20 6 | 3 32 101 191
36 3 36 20 36 | 3 33 102 192
36 3 36 26 0 | 3 6 101 191
36 3 36 26 24 | 3 6 102 192
36 3 36 26 30 | 3 34 102 192
36 3 36 26 36 | 3 7 102 192
36 6 3 4 0 | 3 35 81 165
36 6 3 4 36 | 3 37 82 166
36 6 7 0 0 | 3 35 85 165
36 6 7 0 32 | 3 37 86 166
36 6 7 0 36 | 3 37 87 166
36 6 7 32 4 | 3 41 88 167
36 6 7 36 0 | 3 41 89 167
36 6 7 36 32 | 3 43 90 168
36 6 7 36 36 | 3 43 91 168
36 6 23 0 0 | 3 44 92 169
36 6 23 0 4 | 3 44 93 169
36 6 23 0 36 | 3 46 94 170
36 6 23 4 32 | 3 46 95 170
36 6 23 36 0 | 3 50 96 171
36 6 23 36 4 | 3 50 97 171
36 6 23 36 36 | 3 52 98 172
36 6 27 32 0 | 3 50 101 171
36 6 27 32 36 | 3 52 102 172
36 7 0 10 12 | 3 0 103 174
36 7 0 10 16 | 3 0 104 174
36 7 0 16 0 | 3 17 103 173
36 7 0 16 10 | 3 18 104 173
36 7 0 16 36 | 3 19 105 174
36 7 0 22 4 | 3 2 104 173
36 7 0 22 24 | 3 2 105 174
36 7 0 26 20 | 3 2 106 174
36 7 0 26 26 | 3 20 106 174
36 7 0 26 32 | 3 3 106 174
36 7 3 4 12 | 3 0 103 177
36 7 3 4 22 | 3 1 104 176
36 7 3 10 0 | 3 17 103 175
36 7 3 10 16 | 3 16 104 178
36 7 3 10 36 | 3 19 105 177
36 7 3 16 10 | 3 0 104 180
36 7 3 16 24 | 3 0 105 181
36 7 3 26 14 | 3 2 106 178
36 7 3 26 20 | 3 17 106 181
36 7 3 26 26 | 3 3 106 178
36 7 6 10 0 | 3 17 103 182
36 7 6 10 4 | 3 17 104 182
36 7 6 10 36 | 3 19 105 184
36 7 6 14 32 | 3 19 106 184
36 7 7 12 10 | 3 0 107 180
36 7 7 12 20 | 3 0 108 181
36 7 7 22 10 | 3 2 109 178
36 7 7 22 26 | 3 3 110 178
36 7 7 32 16 | 3 2 111 181
36 7 7 32 26 | 3 3 112 180
36 7 9 4 0 | 3 21 103 175
36 7 9 4 10 | 3 21 104 176
36 7 9 4 36 | 3 23 105 177
36 7 9 14 26 | 3 16 106 190
36 7 10 12 4 | 3 0 107 186
36 7 10 12 14 | 3 0 108 187
36 7 10 16 10 | 3 0 109 187
36 7 10 16 32 | 3 1 110 188
36 7 10 26 22 | 3 3 111 185
36 7 10 26 26 | 3 3 112 185
36 7 13 0 10 | 3 21 107 176
36 7 13 0 16 | 3 21 107 177
36 7 13 0 26 | 3 22 108 177
36 7 13 0 32 | 3 23 108 177
36 7 13 10 22 | 3 16 109 190
36 7 13 10 26 | 3 16 110 190
36 7 13 16 10 | 3 18 109 189
36 7 13 16 20 | 3 17 110 190
36 7 13 26 10 | 3 20 111 189
36 7 13 26 26 | 3 20 112 190
36 7 13 32 4 | 3 27 111 179
36 7 13 32 14 | 3 27 112 180
36 7 13 36 10 | 3 27 113 180
36 7 13 36 16 | 3 27 113 181
36 7 13 36 26 | 3 28 114 181
36 7 13 36 32 | 3 29 114 181
36 7 16 0 4 | 3 21 107 182
36 7 16 0 10 | 3 21 107 183
36 7 16 0 20 | 3 21 108 184
36 7 16 0 26 | 3 22 108 184
36 7 16 4 22 | 3 22 109 184
36 7 16 4 32 | 3 23 110 184
36 7 16 10 10 | 3 16 109 191
36 7 16 10 26 | 3 16 110 192
36 7 16 20 16 | 3 17 111 192
36 7 16 20 26 | 3 18 112 192
36 7 16 26 10 | 3 20 111 191
36 7 16 26 14 | 3 20 112 191
36 7 16 36 4 | 3 27 113 186
36 7 16 36 10 | 3 27 113 187
36 7 16 36 20 | 3 27 114 188
36 7 16 36 26 | 3 28 114 188
36 7 19 10 10 | 3 4 109 178
36 7 19 10 14 | 3 4 110 178
36 7 19 20 4 | 3 4 111 179
36 7 19 20 26 | 3 5 112 180
36 7 19 24 22 | 3 5 113 180
36 7 19 24 32 | 3 5 114 181
36 7 20 22 10 | 3 20 115 191
36 7 20 32 0 | 3 27 116 186
36 7 20 32 26 | 3 28 117 188
36 7 20 32 36 | 3 29 118 188
36 7 22 4 10 | 3 4 109 183
36 7 22 4 20 | 3 4 110 184
36 7 22 14 10 | 3 4 111 185
36 7 22 14 26 | 3 5 112 185
36 7 22 24 16 | 3 4 113 188
36 7 22 24 26 | 3 5 114 187
36 7 23 22 4 | 3 27 115 189
36 7 23 26 0 | 3 27 116 189
36 7 23 26 32 | 3 29 117 190
36 7 23 26 36 | 3 29 118 190
36 7 26 10 10 | 3 4 115 185
36 7 26 10 16 | 3 21 115 192
36 7 26 10 22 | 3 5 115 185
36 7 26 20 12 | 3 4 116 188
36 7 26 20 26 | 3 5 117 187
36 7 26 26 0 | 3 27 116 191
36 7 26 26 20 | 3 27 117 192
36 7 26 26 36 | 3 29 118 192
36 7 26 32 14 | 3 6 117 187
36 7 26 32 24 | 3 6 118 188
36 7 29 10 4 | 3 4 115 189
36 7 29 10 10 | 3 30 115 189
36 7 29 10 16 | 3 4 115 190
36 7 29 14 12 | 3 4 116 190
36 7 29 14 32 | 3 5 117 190
36 7 29 20 0 | 3 31 116 189
36 7 29 20 26 | 3 32 117 190
36 7 29 20 36 | 3 33 118 190
36 7 29 26 20 | 3 6 117 190
36 7 29 26 24 | 3 6 118 190
36 7 36 10 12 | 3 4 119 192
36 7 36 10 16 | 3 4 120 192
36 7 36 16 0 | 3 31 119 191
36 7 36 16 10 | 3 32 120 191
36 7 36 16 36 | 3 33 121 192
36 7 36 22 4 | 3 6 120 191
36 7 36 22 24 | 3 6 121 192
36 7 36 26 20 | 3 6 122 192
36 7 36 26 26 | 3 34 122 192
36 7 36 26 32 | 3 7 122 192
36 9 7 0 0 | 3 35 85 175
36 9 7 0 26 | 3 36 86 177
36 9 7 0 36 | 3 37 87 177
36 9 7 26 10 | 3 20 88 205
36 9 7 36 0 | 3 41 89 179
36 9 7 36 26 | 3 42 90 181
36 9 7 36 36 | 3 43 91 181
36 9 20 0 0 | 3 21 92 207
36 9 20 0 10 | 3 21 93 208
36 9 20 0 36 | 3 23 94 209
36 9 20 10 26 | 3 16 95 222
36 9 20 36 0 | 3 27 96 211
36 9 20 36 10 | 3 27 97 212
36 9 20 36 36 | 3 29 98 213
36 9 30 26 0 | 3 27 101 221
36 9 30 26 36 | 3 29 102 222
36 9 33 10 0 | 3 31 99 214
36 9 33 10 36 | 3 33 100 216
36 10 7 12 10 | 3 0 107 197
36 10 7 12 14 | 3 0 108 197
36 10 7 22 4 | 3 2 109 194
36 10 7 22 26 | 3 3 110 195
36 10 7 26 22 | 3 3 111 195
36 10 7 26 32 | 3 3 112 196
36 10 13 0 16 | 3 16 107 198
36 10 13 0 20 | 3 16 108 198
36 10 13 16 4 | 3 17 109 199
36 10 13 16 20 | 3 16 110 202
36 10 13 20 16 | 3 16 111 202
36 10 13 20 32 | 3 19 112 201
36 10 13 36 16 | 3 20 113 202
36 10 13 36 20 | 3 20 114 202
36 10 19 10 4 | 3 4 109 194
36 10 19 10 14 | 3 4 110 195
36 10 19 14 10 | 3 4 111 195
36 10 19 14 32 | 3 5 112 196
36 10 19 24 22 | 3 5 113 197
36 10 19 24 26 | 3 5 114 197
36 10 29 4 10 | 3 4 115 198
36 10 29 4 16 | 3 30 115 198
36 10 29 4 22 | 3 5 115 198
36 10 29 14 12 | 3 4 116 201
36 10 29 14 26 | 3 5 117 200
36 10 29 20 0 | 3 31 116 199
36 10 29 20 20 | 3 30 117 202
36 10 29 20 36 | 3 33 118 201
36 10 29 26 14 | 3 6 117 200
36 10 29 26 24 | 3 6 118 201
36 10 33 10 12 | 3 4 119 201
36 10 33 10 22 | 3 5 120 200
36 10 33 16 0 | 3 31 119 199
36 10 33 16 16 | 3 30 120 202
36 10 33 16 36 | 3 33 121 201
36 10 33 22 10 | 3 6 120 200
36 10 33 22 24 | 3 6 121 201
36 10 33 32 14 | 3 6 122 202
36 10 33 32 20 | 3 34 122 202
36 10 33 32 26 | 3 7 122 202
36 13 0 10 6 | 3 16 103 203
36 13 0 10 10 | 3 16 104 203
36 13 0 16 4 | 3 17 104 203
36 13 0 16 30 | 3 18 105 204
36 13 0 20 26 | 3 18 106 204
36 13 0 20 32 | 3 19 106 204
36 13 3 4 0 | 3 35 103 175
36 13 3 4 6 | 3 35 103 176
36 13 3 4 16 | 3 35 104 177
36 13 3 4 22 | 3 36 104 177
36 13 3 4 36 | 3 37 105 177
36 13 3 10 10 | 3 16 104 205
36 13 3 10 30 | 3 16 105 206
36 13 3 20 20 | 3 17 106 206
36 13 3 20 26 | 3 18 106 206
36 13 3 26 14 | 3 20 106 205
36 13 7 0 22 | 3 36 107 177
36 13 7 0 32 | 3 37 108 177
36 13 7 6 10 | 3 16 107 205
36 13 7 6 26 | 3 16 108 206
36 13 7 16 16 | 3 17 109 206
36 13 7 16 26 | 3 18 110 206
36 13 7 22 10 | 3 20 109 205
36 13 7 22 14 | 3 20 110 205
36 13 7 32 4 | 3 41 111 179
36 13 7 32 10 | 3 41 111 180
36 13 7 32 20 | 3 41 112 181
36 13 7 32 26 | 3 42 112 181
36 13 7 36 22 | 3 42 113 181
36 13 7 36 32 | 3 43 114 181
36 13 10 6 4 | 3 17 107 207
36 13 10 6 20 | 3 16 108 210
36 13 10 10 16 | 3 16 109 210
36 13 10 10 32 | 3 19 110 209
36 13 10 26 16 | 3 17 111 213
36 13 10 26 20 | 3 17 112 213
36 13 13 10 16 | 3 16 109 217
36 13 13 10 20 | 3 16 110 217
36 13 13 26 4 | 3 17 111 218
36 13 13 26 20 | 3 17 112 220
36 13 13 30 16 | 3 17 113 220
36 13 13 30 32 | 3 19 114 220
36 13 16 0 4 | 3 21 107 207
36 13 16 0 14 | 3 21 108 208
36 13 16 4 10 | 3 21 109 208
36 13 16 4 16 | 3 21 109 209
36 13 16 4 26 | 3 22 110 209
36 13 16 4 32 | 3 23 110 209
36 13 16 14 22 | 3 16 111 222
36 13 16 14 26 | 3 16 112 222
36 13 16 20 10 | 3 18 111 221
36 13 16 20 20 | 3 17 112 222
36 13 16 30 10 | 3 20 113 221
36 13 16 30 26 | 3 20 114 222
36 13 16 36 4 | 3 27 113 211
36 13 16 36 14 | 3 27 114 212
36 13 20 10 22 | 3 16 115 222
36 13 20 16 10 | 3 18 115 221
36 13 20 16 16 | 3 17 115 222
36 13 20 26 6 | 3 20 116 221
36 13 20 26 26 | 3 20 117 222
36 13 20 32 0 | 3 27 116 211
36 13 20 32 14 | 3 27 117 212
36 13 20 32 20 | 3 27 117 213
36 13 20 32 30 | 3 28 118 213
36 13 20 32 36 | 3 29 118 213
36 13 23 16 4 | 3 21 115 218
36 13 23 16 10 | 3 21 115 219
36 13 23 20 6 | 3 21 116 219
36 13 23 20 32 | 3 23 117 220
36 13 23 26 26 | 3 25 117 220
36 13 23 26 30 | 3 25 118 220
36 13 29 10 4 | 3 31 115 214
36 13 29 14 0 | 3 31 116 214
36 13 29 14 32 | 3 33 117 216
36 13 29 14 36 | 3 33 118 216
36 13 30 22 0 | 3 27 119 221
36 13 30 22 4 | 3 27 120 221
36 13 30 22 36 | 3 29 121 222
36 13 30 26 32 | 3 29 122 222
36 13 36 10 6 | 3 30 119 221
36 13 36 10 10 | 3 30 120 221
36 13 36 16 4 | 3 31 120 221
36 13 36 16 30 | 3 32 121 222
36 13 36 20 26 | 3 32 122 222
36 13 36 20 32 | 3 33 122 222
36 14 3 16 10 | 3 0 123 197
36 14 3 26 0 | 3 2 124 194
36 14 3 26 26 | 3 3 125 195
36 14 3 26 36 | 3 3 126 196
36 14 19 10 0 | 3 4 127 194
36 14 19 10 10 | 3 4 128 195
36 14 19 10 36 | 3 5 129 196
36 14 19 20 26 | 3 5 130 197
36 14 29 0 10 | 3 4 131 198
36 14 29 0 26 | 3 5 132 198
36 14 29 10 16 | 3 4 133 201
36 14 29 10 26 | 3 5 134 200
36 14 29 26 10 | 3 6 135 200
36 14 29 26 20 | 3 6 136 201
36 14 29 36 10 | 3 6 137 202
36 14 29 36 26 | 3 7 138 202
36 16 7 0 22 | 3 16 107 224
36 16 7 0 26 | 3 16 108 224
36 16 7 6 10 | 3 18 107 223
36 16 7 6 20 | 3 17 108 224
36 16 7 16 10 | 3 16 109 225
36 16 7 16 26 | 3 16 110 226
36 16 7 22 4 | 3 17 109 225
36 16 7 22 14 | 3 18 110 225
36 16 7 26 10 | 3 18 111 225
36 16 7 26 16 | 3 17 111 226
36 16 7 26 26 | 3 18 112 226
36 16 7 26 32 | 3 19 112 226
36 16 7 36 22 | 3 20 113 226
36 16 7 36 26 | 3 20 114 226
36 16 13 0 10 | 3 16 107 227
36 16 13 0 14 | 3 16 108 227
36 16 13 10 4 | 3 17 109 227
36 16 13 10 10 | 3 18 109 227
36 16 13 10 20 | 3 17 110 228
36 16 13 10 26 | 3 18 110 228
36 16 13 14 22 | 3 18 111 228
36 16 13 14 32 | 3 19 112 228
36 16 13 20 10 | 3 16 111 229
36 16 13 20 26 | 3 16 112 230
36 16 13 30 16 | 3 17 113 230
36 16 13 30 26 | 3 18 114 230
36 16 13 36 10 | 3 20 113 229
36 16 13 36 14 | 3 20 114 229
36 16 23 4 22 | 3 22 115 228
36 16 23 10 10 | 3 25 115 227
36 16 23 10 16 | 3 24 115 228
36 16 23 20 6 | 3 22 116 229
36 16 23 20 26 | 3 22 117 230
36 16 23 26 0 | 3 24 116 229
36 16 23 26 14 | 3 25 117 229
36 16 23 26 20 | 3 24 117 230
36 16 23 26 30 | 3 25 118 230
36 16 23 26 36 | 3 26 118 230
36 16 27 22 0 | 3 24 119 229
36 16 27 22 10 | 3 25 120 229
36 16 27 22 36 | 3 26 121 230
36 16 27 32 26 | 3 28 122 230
36 16 29 4 10 | 3 30 115 227
36 16 29 14 0 | 3 31 116 227
36 16 29 14 26 | 3 32 117 228
36 16 29 14 36 | 3 33 118 228
36 16 33 10 0 | 3 31 119 227
36 16 33 10 6 | 3 32 119 227
36 16 33 10 16 | 3 31 120 228
36 16 33 10 22 | 3 32 120 228
36 16 33 10 36 | 3 33 121 228
36 16 33 16 10 | 3 30 120 229
36 16 33 16 30 | 3 30 121 230
36 16 33 26 20 | 3 31 122 230
36 16 33 26 26 | 3 32 122 230
36 16 33 32 14 | 3 34 122 229
36 17 0 22 4 | 3 2 123 203
36 17 0 26 0 | 3 2 124 203
36 17 0 26 32 | 3 3 125 204
36 17 0 26 36 | 3 3 126 204
36 17 19 10 0 | 3 4 127 205
36 17 19 10 4 | 3 4 128 205
36 17 19 10 36 | 3 5 129 206
36 17 19 14 32 | 3 5 130 206
36 17 22 4 0 | 3 4 127 207
36 17 22 4 10 | 3 4 128 208
36 17 22 4 36 | 3 5 129 209
36 17 22 14 26 | 3 5 130 210
36 17 26 0 10 | 3 4 131 208
36 17 26 0 32 | 3 5 132 209
36 17 26 10 22 | 3 5 133 210
36 17 26 10 26 | 3 5 134 210
36 17 26 32 4 | 3 6 135 211
36 17 26 32 14 | 3 6 136 212
36 17 26 36 10 | 3 6 137 212
36 17 26 36 32 | 3 7 138 213
36 17 29 0 4 | 3 4 131 214
36 17 29 0 26 | 3 5 132 215
36 17 29 4 22 | 3 5 133 215
36 17 29 4 32 | 3 5 134 216
36 17 29 26 10 | 3 6 135 217
36 17 29 26 14 | 3 6 136 217
36 17 29 36 4 | 3 6 137 218
36 17 29 36 26 | 3 7 138 219
36 17 33 22 10 | 3 6 139 217
36 17 33 32 0 | 3 6 140 218
36 17 33 32 26 | 3 7 141 219
36 17 33 32 36 | 3 7 142 220
36 17 36 22 4 | 3 6 139 221
36 17 36 26 0 | 3 6 140 221
36 17 36 26 32 | 3 7 141 222
36 17 36 26 36 | 3 7 142 222
36 19 0 10 0 | 3 8 103 173
36 19 0 10 4 | 3 8 104 173
36 19 0 10 36 | 3 9 105 174
36 19 0 14 32 | 3 9 106 174
36 19 3 4 0 | 3 8 103 175
36 19 3 4 10 | 3 8 104 176
36 19 3 4 36 | 3 9 105 177
36 19 3 14 26 | 3 9 106 178
36 19 7 0 10 | 3 8 107 176
36 19 7 0 32 | 3 9 108 177
36 19 7 10 22 | 3 9 109 178
36 19 7 10 26 | 3 9 110 178
36 19 7 32 4 | 3 10 111 179
36 19 7 32 14 | 3 10 112 180
36 19 7 36 10 | 3 10 113 180
36 19 7 36 32 | 3 11 114 181
36 19 10 0 4 | 3 8 107 182
36 19 10 0 26 | 3 9 108 183
36 19 10 4 22 | 3 9 109 183
36 19 10 4 32 | 3 9 110 184
36 19 10 26 10 | 3 10 111 185
36 19 10 26 14 | 3 10 112 185
36 19 10 36 4 | 3 10 113 186
36 19 10 36 26 | 3 11 114 187
36 19 14 22 10 | 3 10 115 185
36 19 14 32 0 | 3 10 116 186
36 19 14 32 26 | 3 11 117 187
36 19 14 32 36 | 3 11 118 188
36 19 17 22 4 | 3 10 115 189
36 19 17 26 0 | 3 10 116 189
36 19 17 26 32 | 3 11 117 190
36 19 17 26 36 | 3 11 118 190
36 19 36 10 0 | 3 12 119 191
36 19 36 10 4 | 3 12 120 191
36 19 36 10 36 | 3 13 121 192
36 19 36 14 32 | 3 13 122 192
36 20 3 4 22 | 3 16 123 224
36 20 3 10 10 | 3 18 123 223
36 20 3 10 16 | 3 17 123 224
36 20 3 20 6 | 3 16 124 225
36 20 3 20 26 | 3 16 125 226
36 20 3 26 0 | 3 17 124 225
36 20 3 26 14 | 3 18 125 225
36 20 3 26 20 | 3 17 125 226
36 20 3 26 30 | 3 18 126 226
36 20 3 26 36 | 3 19 126 226
36 20 7 22 0 | 3 17 127 225
36 20 7 22 10 | 3 18 128 225
36 20 7 22 36 | 3 19 129 226
36 20 7 32 26 | 3 20 130 226
36 20 9 4 10 | 3 16 123 227
36 20 9 14 0 | 3 17 124 227
36 20 9 14 26 | 3 18 125 228
36 20 9 14 36 | 3 19 126 228
36 20 13 10 0 | 3 17 127 227
36 20 13 10 6 | 3 18 127 227
36 20 13 10 16 | 3 17 128 228
36 20 13 10 22 | 3 18 128 228
36 20 13 10 36 | 3 19 129 228
36 20 13 16 10 | 3 16 128 229
36 20 13 16 30 | 3 16 129 230
36 20 13 26 20 | 3 17 130 230
36 20 13 26 26 | 3 18 130 230
36 20 13 32 14 | 3 20 130 229
36 20 23 0 22 | 3 22 131 228
36 20 23 0 26 | 3 22 132 228
36 20 23 6 10 | 3 25 131 227
36 20 23 6 20 | 3 24 132 228
36 20 23 16 10 | 3 22 133 229
36 20 23 16 26 | 3 22 134 230
36 20 23 22 4 | 3 24 133 229
36 20 23 22 14 | 3 25 134 229
36 20 23 26 10 | 3 25 135 229
36 20 23 26 16 | 3 24 135 230
36 20 23 26 26 | 3 25 136 230
36 20 23 26 32 | 3 26 136 230
36 20 23 36 22 | 3 28 137 230
36 20 23 36 26 | 3 28 138 230
36 20 29 0 10 | 3 30 131 227
36 20 29 0 14 | 3 30 132 227
36 20 29 10 4 | 3 31 133 227
36 20 29 10 10 | 3 32 133 227
36 20 29 10 20 | 3 31 134 228
36 20 29 10 26 | 3 32 134 228
36 20 29 14 22 | 3 32 135 228
36 20 29 14 32 | 3 33 136 228
36 20 29 20 10 | 3 30 135 229
36 20 29 20 26 | 3 30 136 230
36 20 29 30 16 | 3 31 137 230
36 20 29 30 26 | 3 32 138 230
36 20 29 36 10 | 3 34 137 229
36 20 29 36 14 | 3 34 138 229
36 22 7 0 10 | 3 8 107 193
36 22 7 0 26 | 3 9 108 193
36 22 7 10 16 | 3 8 109 196
36 22 7 10 26 | 3 9 110 195
36 22 7 26 10 | 3 10 111 195
36 22 7 26 20 | 3 10 112 196
36 22 7 36 10 | 3 10 113 197
36 22 7 36 26 | 3 11 114 197
36 22 17 16 10 | 3 8 115 202
36 22 17 26 0 | 3 10 116 199
36 22 17 26 26 | 3 11 117 200
36 22 17 26 36 | 3 11 118 201
36 22 33 10 0 | 3 12 119 199
36 22 33 10 10 | 3 12 120 200
36 22 33 10 36 | 3 13 121 201
36 22 33 20 26 | 3 13 122 202
36 23 0 16 4 | 3 38 123 203
36 23 0 16 10 | 3 39 123 203
36 23 0 20 6 | 3 39 124 203
36 23 0 20 32 | 3 40 125 204
36 23 0 26 26 | 3 42 125 204
36 23 0 26 30 | 3 42 126 204
36 23 6 10 4 | 3 38 123 207
36 23 6 14 0 | 3 38 124 207
36 23 6 14 32 | 3 40 125 209
36 23 6 14 36 | 3 40 126 209
36 23 7 22 0 | 3 41 127 205
36 23 7 22 4 | 3 41 128 205
36 23 7 22 36 | 3 43 129 206
36 23 7 26 32 | 3 43 130 206
36 23 13 10 6 | 3 35 127 217
36 23 13 10 10 | 3 35 128 217
36 23 13 16 4 | 3 35 128 218
36 23 13 16 30 | 3 36 129 220
36 23 13 20 26 | 3 36 130 220
36 23 13 20 32 | 3 37 130 220
36 23 16 4 0 | 3 44 127 207
36 23 16 4 6 | 3 44 127 208
36 23 16 4 16 | 3 44 128 209
36 23 16 4 22 | 3 45 128 209
36 23 16 4 36 | 3 46 129 209
36 23 16 10 10 | 3 36 128 221
36 23 16 10 30 | 3 36 129 222
36 23 16 20 20 | 3 38 130 222
36 23 16 20 26 | 3 39 130 222
36 23 16 26 14 | 3 42 130 221
36 23 20 0 22 | 3 45 131 209
36 23 20 0 32 | 3 46 132 209
36 23 20 6 10 | 3 36 131 221
36 23 20 6 26 | 3 36 132 222
36 23 20 16 16 | 3 38 133 222
36 23 20 16 26 | 3 39 134 222
36 23 20 22 10 | 3 42 133 221
36 23 20 22 14 | 3 42 134 221
36 23 20 32 4 | 3 50 135 211
36 23 20 32 10 | 3 50 135 212
36 23 20 32 20 | 3 50 136 213
36 23 20 32 26 | 3 51 136 213
36 23 20 36 22 | 3 51 137 213
36 23 20 36 32 | 3 52 138 213
36 23 23 6 4 | 3 47 131 214
36 23 23 6 20 | 3 45 132 217
36 23 23 10 16 | 3 45 133 217
36 23 23 10 32 | 3 49 134 216
36 23 23 26 16 | 3 47 135 220
36 23 23 26 20 | 3 47 136 220
36 23 26 10 16 | 3 44 133 222
36 23 26 10 20 | 3 44 134 222
36 23 26 26 4 | 3 50 135 221
36 23 26 26 20 | 3 50 136 222
36 23 26 30 16 | 3 50 137 222
36 23 26 30 32 | 3 52 138 222
36 23 29 0 4 | 3 53 131 214
36 23 29 0 14 | 3 53 132 215
36 23 29 4 10 | 3 53 133 215
36 23 29 4 16 | 3 53 133 216
36 23 29 4 26 | 3 54 134 216
36 23 29 4 32 | 3 55 134 216
36 23 29 14 22 | 3 55 135 217
36 23 29 14 26 | 3 55 136 217
36 23 29 20 10 | 3 53 135 219
36 23 29 20 20 | 3 53 136 220
36 23 29 30 10 | 3 56 137 219
36 23 29 30 26 | 3 57 138 220
36 23 29 36 4 | 3 59 137 218
36 23 29 36 14 | 3 59 138 219
36 23 33 10 22 | 3 55 139 217
36 23 33 16 10 | 3 53 139 219
36 23 33 16 16 | 3 53 139 220
36 23 33 26 6 | 3 56 140 219
36 23 33 26 26 | 3 57 141 220
36 23 33 32 0 | 3 59 140 218
36 23 33 32 14 | 3 59 141 219
36 23 33 32 20 | 3 59 141 220
36 23 33 32 30 | 3 60 142 220
36 23 33 32 36 | 3 61 142 220
36 23 36 16 4 | 3 56 139 221
36 23 36 16 10 | 3 57 139 221
36 23 36 20 6 | 3 57 140 221
36 23 36 20 32 | 3 58 141 222
36 23 36 26 26 | 3 60 141 222
36 23 36 26 30 | 3 60 142 222
36 26 3 4 10 | 3 8 123 193
36 26 3 4 16 | 3 35 123 224
36 26 3 4 22 | 3 9 123 193
36 26 3 14 12 | 3 8 124 196
36 26 3 14 26 | 3 9 125 195
36 26 3 20 0 | 3 35 124 225
36 26 3 20 20 | 3 35 125 226
36 26 3 20 36 | 3 37 126 226
36 26 3 26 14 | 3 10 125 195
36 26 3 26 24 | 3 10 126 196
36 26 7 10 12 | 3 8 127 196
36 26 7 10 22 | 3 9 128 195
36 26 7 16 0 | 3 35 127 225
36 26 7 16 16 | 3 35 128 226
36 26 7 16 36 | 3 37 129 226
36 26 7 22 10 | 3 10 128 195
36 26 7 22 24 | 3 10 129 196
36 26 7 32 14 | 3 10 130 197
36 26 7 32 20 | 3 41 130 226
36 26 7 32 26 | 3 11 130 197
36 26 17 12 10 | 3 8 131 202
36 26 17 12 14 | 3 8 132 202
36 26 17 22 4 | 3 10 133 199
36 26 17 22 26 | 3 11 134 200
36 26 17 26 22 | 3 11 135 200
36 26 17 26 32 | 3 11 136 201
36 26 23 0 16 | 3 44 131 228
36 26 23 0 20 | 3 44 132 228
36 26 23 16 4 | 3 44 133 229
36 26 23 16 20 | 3 44 134 230
36 26 23 20 16 | 3 44 135 230
36 26 23 20 32 | 3 46 136 230
36 26 23 36 16 | 3 50 137 230
36 26 23 36 20 | 3 50 138 230
36 26 29 10 4 | 3 12 133 199
36 26 29 10 14 | 3 12 134 200
36 26 29 14 10 | 3 12 135 200
36 26 29 14 32 | 3 13 136 201
36 26 29 24 22 | 3 13 137 202
36 26 29 24 26 | 3 13 138 202
36 27 3 26 0 | 3 41 145 205
36 27 3 26 36 | 3 43 146 206
36 27 6 10 0 | 3 38 143 207
36 27 6 10 36 | 3 40 144 209
36 27 16 0 0 | 3 44 147 207
36 27 16 0 26 | 3 45 148 209
36 27 16 0 36 | 3 46 149 209
36 27 16 26 10 | 3 42 150 221
36 27 16 36 0 | 3 50 151 211
36 27 16 36 26 | 3 51 152 213
36 27 16 36 36 | 3 52 153 213
36 27 29 0 0 | 3 53 154 214
36 27 29 0 10 | 3 53 155 215
36 27 29 0 36 | 3 55 156 216
36 27 29 10 26 | 3 55 157 217
36 27 29 36 0 | 3 59 158 218
36 27 29 36 10 | 3 59 159 219
36 27 29 36 36 | 3 61 160 220
36 29 0 10 4 | 3 8 123 203
36 29 0 10 10 | 3 62 123 203
36 29 0 10 16 | 3 8 123 204
36 29 0 14 12 | 3 8 124 204
36 29 0 14 32 | 3 9 125 204
36 29 0 20 0 | 3 63 124 203
36 29 0 20 26 | 3 64 125 204
36 29 0 20 36 | 3 65 126 204
36 29 0 26 20 | 3 10 125 204
36 29 0 26 24 | 3 10 126 204
36 29 7 10 12 | 3 8 127 206
36 29 7 10 16 | 3 8 128 206
36 29 7 16 0 | 3 63 127 205
36 29 7 16 10 | 3 64 128 205
36 29 7 16 36 | 3 65 129 206
36 29 7 22 4 | 3 10 128 205
36 29 7 22 24 | 3 10 129 206
36 29 7 26 20 | 3 10 130 206
36 29 7 26 26 | 3 66 130 206
36 29 7 26 32 | 3 11 130 206
36 29 10 4 12 | 3 8 127 209
36 29 10 4 22 | 3 9 128 208
36 29 10 10 0 | 3 63 127 207
36 29 10 10 16 | 3 62 128 210
36 29 10 10 36 | 3 65 129 209
36 29 10 16 10 | 3 8 128 212
36 29 10 16 24 | 3 8 129 213
36 29 10 26 14 | 3 10 130 210
36 29 10 26 20 | 3 63 130 213
36 29 10 26 26 | 3 11 130 210
36 29 13 10 0 | 3 63 127 214
36 29 13 10 4 | 3 63 128 214
36 29 13 10 36 | 3 65 129 216
36 29 13 14 32 | 3 65 130 216
36 29 14 12 10 | 3 8 131 212
36 29 14 12 20 | 3 8 132 213
36 29 14 22 10 | 3 10 133 210
36 29 14 22 26 | 3 11 134 210
36 29 14 32 16 | 3 10 135 213
36 29 14 32 26 | 3 11 136 212
36 29 16 4 0 | 3 67 127 207
36 29 16 4 10 | 3 67 128 208
36 29 16 4 36 | 3 69 129 209
36 29 16 14 26 | 3 62 130 222
36 29 17 12 4 | 3 8 131 218
36 29 17 12 14 | 3 8 132 219
36 29 17 16 10 | 3 8 133 219
36 29 17 16 32 | 3 9 134 220
36 29 17 26 22 | 3 11 135 217
36 29 17 26 26 | 3 11 136 217
36 29 20 0 10 | 3 67 131 208
36 29 20 0 16 | 3 67 131 209
36 29 20 0 26 | 3 68 132 209
36 29 20 0 32 | 3 69 132 209
36 29 20 10 22 | 3 62 133 222
36 29 20 10 26 | 3 62 134 222
36 29 20 16 10 | 3 64 133 221
36 29 20 16 20 | 3 63 134 222
36 29 20 26 10 | 3 66 135 221
36 29 20 26 26 | 3 66 136 222
36 29 20 32 4 | 3 73 135 211
36 29 20 32 14 | 3 73 136 212
36 29 20 36 10 | 3 73 137 212
36 29 20 36 16 | 3 73 137 213
36 29 20 36 26 | 3 74 138 213
36 29 20 36 32 | 3 75 138 213
36 29 23 0 4 | 3 67 131 214
36 29 23 0 10 | 3 67 131 215
36 29 23 0 20 | 3 67 132 216
36 29 23 0 26 | 3 68 132 216
36 29 23 4 22 | 3 68 133 216
36 29 23 4 32 | 3 69 134 216
36 29 23 10 10 | 3 67 133 217
36 29 23 10 26 | 3 69 134 217
36 29 23 20 16 | 3 67 135 220
36 29 23 20 26 | 3 68 136 220
36 29 23 26 10 | 3 70 135 219
36 29 23 26 14 | 3 70 136 219
36 29 23 36 4 | 3 73 137 218
36 29 23 36 10 | 3 73 137 219
36 29 23 36 20 | 3 73 138 220
36 29 23 36 26 | 3 74 138 220
36 29 26 10 10 | 3 12 133 210
36 29 26 10 14 | 3 12 134 210
36 29 26 20 4 | 3 12 135 211
36 29 26 20 26 | 3 13 136 212
36 29 26 24 22 | 3 13 137 212
36 29 26 24 32 | 3 13 138 213
36 29 27 22 10 | 3 70 139 219
36 29 27 32 0 | 3 73 140 218
36 29 27 32 26 | 3 74 141 220
36 29 27 32 36 | 3 75 142 220
36 29 29 4 10 | 3 12 133 215
36 29 29 4 20 | 3 12 134 216
36 29 29 14 10 | 3 12 135 217
36 29 29 14 26 | 3 13 136 217
36 29 29 24 16 | 3 12 137 220
36 29 29 24 26 | 3 13 138 219
36 29 30 22 4 | 3 73 139 221
36 29 30 26 0 | 3 73 140 221
36 29 30 26 32 | 3 75 141 222
36 29 30 26 36 | 3 75 142 222
36 29 33 10 10 | 3 12 139 217
36 29 33 10 16 | 3 76 139 217
36 29 33 10 22 | 3 13 139 217
36 29 33 20 12 | 3 12 140 220
36 29 33 20 26 | 3 13 141 219
36 29 33 26 0 | 3 77 140 218
36 29 33 26 20 | 3 77 141 220
36 29 33 26 36 | 3 79 142 220
36 29 33 32 14 | 3 14 141 219
36 29 33 32 24 | 3 14 142 220
36 29 36 10 4 | 3 12 139 221
36 29 36 10 10 | 3 76 139 221
36 29 36 10 16 | 3 12 139 222
36 29 36 14 12 | 3 12 140 222
36 29 36 14 32 | 3 13 141 222
36 29 36 20 0 | 3 77 140 221
36 29 36 20 26 | 3 78 141 222
36 29 36 20 36 | 3 79 142 222
36 29 36 26 20 | 3 14 141 222
36 29 36 26 24 | 3 14 142 222
36 30 9 4 0 | 3 35 143 227
36 30 9 4 36 | 3 37 144 228
36 30 13 0 0 | 3 35 147 227
36 30 13 0 32 | 3 37 148 228
36 30 13 0 36 | 3 37 149 228
36 30 13 32 4 | 3 41 150 229
36 30 13 36 0 | 3 41 151 229
36 30 13 36 32 | 3 43 152 230
36 30 13 36 36 | 3 43 153 230
36 30 29 0 0 | 3 53 154 227
36 30 29 0 4 | 3 53 155 227
36 30 29 0 36 | 3 55 156 228
36 30 29 4 32 | 3 55 157 228
36 30 29 36 0 | 3 59 158 229
36 30 29 36 4 | 3 59 159 229
36 30 29 36 36 | 3 61 160 230
36 30 33 32 0 | 3 59 163 229
36 30 33 32 36 | 3 61 164 230
36 33 0 10 0 | 3 8 143 203
36 33 0 10 6 | 3 62 143 203
36 33 0 10 12 | 3 8 143 204
36 33 0 10 36 | 3 9 144 204
36 33 0 16 0 | 3 63 143 203
36 33 0 16 30 | 3 64 144 204
36 33 0 16 36 | 3 65 144 204
36 33 0 22 24 | 3 10 144 204
36 33 3 14 12 | 3 8 145 206
36 33 3 20 0 | 3 63 145 205
36 33 3 20 6 | 3 64 145 205
36 33 3 20 36 | 3 65 146 206
36 33 3 26 0 | 3 10 145 205
36 33 3 26 24 | 3 10 146 206
36 33 3 26 30 | 3 66 146 206
36 33 3 26 36 | 3 11 146 206
36 33 9 14 0 | 3 63 145 214
36 33 9 14 36 | 3 65 146 216
36 33 10 0 12 | 3 8 147 209
36 33 10 0 26 | 3 9 148 208
36 33 10 6 0 | 3 63 147 207
36 33 10 6 20 | 3 62 148 210
36 33 10 6 36 | 3 65 149 209
36 33 10 12 14 | 3 8 148 212
36 33 10 12 24 | 3 8 149 213
36 33 10 26 10 | 3 10 150 210
36 33 10 26 16 | 3 63 150 213
36 33 10 26 22 | 3 11 150 210
36 33 10 36 12 | 3 10 151 213
36 33 10 36 26 | 3 11 152 212
36 33 16 0 0 | 3 67 147 207
36 33 16 0 14 | 3 67 148 208
36 33 16 0 20 | 3 67 148 209
36 33 16 0 30 | 3 68 149 209
36 33 16 0 36 | 3 69 149 209
36 33 16 14 22 | 3 62 150 222
36 33 16 20 10 | 3 64 150 221
36 33 16 20 16 | 3 63 150 222
36 33 16 30 6 | 3 66 151 221
36 33 16 30 26 | 3 66 152 222
36 33 16 36 0 | 3 73 151 211
36 33 16 36 14 | 3 73 152 212
36 33 16 36 20 | 3 73 152 213
36 33 16 36 30 | 3 74 153 213
36 33 16 36 36 | 3 75 153 213
36 33 17 12 0 | 3 8 154 218
36 33 17 12 10 | 3 8 155 219
36 33 17 12 36 | 3 9 156 220
36 33 17 22 26 | 3 11 157 217
36 33 22 14 10 | 3 12 150 210
36 33 22 24 0 | 3 12 151 211
36 33 22 24 26 | 3 13 152 212
36 33 22 24 36 | 3 13 153 213
36 33 23 0 0 | 3 67 154 214
36 33 23 0 6 | 3 67 154 215
36 33 23 0 16 | 3 67 155 216
36 33 23 0 22 | 3 68 155 216
36 33 23 0 36 | 3 69 156 216
36 33 23 6 10 | 3 67 155 217
36 33 23 6 30 | 3 69 156 217
36 33 23 16 20 | 3 67 157 220
36 33 23 16 26 | 3 68 157 220
36 33 23 22 14 | 3 70 157 219
36 33 23 36 0 | 3 73 158 218
36 33 23 36 6 | 3 73 158 219
36 33 23 36 16 | 3 73 159 220
36 33 23 36 22 | 3 74 159 220
36 33 23 36 36 | 3 75 160 220
36 33 29 0 10 | 3 12 155 215
36 33 29 0 24 | 3 12 156 216
36 33 29 10 14 | 3 12 157 217
36 33 29 10 20 | 3 76 157 217
36 33 29 10 26 | 3 13 157 217
36 33 29 24 12 | 3 12 158 220
36 33 29 24 22 | 3 13 159 219
36 33 29 30 0 | 3 77 158 218
36 33 29 30 16 | 3 77 159 220
36 33 29 30 36 | 3 79 160 220
36 33 29 36 10 | 3 14 159 219
36 33 29 36 24 | 3 14 160 220
36 33 30 22 0 | 3 73 161 221
36 33 30 22 36 | 3 75 162 222
36 33 36 10 0 | 3 12 161 221
36 33 36 10 6 | 3 76 161 221
36 33 36 10 12 | 3 12 161 222
36 33 36 10 36 | 3 13 162 222
36 33 36 16 0 | 3 77 161 221
36 33 36 16 30 | 3 78 162 222
36 33 36 16 36 | 3 79 162 222
36 33 36 22 24 | 3 14 162 222
36 36 3 4 0 | 3 8 143 223
36 36 3 4 6 | 3 62 143 223
36 36 3 4 12 | 3 8 143 224
36 36 3 4 36 | 3 9 144 224
36 36 3 10 0 | 3 63 143 223
36 36 3 10 30 | 3 64 144 224
36 36 3 10 36 | 3 65 144 224
36 36 3 16 24 | 3 8 144 226
36 36 7 0 12 | 3 8 147 224
36 36 7 0 32 | 3 9 148 224
36 36 7 6 0 | 3 63 147 223
36 36 7 6 26 | 3 64 148 224
36 36 7 6 36 | 3 65 149 224
36 36 7 12 20 | 3 8 148 226
36 36 7 12 24 | 3 8 149 226
36 36 7 32 4 | 3 10 150 225
36 36 7 32 10 | 3 66 150 225
36 36 7 32 16 | 3 10 150 226
36 36 7 36 12 | 3 10 151 226
36 36 7 36 32 | 3 11 152 226
36 36 13 0 26 | 3 62 148 228
36 36 13 0 30 | 3 62 149 228
36 36 13 26 4 | 3 63 150 229
36 36 13 26 10 | 3 64 150 229
36 36 13 30 6 | 3 64 151 229
36 36 13 30 32 | 3 65 152 230
36 36 13 36 26 | 3 66 152 230
36 36 13 36 30 | 3 66 153 230
36 36 17 12 0 | 3 8 154 229
36 36 17 12 4 | 3 8 155 229
36 36 17 12 36 | 3 9 156 230
36 36 17 16 32 | 3 9 157 230
36 36 19 20 4 | 3 12 150 225
36 36 19 24 0 | 3 12 151 225
36 36 19 24 32 | 3 13 152 226
36 36 19 24 36 | 3 13 153 226
36 36 23 0 6 | 3 68 154 227
36 36 23 0 10 | 3 68 155 227
36 36 23 6 4 | 3 70 155 227
36 36 23 6 30 | 3 71 156 228
36 36 23 10 26 | 3 71 157 228
36 36 23 10 32 | 3 72 157 228
36 36 23 36 6 | 3 74 158 229
36 36 23 36 10 | 3 74 159 229
36 36 29 0 4 | 3 12 155 227
36 36 29 0 24 | 3 12 156 228
36 36 29 4 20 | 3 12 157 228
36 36 29 4 26 | 3 76 157 228
36 36 29 4 32 | 3 13 157 228
36 36 29 24 12 | 3 12 158 230
36 36 29 24 16 | 3 12 159 230
36 36 29 30 0 | 3 77 158 229
36 36 29 30 10 | 3 78 159 229
36 36 29 30 36 | 3 79 160 230
36 36 29 36 4 | 3 14 159 229
36 36 29 36 24 | 3 14 160 230
36 36 33 20 12 | 3 12 163 230
36 36 33 26 0 | 3 77 163 229
36 36 33 26 6 | 3 78 163 229
36 36 33 26 36 | 3 79 164 230
36 36 33 32 0 | 3 14 163 229
36 36 33 32 24 | 3 14 164 230
36 36 33 32 30 | 3 80 164 230
36 36 33 32 36 | 3 15 164 230
48 0 3 4 6 | 4 0 16 81 165
48 0 3 4 18 | 4 0 16 81 166
48 0 3 10 12 | 4 0 17 81 166
48 0 3 10 42 | 4 1 18 82 166
48 0 3 22 30 | 4 0 18 82 168
48 0 3 22 36 | 4 0 19 82 168
48 0 7 6 12 | 4 0 17 85 166
48 0 7 6 38 | 4 1 18 86 166
48 0 7 18 26 | 4 0 18 86 168
48 0 7 18 36 | 4 0 19 87 168
48 0 7 44 10 | 4 2 20 88 167
48 0 7 44 22 | 4 2 20 88 168
48 0 13 12 26 | 4 0 16 86 172
48 0 13 12 30 | 4 0 16 87 172
48 0 13 38 4 | 4 2 17 88 171
48 0 13 38 22 | 4 2 18 88 172
48 0 13 42 18 | 4 2 18 89 172
48 0 13 42 44 | 4 3 19 90 172
48 0 23 12 6 | 4 0 22 92 171
48 0 23 12 10 | 4 0 22 93 171
48 0 23 18 4 | 4 0 24 93 171
48 0 23 18 42 | 4 1 25 94 172
48 0 23 22 38 | 4 1 25 95 172
48 0 23 22 44 | 4 1 26 95 172
48 0 25 26 4 | 4 0 31 88 171
48 0 25 26 10 | 4 0 32 88 171
48 0 25 30 6 | 4 0 32 89 171
48 0 25 30 44 | 4 1 33 90 172
48 0 25 36 38 | 4 1 34 90 172
48 0 25 36 42 | 4 1 34 91 172
48 0 35 6 4 | 4 4 24 93 169
48 0 35 6 30 | 4 4 25 94 170
48 0 35 10 26 | 4 4 25 95 170
48 0 35 10 44 | 4 5 26 95 170
48 0 35 36 18 | 4 4 28 96 172
48 0 35 36 22 | 4 4 28 97 172
48 0 41 4 26 | 4 4 30 95 170
48 0 41 4 38 | 4 5 30 95 170
48 0 41 30 12 | 4 4 31 96 172
48 0 41 30 22 | 4 4 32 97 172
48 0 41 42 10 | 4 6 32 97 171
48 0 41 42 36 | 4 6 33 98 172
48 0 45 26 12 | 4 4 31 101 172
48 0 45 26 18 | 4 4 32 101 172
48 0 45 38 6 | 4 6 32 101 171
48 0 45 38 36 | 4 6 33 102 172
48 0 45 44 30 | 4 6 34 102 172
48 0 45 44 42 | 4 7 34 102 172
48 3 0 20 12 | 4 0 17 83 174
48 3 0 20 18 | 4 0 18 83 174
48 3 0 32 6 | 4 2 18 83 173
48 3 0 32 36 | 4 2 19 84 174
48 3 0 38 30 | 4 2 20 84 174
48 3 0 38 42 | 4 3 20 84 174
48 3 6 14 12 | 4 0 16 83 185
48 3 6 20 0 | 4 0 2 83 182
48 3 6 20 6 | 4 0 2 83 183
48 3 6 20 48 | 4 1 3 84 184
48 3 6 26 0 | 4 0 17 83 186
48 3 6 26 36 | 4 0 19 84 188
48 3 6 26 42 | 4 1 3 84 185
48 3 6 26 48 | 4 1 19 84 188
48 3 7 6 12 | 4 0 16 85 178
48 3 7 6 32 | 4 1 16 86 178
48 3 7 18 20 | 4 0 16 90 178
48 3 7 18 36 | 4 1 16 91 178
48 3 7 38 16 | 4 2 17 88 181
48 3 7 38 28 | 4 2 19 88 181
48 3 13 0 12 | 4 0 21 85 177
48 3 13 0 26 | 4 0 22 86 177
48 3 13 6 0 | 4 0 24 85 175
48 3 13 6 20 | 4 0 1 86 189
48 3 13 6 48 | 4 1 26 87 177
48 3 13 12 14 | 4 0 18 86 189
48 3 13 12 20 | 4 0 17 86 190
48 3 13 12 30 | 4 0 18 87 190
48 3 13 12 36 | 4 0 19 87 190
48 3 13 26 22 | 4 0 20 88 190
48 3 13 26 28 | 4 0 3 88 190
48 3 13 26 34 | 4 1 20 88 190
48 3 13 32 10 | 4 2 18 88 189
48 3 13 32 28 | 4 2 19 88 190
48 3 13 42 18 | 4 2 20 89 190
48 3 13 42 38 | 4 3 20 90 190
48 3 13 48 12 | 4 2 27 89 181
48 3 13 48 26 | 4 2 28 90 181
48 3 19 0 20 | 4 0 4 86 177
48 3 19 0 42 | 4 1 5 87 176
48 3 19 20 22 | 4 0 5 88 180
48 3 19 20 28 | 4 0 5 88 181
48 3 19 42 6 | 4 2 6 89 178
48 3 19 42 26 | 4 2 7 90 178
48 3 19 48 20 | 4 2 6 90 181
48 3 19 48 42 | 4 3 7 91 180
48 3 20 12 0 | 4 0 17 92 191
48 3 20 12 6 | 4 0 18 92 191
48 3 20 12 16 | 4 0 17 93 192
48 3 20 12 22 | 4 0 18 93 192
48 3 20 12 48 | 4 1 19 94 192
48 3 20 18 10 | 4 0 16 97 191
48 3 20 18 42 | 4 1 16 98 192
48 3 20 28 32 | 4 2 19 95 192
48 3 20 28 38 | 4 3 18 95 192
48 3 20 34 26 | 4 2 20 95 192
48 3 25 14 22 | 4 0 30 88 190
48 3 25 20 10 | 4 0 32 88 189
48 3 25 20 16 | 4 0 31 88 190
48 3 25 30 6 | 4 0 34 89 189
48 3 25 30 38 | 4 1 34 90 190
48 3 25 36 0 | 4 2 31 89 189
48 3 25 36 26 | 4 2 32 90 190
48 3 25 36 32 | 4 2 33 90 190
48 3 25 36 42 | 4 3 32 91 190
48 3 25 36 48 | 4 3 33 91 190
48 3 26 0 6 | 4 0 4 92 183
48 3 26 0 28 | 4 0 5 93 184
48 3 26 6 22 | 4 0 5 93 185
48 3 26 6 42 | 4 1 5 94 185
48 3 26 28 20 | 4 0 6 95 188
48 3 26 28 26 | 4 0 7 95 187
48 3 26 48 6 | 4 2 6 96 187
48 3 26 48 28 | 4 2 7 97 188
48 3 32 0 22 | 4 4 22 93 184
48 3 32 0 36 | 4 4 23 94 184
48 3 32 6 10 | 4 0 30 93 191
48 3 32 6 30 | 4 0 30 94 192
48 3 32 16 20 | 4 0 31 95 192
48 3 32 16 38 | 4 1 32 95 192
48 3 32 22 14 | 4 0 34 95 191
48 3 32 22 20 | 4 0 6 95 192
48 3 32 22 26 | 4 0 34 95 192
48 3 32 36 12 | 4 2 31 96 192
48 3 32 36 18 | 4 2 32 96 192
48 3 32 36 28 | 4 2 33 97 192
48 3 32 36 34 | 4 3 32 97 192
48 3 32 42 0 | 4 2 6 96 191
48 3 32 42 28 | 4 2 7 97 192
48 3 32 42 48 | 4 3 7 98 192
48 3 32 48 22 | 4 6 28 97 188
48 3 32 48 36 | 4 6 29 98 188
48 3 38 10 20 | 4 4 21 95 192
48 3 38 10 32 | 4 4 23 95 192
48 3 38 30 12 | 4 4 27 96 192
48 3 38 30 28 | 4 4 29 97 192
48 3 38 42 16 | 4 6 27 97 192
48 3 38 42 36 | 4 6 29 98 192
48 3 39 22 0 | 4 4 27 99 189
48 3 39 22 6 | 4 4 6 99 178
48 3 39 22 12 | 4 4 27 99 190
48 3 39 22 48 | 4 5 29 100 190
48 3 39 28 0 | 4 4 6 99 179
48 3 39 28 42 | 4 5 7 100 180
48 3 39 28 48 | 4 5 7 100 181
48 3 39 34 36 | 4 6 29 100 190
48 3 45 10 6 | 4 4 30 99 189
48 3 45 10 18 | 4 4 30 99 190
48 3 45 16 12 | 4 4 31 99 190
48 3 45 16 42 | 4 5 32 100 190
48 3 45 28 30 | 4 6 32 100 190
48 3 45 28 36 | 4 6 33 100 190
48 3 48 20 12 | 4 4 31 101 192
48 3 48 20 18 | 4 4 32 101 192
48 3 48 32 6 | 4 6 32 101 191
48 3 48 32 36 | 4 6 33 102 192
48 3 48 38 30 | 4 6 34 102 192
48 3 48 38 42 | 4 7 34 102 192
48 6 3 4 0 | 4 0 35 81 165
48 6 3 4 6 | 4 0 36 81 165
48 6 3 4 12 | 4 0 16 81 193
48 6 3 4 48 | 4 1 37 82 166
48 6 3 10 0 | 4 0 38 81 165
48 6 3 10 42 | 4 1 16 82 196
48 6 3 10 48 | 4 1 40 82 166
48 6 3 16 36 | 4 1 16 82 197
48 6 7 0 12 | 4 0 16 85 193
48 6 7 0 44 | 4 1 37 86 166
48 6 7 6 0 | 4 0 38 85 165
48 6 7 6 38 | 4 1 16 86 196
48 6 7 6 48 | 4 1 40 87 166
48 6 7 12 32 | 4 1 16 86 197
48 6 7 12 36 | 4 1 16 87 197
48 6 7 44 4 | 4 2 41 88 167
48 6 7 44 10 | 4 2 42 88 167
48 6 7 44 16 | 4 2 20 88 197
48 6 7 48 12 | 4 2 20 89 197
48 6 7 48 44 | 4 3 43 90 168
48 6 13 0 38 | 4 1 23 86 193
48 6 13 0 42 | 4 1 23 87 193
48 6 13 38 4 | 4 2 27 88 194
48 6 13 38 10 | 4 2 17 88 202
48 6 13 42 6 | 4 2 17 89 202
48 6 13 42 44 | 4 3 29 90 196
48 6 13 48 38 | 4 3 29 90 197
48 6 13 48 42 | 4 3 29 91 197
48 6 19 32 4 | 4 2 24 88 199
48 6 19 36 0 | 4 2 24 89 199
48 6 19 36 44 | 4 3 26 90 201
48 6 19 36 48 | 4 3 26 91 201
48 6 23 12 0 | 4 0 24 92 199
48 6 23 12 4 | 4 0 24 93 199
48 6 23 12 48 | 4 1 26 94 201
48 6 23 16 44 | 4 1 26 95 201
48 6 29 0 6 | 4 0 4 92 198
48 6 29 0 10 | 4 0 4 93 198
48 6 29 6 4 | 4 0 4 93 199
48 6 29 6 42 | 4 1 5 94 200
48 6 29 10 38 | 4 1 5 95 200
48 6 29 10 44 | 4 1 5 95 201
48 6 29 48 6 | 4 2 6 96 202
48 6 29 48 10 | 4 2 6 97 202
48 6 35 0 4 | 4 4 44 93 169
48 6 35 0 36 | 4 5 22 94 198
48 6 35 4 32 | 4 5 22 95 198
48 6 35 4 38 | 4 5 23 95 198
48 6 35 4 44 | 4 5 46 95 170
48 6 35 36 12 | 4 4 28 96 202
48 6 35 36 16 | 4 4 28 97 202
48 6 35 42 0 | 4 6 27 96 199
48 6 35 42 10 | 4 6 24 97 202
48 6 35 42 48 | 4 7 29 98 201
48 6 35 48 4 | 4 6 50 97 171
48 6 35 48 36 | 4 7 28 98 202
48 6 39 32 12 | 4 4 28 101 202
48 6 39 38 0 | 4 6 27 101 199
48 6 39 38 6 | 4 6 24 101 202
48 6 39 38 48 | 4 7 29 102 201
48 6 39 44 0 | 4 6 50 101 171
48 6 39 44 36 | 4 7 28 102 202
48 6 39 44 42 | 4 7 29 102 202
48 6 39 44 48 | 4 7 52 102 172
48 7 0 16 12 | 4 0 17 103 174
48 7 0 16 22 | 4 0 18 104 174
48 7 0 28 10 | 4 2 18 104 173
48 7 0 28 36 | 4 2 19 105 174
48 7 0 38 26 | 4 2 20 106 174
48 7 0 38 38 | 4 3 20 106 174
48 7 3 10 12 | 4 0 16 103 178
48 7 3 10 28 | 4 1 16 104 178
48 7 3 22 16 | 4 0 17 104 181
48 7 3 22 36 | 4 0 19 105 181
48 7 3 38 20 | 4 2 17 106 181
48 7 3 38 32 | 4 2 19 106 181
48 7 6 10 12 | 4 0 16 103 185
48 7 6 10 16 | 4 0 16 104 185
48 7 6 16 0 | 4 0 2 103 182
48 7 6 16 10 | 4 0 2 104 183
48 7 6 16 48 | 4 1 3 105 184
48 7 6 22 4 | 4 0 17 104 186
48 7 6 22 36 | 4 0 19 105 188
48 7 6 26 32 | 4 0 19 106 188
48 7 6 26 38 | 4 1 3 106 185
48 7 6 26 44 | 4 1 19 106 188
48 7 9 4 12 | 4 0 21 103 177
48 7 9 4 22 | 4 0 22 104 177
48 7 9 10 0 | 4 0 24 103 175
48 7 9 10 16 | 4 0 1 104 189
48 7 9 10 48 | 4 1 26 105 177
48 7 9 16 10 | 4 0 18 104 189
48 7 9 16 36 | 4 0 19 105 190
48 7 9 26 26 | 4 0 20 106 190
48 7 9 26 32 | 4 0 3 106 190
48 7 9 26 38 | 4 1 20 106 190
48 7 13 12 10 | 4 0 18 107 189
48 7 13 12 16 | 4 0 17 107 190
48 7 13 12 26 | 4 0 18 108 190
48 7 13 12 32 | 4 0 19 108 190
48 7 13 22 22 | 4 0 20 109 190
48 7 13 22 38 | 4 1 20 110 190
48 7 13 28 10 | 4 2 18 109 189
48 7 13 28 32 | 4 2 19 110 190
48 7 13 38 22 | 4 2 20 111 190
48 7 13 38 38 | 4 3 20 112 190
48 7 13 44 16 | 4 2 27 111 181
48 7 13 44 26 | 4 2 28 112 181
48 7 16 12 4 | 4 0 17 107 191
48 7 16 12 10 | 4 0 18 107 191
48 7 16 12 20 | 4 0 17 108 192
48 7 16 12 26 | 4 0 18 108 192
48 7 16 16 22 | 4 0 18 109 192
48 7 16 16 44 | 4 1 19 110 192
48 7 16 22 10 | 4 0 20 109 191
48 7 16 22 38 | 4 1 20 110 192
48 7 16 32 28 | 4 2 19 111 192
48 7 16 32 38 | 4 3 18 112 192
48 7 16 38 22 | 4 2 20 111 192
48 7 16 38 26 | 4 2 20 112 192
48 7 19 0 16 | 4 0 4 107 177
48 7 19 0 38 | 4 1 5 108 176
48 7 19 16 22 | 4 0 5 109 180
48 7 19 16 32 | 4 0 5 110 181
48 7 19 38 10 | 4 2 6 111 178
48 7 19 38 26 | 4 2 7 112 178
48 7 19 48 16 | 4 2 6 113 181
48 7 19 48 38 | 4 3 7 114 180
48 7 22 0 10 | 4 0 4 107 183
48 7 22 0 32 | 4 0 5 108 184
48 7 22 10 22 | 4 0 5 109 185
48 7 22 10 38 | 4 1 5 110 185
48 7 22 32 16 | 4 0 6 111 188
48 7 22 32 26 | 4 0 7 112 187
48 7 22 48 10 | 4 2 6 113 187
48 7 22 48 32 | 4 2 7 114 188
48 7 25 10 22 | 4 0 30 109 190
48 7 25 10 26 | 4 0 30 110 190
48 7 25 16 10 | 4 0 32 109 189
48 7 25 16 20 | 4 0 31 110 190
48 7 25 26 10 | 4 0 34 111 189
48 7 25 26 38 | 4 1 34 112 190
48 7 25 32 4 | 4 2 31 111 189
48 7 25 32 26 | 4 2 32 112 190
48 7 25 36 22 | 4 2 32 113 190
48 7 25 36 28 | 4 2 33 113 190
48 7 25 36 38 | 4 3 32 114 190
48 7 25 36 44 | 4 3 33 114 190
48 7 28 4 22 | 4 4 22 109 184
48 7 28 4 32 | 4 4 23 110 184
48 7 28 10 10 | 4 0 30 109 191
48 7 28 10 26 | 4 0 30 110 192
48 7 28 20 16 | 4 0 31 111 192
48 7 28 20 38 | 4 1 32 112 192
48 7 28 26 10 | 4 0 34 111 191
48 7 28 26 26 | 4 0 34 112 192
48 7 28 36 16 | 4 2 31 113 192
48 7 28 36 22 | 4 2 32 113 192
48 7 28 36 32 | 4 2 33 114 192
48 7 28 36 38 | 4 3 32 114 192
48 7 32 22 10 | 4 0 34 115 191
48 7 32 22 16 | 4 0 6 115 192
48 7 32 22 22 | 4 0 34 115 192
48 7 32 32 12 | 4 2 31 116 192
48 7 32 32 38 | 4 3 32 117 192
48 7 32 38 0 | 4 2 6 116 191
48 7 32 38 32 | 4 2 7 117 192
48 7 32 38 48 | 4 3 7 118 192
48 7 32 44 26 | 4 6 28 117 188
48 7 32 44 36 | 4 6 29 118 188
48 7 35 22 4 | 4 4 27 115 189
48 7 35 22 10 | 4 4 6 115 178
48 7 35 22 16 | 4 4 27 115 190
48 7 35 26 12 | 4 4 27 116 190
48 7 35 26 44 | 4 5 29 117 190
48 7 35 32 0 | 4 4 6 116 179
48 7 35 32 38 | 4 5 7 117 180
48 7 35 32 48 | 4 5 7 118 181
48 7 35 38 32 | 4 6 29 117 190
48 7 35 38 36 | 4 6 29 118 190
48 7 38 10 16 | 4 4 21 115 192
48 7 38 10 28 | 4 4 23 115 192
48 7 38 26 12 | 4 4 27 116 192
48 7 38 26 32 | 4 4 29 117 192
48 7 38 38 20 | 4 6 27 117 192
48 7 38 38 36 | 4 6 29 118 192
48 7 41 10 10 | 4 4 30 115 189
48 7 41 10 22 | 4 4 30 115 190
48 7 41 20 12 | 4 4 31 116 190
48 7 41 20 38 | 4 5 32 117 190
48 7 41 32 26 | 4 6 32 117 190
48 7 41 32 36 | 4 6 33 118 190
48 7 48 16 12 | 4 4 31 119 192
48 7 48 16 22 | 4 4 32 120 192
48 7 48 28 10 | 4 6 32 120 191
48 7 48 28 36 | 4 6 33 121 192
48 7 48 38 26 | 4 6 34 122 192
48 7 48 38 38 | 4 7 34 122 192
48 9 7 0 12 | 4 0 35 85 177
48 9 7 0 38 | 4 1 36 86 177
48 9 7 6 0 | 4 0 38 85 175
48 9 7 6 32 | 4 0 1 86 206
48 9 7 6 48 | 4 1 40 87 177
48 9 7 12 26 | 4 0 18 86 206
48 9 7 12 36 | 4 0 19 87 206
48 9 7 38 10 | 4 2 20 88 205
48 9 7 38 16 | 4 2 3 88 205
48 9 7 38 22 | 4 2 20 88 206
48 9 7 48 12 | 4 2 41 89 181
48 9 7 48 38 | 4 3 42 90 181
48 9 13 0 32 | 4 0 1 86 216
48 9 13 0 42 | 4 1 16 87 216
48 9 13 32 10 | 4 0 2 88 219
48 9 13 32 16 | 4 0 2 88 220
48 9 13 42 6 | 4 2 17 89 219
48 9 13 42 38 | 4 3 18 90 220
48 9 13 48 32 | 4 2 3 90 220
48 9 13 48 42 | 4 3 20 91 220
48 9 19 26 10 | 4 0 24 88 219
48 9 19 36 0 | 4 0 27 89 218
48 9 19 36 38 | 4 1 28 90 220
48 9 19 36 48 | 4 1 29 91 220
48 9 20 12 0 | 4 0 17 92 221
48 9 20 12 10 | 4 0 18 93 221
48 9 20 12 48 | 4 1 19 94 222
48 9 20 22 38 | 4 1 20 95 222
48 9 26 0 6 | 4 0 4 92 208
48 9 26 0 16 | 4 0 4 93 209
48 9 26 6 10 | 4 0 4 93 210
48 9 26 6 42 | 4 1 5 94 210
48 9 26 16 32 | 4 0 5 95 213
48 9 26 16 38 | 4 1 5 95 212
48 9 26 48 6 | 4 2 6 96 212
48 9 26 48 16 | 4 2 6 97 213
48 9 32 0 10 | 4 4 21 93 208
48 9 32 0 36 | 4 4 23 94 209
48 9 32 10 26 | 4 0 30 95 222
48 9 32 10 32 | 4 0 5 95 222
48 9 32 10 38 | 4 1 30 95 222
48 9 32 36 12 | 4 2 31 96 222
48 9 32 36 22 | 4 2 32 97 222
48 9 32 42 0 | 4 2 6 96 221
48 9 32 42 16 | 4 2 6 97 222
48 9 32 42 48 | 4 3 7 98 222
48 9 32 48 10 | 4 6 27 97 212
48 9 32 48 36 | 4 6 29 98 213
48 9 42 26 12 | 4 4 27 101 222
48 9 42 32 0 | 4 4 6 101 211
48 9 42 32 6 | 4 4 6 101 212
48 9 42 32 48 | 4 5 7 102 213
48 9 42 38 0 | 4 6 27 101 221
48 9 42 38 36 | 4 6 29 102 222
48 9 42 38 42 | 4 7 28 102 222
48 9 42 38 48 | 4 7 29 102 222
48 9 45 10 0 | 4 4 31 99 214
48 9 45 10 6 | 4 4 31 99 215
48 9 45 10 12 | 4 4 30 99 217
48 9 45 10 48 | 4 5 33 100 216
48 9 45 16 0 | 4 4 6 99 214
48 9 45 16 42 | 4 5 7 100 215
48 9 45 16 48 | 4 5 7 100 216
48 9 45 22 36 | 4 4 33 100 220
48 10 13 12 16 | 4 0 16 107 202
48 10 13 12 20 | 4 0 16 108 202
48 10 13 28 4 | 4 2 17 109 199
48 10 13 28 32 | 4 1 20 110 202
48 10 13 32 28 | 4 1 20 111 202
48 10 13 32 44 | 4 3 19 112 201
48 10 25 16 4 | 4 0 31 109 199
48 10 25 16 20 | 4 0 30 110 202
48 10 25 20 16 | 4 0 30 111 202
48 10 25 20 44 | 4 1 33 112 201
48 10 25 36 28 | 4 1 34 113 202
48 10 25 36 32 | 4 1 34 114 202
48 10 41 4 16 | 4 4 30 115 198
48 10 41 4 28 | 4 5 30 115 198
48 10 41 20 12 | 4 4 30 116 202
48 10 41 20 32 | 4 5 30 117 202
48 10 41 32 20 | 4 4 34 117 202
48 10 41 32 36 | 4 5 34 118 202
48 10 45 16 12 | 4 4 30 119 202
48 10 45 16 28 | 4 5 30 120 202
48 10 45 28 16 | 4 4 34 120 202
48 10 45 28 36 | 4 5 34 121 202
48 10 45 44 20 | 4 6 34 122 202
48 10 45 44 32 | 4 7 34 122 202
48 13 0 10 18 | 4 0 16 103 204
48 13 0 10 22 | 4 0 16 104 204
48 13 0 28 4 | 4 2 17 104 203
48 13 0 28 30 | 4 2 18 105 204
48 13 0 32 26 | 4 2 18 106 204
48 13 0 32 44 | 4 3 19 106 204
48 13 3 4 12 | 4 0 35 103 177
48 13 3 4 18 | 4 0 35 105 176
48 13 3 4 28 | 4 0 37 104 177
48 13 3 4 34 | 4 1 36 104 177
48 13 3 10 0 | 4 0 38 103 175
48 13 3 10 28 | 4 0 1 104 206
48 13 3 10 48 | 4 1 40 105 177
48 13 3 16 22 | 4 0 18 104 206
48 13 3 16 36 | 4 0 19 105 206
48 13 3 22 10 | 4 0 20 104 205
48 13 3 22 30 | 4 0 20 105 206
48 13 3 32 20 | 4 2 17 106 206
48 13 3 32 38 | 4 3 18 106 206
48 13 3 38 14 | 4 2 20 106 205
48 13 3 38 20 | 4 2 3 106 205
48 13 3 38 26 | 4 2 20 106 206
48 13 6 10 6 | 4 0 17 103 208
48 13 6 10 10 | 4 0 17 104 208
48 13 6 16 4 | 4 0 2 104 207
48 13 6 16 42 | 4 1 3 105 208
48 13 6 20 38 | 4 1 3 106 208
48 13 6 20 44 | 4 1 3 106 209
48 13 7 12 22 | 4 0 18 107 206
48 13 7 12 32 | 4 0 19 108 206
48 13 7 18 10 | 4 0 16 113 205
48 13 7 18 26 | 4 0 16 114 206
48 13 7 28 16 | 4 2 17 109 206
48 13 7 28 38 | 4 3 18 110 206
48 13 7 34 10 | 4 2 20 109 205
48 13 7 34 26 | 4 2 20 110 206
48 13 7 44 16 | 4 2 41 111 181
48 13 7 44 22 | 4 2 42 111 181
48 13 7 44 32 | 4 2 43 112 181
48 13 7 44 38 | 4 3 42 112 181
48 13 9 4 6 | 4 0 16 103 214
48 13 9 4 16 | 4 0 1 104 214
48 13 9 10 10 | 4 0 17 104 215
48 13 9 10 42 | 4 1 18 105 216
48 13 9 20 32 | 4 0 1 106 220
48 13 9 20 38 | 4 1 3 106 215
48 13 10 18 4 | 4 0 17 107 211
48 13 10 18 20 | 4 0 16 114 210
48 13 10 22 16 | 4 0 17 109 213
48 13 10 22 44 | 4 1 19 110 213
48 13 10 38 28 | 4 2 19 111 213
48 13 10 38 32 | 4 2 19 112 213
48 13 13 0 28 | 4 0 1 107 216
48 13 13 0 38 | 4 1 16 108 216
48 13 13 6 10 | 4 0 17 107 215
48 13 13 6 38 | 4 1 18 108 216
48 13 13 16 28 | 4 0 1 109 220
48 13 13 16 38 | 4 1 3 110 215
48 13 13 28 10 | 4 0 2 109 219
48 13 13 28 20 | 4 0 2 110 220
48 13 13 38 10 | 4 2 17 111 219
48 13 13 38 38 | 4 3 18 112 220
48 13 13 44 10 | 4 2 20 111 218
48 13 13 44 20 | 4 2 3 112 218
48 13 13 48 28 | 4 2 3 113 220
48 13 13 48 38 | 4 3 20 114 220
48 13 16 6 4 | 4 0 4 107 203
48 13 16 6 32 | 4 0 1 108 222
48 13 16 10 28 | 4 0 1 109 222
48 13 16 10 44 | 4 1 5 110 204
48 13 16 12 4 | 4 0 17 107 221
48 13 16 12 14 | 4 0 18 108 221
48 13 16 16 10 | 4 0 18 109 221
48 13 16 16 44 | 4 1 19 110 222
48 13 16 26 34 | 4 1 20 111 222
48 13 16 26 38 | 4 1 20 112 222
48 13 16 38 16 | 4 2 3 111 221
48 13 16 38 20 | 4 2 3 112 221
48 13 19 10 28 | 4 0 5 109 206
48 13 19 10 32 | 4 0 5 110 206
48 13 19 22 10 | 4 0 24 109 219
48 13 19 22 14 | 4 0 24 110 219
48 13 19 32 4 | 4 0 27 111 218
48 13 19 32 38 | 4 1 28 112 220
48 13 19 36 34 | 4 1 28 113 220
48 13 19 36 44 | 4 1 29 114 220
48 13 19 38 4 | 4 2 6 111 205
48 13 19 38 20 | 4 2 6 112 206
48 13 19 42 16 | 4 2 6 113 206
48 13 19 42 44 | 4 3 7 114 206
48 13 22 0 10 | 4 0 4 107 208
48 13 22 0 20 | 4 0 4 108 209
48 13 22 4 28 | 4 0 5 109 209
48 13 22 4 38 | 4 1 5 110 208
48 13 22 10 10 | 4 0 4 109 210
48 13 22 10 38 | 4 1 5 110 210
48 13 22 20 28 | 4 0 5 111 213
48 13 22 20 38 | 4 1 5 112 212
48 13 22 32 10 | 4 0 6 111 212
48 13 22 32 20 | 4 0 6 112 213
48 13 22 42 10 | 4 2 6 113 210
48 13 22 42 38 | 4 3 7 114 210
48 13 22 48 10 | 4 2 6 113 212
48 13 22 48 20 | 4 2 6 114 213
48 13 25 10 16 | 4 0 30 109 217
48 13 25 10 20 | 4 0 30 110 217
48 13 25 26 4 | 4 0 31 111 218
48 13 25 26 32 | 4 0 33 112 220
48 13 25 30 28 | 4 0 33 113 220
48 13 25 30 44 | 4 1 33 114 220
48 13 26 28 10 | 4 0 6 115 212
48 13 26 28 16 | 4 0 6 115 213
48 13 26 38 6 | 4 2 6 116 210
48 13 26 38 38 | 4 3 7 117 210
48 13 26 44 32 | 4 2 7 117 213
48 13 26 44 42 | 4 3 7 118 212
48 13 28 4 10 | 4 4 21 109 208
48 13 28 4 16 | 4 4 21 109 209
48 13 28 4 26 | 4 4 22 110 209
48 13 28 4 32 | 4 4 23 110 209
48 13 28 14 22 | 4 0 30 111 222
48 13 28 14 38 | 4 1 30 112 222
48 13 28 20 10 | 4 0 32 111 221
48 13 28 20 32 | 4 0 33 112 222
48 13 28 30 22 | 4 0 34 113 222
48 13 28 30 38 | 4 1 34 114 222
48 13 28 36 16 | 4 2 31 113 222
48 13 28 36 26 | 4 2 32 114 222
48 13 29 28 4 | 4 0 6 115 218
48 13 29 28 10 | 4 0 6 115 219
48 13 29 32 6 | 4 0 6 116 219
48 13 29 32 44 | 4 1 7 117 220
48 13 29 38 38 | 4 3 7 117 217
48 13 29 38 42 | 4 3 7 118 217
48 13 32 10 22 | 4 0 30 115 222
48 13 32 10 28 | 4 0 5 115 222
48 13 32 10 34 | 4 1 30 115 222
48 13 32 16 10 | 4 0 32 115 221
48 13 32 16 28 | 4 0 33 115 222
48 13 32 26 18 | 4 0 34 116 222
48 13 32 26 38 | 4 1 34 117 222
48 13 32 32 12 | 4 2 31 116 222
48 13 32 32 26 | 4 2 32 117 222
48 13 32 38 0 | 4 2 6 116 221
48 13 32 38 20 | 4 2 6 117 222
48 13 32 38 48 | 4 3 7 118 222
48 13 32 44 14 | 4 6 27 117 212
48 13 32 44 20 | 4 6 27 117 213
48 13 32 44 30 | 4 6 28 118 213
48 13 32 44 36 | 4 6 29 118 213
48 13 35 16 4 | 4 4 21 115 218
48 13 35 16 22 | 4 4 22 115 220
48 13 35 20 18 | 4 4 21 118 219
48 13 35 20 44 | 4 5 23 117 220
48 13 35 38 26 | 4 6 25 117 220
48 13 35 38 30 | 4 6 25 118 220
48 13 41 10 4 | 4 4 31 115 214
48 13 41 10 10 | 4 4 31 115 215
48 13 41 10 16 | 4 4 30 115 217
48 13 41 14 12 | 4 4 30 116 217
48 13 41 14 44 | 4 5 33 117 216
48 13 41 20 0 | 4 4 6 116 214
48 13 41 20 38 | 4 5 7 117 215
48 13 41 20 48 | 4 5 7 118 216
48 13 41 26 32 | 4 4 33 117 220
48 13 41 26 36 | 4 4 33 118 220
48 13 42 22 12 | 4 4 27 119 222
48 13 42 22 16 | 4 4 27 120 222
48 13 42 28 0 | 4 4 6 119 211
48 13 42 28 10 | 4 4 6 120 212
48 13 42 28 48 | 4 5 7 121 213
48 13 42 34 4 | 4 6 27 120 221
48 13 42 34 36 | 4 6 29 121 222
48 13 42 38 32 | 4 6 29 122 222
48 13 42 38 38 | 4 7 28 122 222
48 13 42 38 44 | 4 7 29 122 222
48 13 48 10 18 | 4 4 30 119 222
48 13 48 10 22 | 4 4 30 120 222
48 13 48 28 4 | 4 6 31 120 221
48 13 48 28 30 | 4 6 32 121 222
48 13 48 32 26 | 4 6 32 122 222
48 13 48 32 44 | 4 7 33 122 222
48 16 7 12 22 | 4 0 16 107 226
48 16 7 12 26 | 4 0 16 108 226
48 16 7 18 10 | 4 0 18 107 225
48 16 7 18 20 | 4 0 17 108 226
48 16 7 28 10 | 4 0 20 109 225
48 16 7 28 38 | 4 1 20 110 226
48 16 7 34 4 | 4 2 17 109 225
48 16 7 34 26 | 4 2 18 110 226
48 16 7 38 22 | 4 2 18 111 226
48 16 7 38 28 | 4 2 19 111 226
48 16 7 38 38 | 4 3 18 112 226
48 16 7 38 44 | 4 3 19 112 226
48 16 13 0 28 | 4 0 1 107 228
48 16 13 0 32 | 4 0 1 108 228
48 16 13 12 10 | 4 0 16 107 229
48 16 13 12 14 | 4 0 16 108 229
48 16 13 22 4 | 4 0 17 109 229
48 16 13 22 38 | 4 1 18 110 230
48 16 13 26 34 | 4 1 18 111 230
48 16 13 26 44 | 4 1 19 112 230
48 16 13 28 4 | 4 0 2 109 229
48 16 13 28 20 | 4 0 2 110 230
48 16 13 32 16 | 4 0 2 111 230
48 16 13 32 44 | 4 1 3 112 230
48 16 13 48 28 | 4 2 3 113 230
48 16 13 48 32 | 4 2 3 114 230
48 16 19 0 16 | 4 0 4 107 224
48 16 19 0 20 | 4 0 4 108 224
48 16 19 16 4 | 4 0 4 109 225
48 16 19 16 32 | 4 0 5 110 226
48 16 19 20 28 | 4 0 5 111 226
48 16 19 20 44 | 4 1 5 112 226
48 16 19 22 4 | 4 0 24 109 229
48 16 19 22 14 | 4 0 25 110 229
48 16 19 26 10 | 4 0 25 111 229
48 16 19 26 44 | 4 1 26 112 230
48 16 19 36 34 | 4 1 28 113 230
48 16 19 36 38 | 4 1 28 114 230
48 16 19 48 16 | 4 2 6 113 226
48 16 19 48 20 | 4 2 6 114 226
48 16 25 10 4 | 4 0 31 109 227
48 16 25 10 10 | 4 0 32 109 227
48 16 25 10 20 | 4 0 31 110 228
48 16 25 10 26 | 4 0 32 110 228
48 16 25 14 22 | 4 0 32 111 228
48 16 25 14 44 | 4 1 33 112 228
48 16 25 20 10 | 4 0 30 111 229
48 16 25 20 38 | 4 1 30 112 230
48 16 25 30 28 | 4 0 33 113 230
48 16 25 30 38 | 4 1 32 114 230
48 16 25 36 22 | 4 0 34 113 230
48 16 25 36 26 | 4 0 34 114 230
48 16 35 4 22 | 4 4 22 115 228
48 16 35 4 28 | 4 4 5 115 224
48 16 35 4 34 | 4 5 22 115 228
48 16 35 10 10 | 4 4 25 115 227
48 16 35 10 28 | 4 4 26 115 228
48 16 35 20 18 | 4 4 22 116 230
48 16 35 20 38 | 4 5 22 117 230
48 16 35 26 12 | 4 4 24 116 230
48 16 35 26 26 | 4 4 25 117 230
48 16 35 32 0 | 4 4 6 116 225
48 16 35 32 20 | 4 4 6 117 226
48 16 35 32 48 | 4 5 7 118 226
48 16 35 38 14 | 4 6 25 117 229
48 16 35 38 20 | 4 6 24 117 230
48 16 35 38 30 | 4 6 25 118 230
48 16 35 38 36 | 4 6 26 118 230
48 16 39 22 12 | 4 4 24 119 230
48 16 39 22 22 | 4 4 25 120 230
48 16 39 28 0 | 4 4 6 119 225
48 16 39 28 16 | 4 4 6 120 226
48 16 39 28 48 | 4 5 7 121 226
48 16 39 34 10 | 4 6 25 120 229
48 16 39 34 36 | 4 6 26 121 230
48 16 39 44 26 | 4 6 28 122 230
48 16 39 44 32 | 4 6 7 122 226
48 16 39 44 38 | 4 7 28 122 230
48 16 41 4 10 | 4 4 30 115 227
48 16 41 4 16 | 4 4 5 115 227
48 16 41 4 22 | 4 4 30 115 228
48 16 41 14 12 | 4 4 31 116 228
48 16 41 14 38 | 4 5 32 117 228
48 16 41 20 0 | 4 4 6 116 227
48 16 41 20 32 | 4 4 5 117 230
48 16 41 20 48 | 4 5 7 118 228
48 16 41 26 26 | 4 4 32 117 230
48 16 41 26 36 | 4 4 33 118 230
48 16 45 10 12 | 4 4 31 119 228
48 16 45 10 18 | 4 4 32 119 228
48 16 45 10 28 | 4 4 33 120 228
48 16 45 10 34 | 4 5 32 120 228
48 16 45 16 0 | 4 4 6 119 227
48 16 45 16 28 | 4 4 5 120 230
48 16 45 16 48 | 4 5 7 121 228
48 16 45 22 22 | 4 4 32 120 230
48 16 45 22 36 | 4 4 33 121 230
48 16 45 28 10 | 4 4 34 120 229
48 16 45 28 30 | 4 4 34 121 230
48 16 45 38 20 | 4 6 31 122 230
48 16 45 38 38 | 4 7 32 122 230
48 16 45 44 14 | 4 6 34 122 229
48 16 45 44 20 | 4 6 7 122 229
48 16 45 44 26 | 4 6 34 122 230
48 19 3 4 6 | 4 0 8 103 176
48 19 3 4 28 | 4 0 9 104 177
48 19 3 10 22 | 4 0 9 104 178
48 19 3 10 42 | 4 1 9 105 178
48 19 3 32 20 | 4 0 10 106 181
48 19 3 32 26 | 4 0 11 106 180
48 19 6 10 0 | 4 0 38 103 207
48 19 6 10 4 | 4 0 38 104 207
48 19 6 10 48 | 4 1 40 105 209
48 19 6 14 44 | 4 1 40 106 209
48 19 7 6 22 | 4 0 9 107 178
48 19 7 6 38 | 4 1 9 108 178
48 19 7 28 16 | 4 0 10 109 181
48 19 7 28 26 | 4 0 11 110 180
48 19 7 44 10 | 4 2 10 111 180
48 19 7 44 32 | 4 2 11 112 181
48 19 9 4 0 | 4 0 35 103 214
48 19 9 4 10 | 4 0 35 104 215
48 19 9 4 48 | 4 1 37 105 216
48 19 9 14 38 | 4 1 37 106 217
48 19 13 0 10 | 4 0 35 107 215
48 19 13 0 44 | 4 1 37 108 216
48 19 13 10 34 | 4 1 37 109 217
48 19 13 10 38 | 4 1 37 110 217
48 19 13 22 16 | 4 0 10 109 190
48 19 13 22 20 | 4 0 10 110 190
48 19 13 38 4 | 4 2 10 111 189
48 19 13 38 32 | 4 2 11 112 190
48 19 13 42 28 | 4 2 11 113 190
48 19 13 42 44 | 4 3 11 114 190
48 19 13 44 4 | 4 2 41 111 218
48 19 13 44 14 | 4 2 41 112 219
48 19 13 48 10 | 4 2 41 113 219
48 19 13 48 44 | 4 3 43 114 220
48 19 16 0 4 | 4 0 44 107 207
48 19 16 0 38 | 4 1 45 108 209
48 19 16 4 34 | 4 1 45 109 209
48 19 16 4 44 | 4 1 46 110 209
48 19 16 6 4 | 4 0 8 107 191
48 19 16 6 20 | 4 0 8 108 192
48 19 16 10 16 | 4 0 8 109 192
48 19 16 10 44 | 4 1 9 110 192
48 19 16 26 28 | 4 0 11 111 192
48 19 16 26 32 | 4 0 11 112 192
48 19 16 38 10 | 4 2 42 111 221
48 19 16 38 14 | 4 2 42 112 221
48 19 16 48 4 | 4 2 50 113 211
48 19 16 48 38 | 4 3 51 114 213
48 19 20 34 10 | 4 2 42 115 221
48 19 20 44 0 | 4 2 50 116 211
48 19 20 44 38 | 4 3 51 117 213
48 19 20 44 48 | 4 3 52 118 213
48 19 22 4 16 | 4 0 12 109 184
48 19 22 4 38 | 4 1 13 110 183
48 19 22 20 22 | 4 0 13 111 187
48 19 22 20 32 | 4 0 13 112 188
48 19 22 42 10 | 4 2 14 113 185
48 19 22 42 26 | 4 2 15 114 185
48 19 23 34 4 | 4 2 47 115 218
48 19 23 38 0 | 4 2 47 116 218
48 19 23 38 44 | 4 3 49 117 220
48 19 23 38 48 | 4 3 49 118 220
48 19 26 16 22 | 4 0 13 115 187
48 19 26 16 28 | 4 0 13 115 188
48 19 26 38 6 | 4 2 14 116 185
48 19 26 38 26 | 4 2 15 117 185
48 19 26 44 20 | 4 2 14 117 188
48 19 26 44 42 | 4 3 15 118 187
48 19 35 16 4 | 4 4 12 115 179
48 19 35 16 10 | 4 4 12 115 180
48 19 35 20 6 | 4 4 12 116 180
48 19 35 20 44 | 4 5 13 117 181
48 19 35 26 38 | 4 5 15 117 178
48 19 35 26 42 | 4 5 15 118 178
48 19 42 22 6 | 4 4 14 119 185
48 19 42 22 10 | 4 4 14 120 185
48 19 42 28 4 | 4 4 14 120 186
48 19 42 28 42 | 4 5 15 121 187
48 19 42 32 38 | 4 5 15 122 187
48 19 42 32 44 | 4 5 15 122 188
48 20 3 16 22 | 4 0 16 123 226
48 20 3 22 10 | 4 0 18 123 225
48 20 3 22 16 | 4 0 17 123 226
48 20 3 32 6 | 4 0 20 124 225
48 20 3 32 38 | 4 1 20 125 226
48 20 3 38 0 | 4 2 17 124 225
48 20 3 38 26 | 4 2 18 125 226
48 20 3 38 32 | 4 2 19 125 226
48 20 3 38 42 | 4 3 18 126 226
48 20 3 38 48 | 4 3 19 126 226
48 20 9 16 10 | 4 0 16 123 229
48 20 9 26 0 | 4 0 17 124 229
48 20 9 26 38 | 4 1 18 125 230
48 20 9 26 48 | 4 1 19 126 230
48 20 19 22 0 | 4 0 24 127 229
48 20 19 22 10 | 4 0 25 128 229
48 20 19 22 48 | 4 1 26 129 230
48 20 19 32 38 | 4 1 28 130 230
48 20 25 10 0 | 4 0 31 127 227
48 20 25 10 6 | 4 0 32 127 227
48 20 25 10 16 | 4 0 31 128 228
48 20 25 10 22 | 4 0 32 128 228
48 20 25 10 48 | 4 1 33 129 228
48 20 25 16 10 | 4 0 30 128 229
48 20 25 16 42 | 4 1 30 129 230
48 20 25 26 32 | 4 0 33 130 230
48 20 25 26 38 | 4 1 32 130 230
48 20 25 32 26 | 4 0 34 130 230
48 20 35 0 22 | 4 4 22 131 228
48 20 35 0 38 | 4 5 22 132 228
48 20 35 6 10 | 4 4 25 131 227
48 20 35 6 32 | 4 4 26 132 228
48 20 35 16 22 | 4 4 22 133 230
48 20 35 16 38 | 4 5 22 134 230
48 20 35 22 16 | 4 4 24 133 230
48 20 35 22 26 | 4 4 25 134 230
48 20 35 38 10 | 4 6 25 135 229
48 20 35 38 16 | 4 6 24 135 230
48 20 35 38 26 | 4 6 25 136 230
48 20 35 38 32 | 4 6 26 136 230
48 20 35 48 22 | 4 6 28 137 230
48 20 35 48 38 | 4 7 28 138 230
48 20 41 0 10 | 4 4 30 131 227
48 20 41 0 26 | 4 4 30 132 228
48 20 41 10 16 | 4 4 31 133 228
48 20 41 10 22 | 4 4 32 133 228
48 20 41 10 32 | 4 4 33 134 228
48 20 41 10 38 | 4 5 32 134 228
48 20 41 26 22 | 4 4 32 135 230
48 20 41 26 32 | 4 4 33 136 230
48 20 41 32 10 | 4 4 34 135 229
48 20 41 32 26 | 4 4 34 136 230
48 20 41 42 16 | 4 6 31 137 230
48 20 41 42 38 | 4 7 32 138 230
48 20 41 48 10 | 4 6 34 137 229
48 20 41 48 26 | 4 6 34 138 230
48 22 7 6 22 | 4 0 9 107 195
48 22 7 6 32 | 4 0 9 108 196
48 22 7 28 10 | 4 0 10 109 197
48 22 7 28 26 | 4 0 11 110 197
48 22 7 38 16 | 4 2 10 111 196
48 22 7 38 38 | 4 3 11 112 195
48 22 13 6 10 | 4 0 8 107 200
48 22 13 6 20 | 4 0 8 108 201
48 22 13 16 10 | 4 0 8 109 202
48 22 13 16 38 | 4 1 9 110 202
48 22 13 22 10 | 4 0 10 109 200
48 22 13 22 20 | 4 0 10 110 201
48 22 13 26 28 | 4 0 11 111 201
48 22 13 26 38 | 4 1 11 112 200
48 22 13 32 10 | 4 0 10 111 202
48 22 13 32 38 | 4 1 11 112 202
48 22 13 42 28 | 4 2 11 113 201
48 22 13 42 38 | 4 3 11 114 200
48 22 19 10 10 | 4 0 12 109 195
48 22 19 10 32 | 4 0 13 110 196
48 22 19 20 22 | 4 0 13 111 197
48 22 19 20 38 | 4 1 13 112 197
48 22 19 42 16 | 4 2 14 113 196
48 22 19 42 26 | 4 2 15 114 195
48 22 29 10 22 | 4 0 13 115 200
48 22 29 10 28 | 4 0 13 115 201
48 22 29 32 6 | 4 0 14 116 202
48 22 29 32 26 | 4 0 15 117 202
48 22 29 38 20 | 4 2 14 117 201
48 22 29 38 42 | 4 3 15 118 200
48 22 35 10 10 | 4 4 12 115 195
48 22 35 10 16 | 4 4 12 115 196
48 22 35 20 6 | 4 4 12 116 197
48 22 35 20 38 | 4 5 13 117 197
48 22 35 26 32 | 4 4 15 117 196
48 22 35 26 42 | 4 5 15 118 195
48 22 39 22 6 | 4 4 14 119 195
48 22 39 22 16 | 4 4 14 120 196
48 22 39 28 10 | 4 4 14 120 197
48 22 39 28 42 | 4 5 15 121 197
48 22 39 38 32 | 4 6 15 122 196
48 22 39 38 38 | 4 7 15 122 195
48 22 45 10 6 | 4 4 12 119 200
48 22 45 10 28 | 4 4 13 120 201
48 22 45 16 22 | 4 4 13 120 202
48 22 45 16 42 | 4 5 13 121 202
48 22 45 38 20 | 4 6 14 122 201
48 22 45 38 26 | 4 6 15 122 200
48 23 0 28 4 | 4 2 38 123 203
48 23 0 28 10 | 4 2 39 123 203
48 23 0 32 6 | 4 2 39 124 203
48 23 0 32 44 | 4 3 40 125 204
48 23 0 38 38 | 4 3 42 125 204
48 23 0 38 42 | 4 3 42 126 204
48 23 6 22 4 | 4 0 38 123 211
48 23 6 26 0 | 4 0 38 124 211
48 23 6 26 44 | 4 1 40 125 213
48 23 6 26 48 | 4 1 40 126 213
48 23 19 22 0 | 4 0 47 127 218
48 23 19 22 4 | 4 0 47 128 218
48 23 19 22 48 | 4 1 49 129 220
48 23 19 26 44 | 4 1 49 130 220
48 23 25 10 6 | 4 0 53 127 217
48 23 25 10 10 | 4 0 53 128 217
48 23 25 16 4 | 4 0 53 128 218
48 23 25 16 42 | 4 1 54 129 220
48 23 25 20 38 | 4 1 54 130 220
48 23 25 20 44 | 4 1 55 130 220
48 23 28 4 0 | 4 4 44 127 207
48 23 28 4 6 | 4 4 44 127 208
48 23 28 4 16 | 4 4 44 128 209
48 23 28 4 22 | 4 4 45 128 209
48 23 28 4 48 | 4 5 46 129 209
48 23 28 10 10 | 4 0 54 128 221
48 23 28 10 42 | 4 1 54 129 222
48 23 28 20 32 | 4 0 58 130 222
48 23 28 20 38 | 4 1 57 130 222
48 23 28 26 26 | 4 0 60 130 222
48 23 32 0 22 | 4 4 45 131 209
48 23 32 0 44 | 4 5 46 132 209
48 23 32 6 10 | 4 0 54 131 221
48 23 32 6 38 | 4 1 54 132 222
48 23 32 16 28 | 4 0 58 133 222
48 23 32 16 38 | 4 1 57 134 222
48 23 32 22 22 | 4 0 60 133 222
48 23 32 22 26 | 4 0 60 134 222
48 23 32 44 4 | 4 6 50 135 211
48 23 32 44 10 | 4 6 50 135 212
48 23 32 44 20 | 4 6 50 136 213
48 23 32 44 26 | 4 6 51 136 213
48 23 32 48 22 | 4 6 51 137 213
48 23 32 48 44 | 4 7 52 138 213
48 23 35 6 4 | 4 4 47 131 214
48 23 35 6 32 | 4 5 45 132 217
48 23 35 10 28 | 4 5 45 133 217
48 23 35 10 44 | 4 5 49 134 216
48 23 35 38 16 | 4 6 47 135 220
48 23 35 38 20 | 4 6 47 136 220
48 23 38 10 28 | 4 4 46 133 222
48 23 38 10 32 | 4 4 46 134 222
48 23 38 38 4 | 4 6 50 135 221
48 23 38 38 20 | 4 6 50 136 222
48 23 38 42 16 | 4 6 50 137 222
48 23 38 42 44 | 4 7 52 138 222
48 23 41 0 4 | 4 4 53 131 214
48 23 41 0 26 | 4 4 54 132 216
48 23 41 4 22 | 4 4 54 133 216
48 23 41 4 28 | 4 4 55 133 216
48 23 41 4 38 | 4 5 54 134 216
48 23 41 4 44 | 4 5 55 134 216
48 23 41 26 22 | 4 4 57 135 220
48 23 41 26 26 | 4 4 57 136 220
48 23 41 32 10 | 4 4 59 135 219
48 23 41 32 20 | 4 4 59 136 220
48 23 41 42 10 | 4 6 56 137 219
48 23 41 42 38 | 4 7 57 138 220
48 23 41 48 4 | 4 6 59 137 218
48 23 41 48 26 | 4 6 60 138 220
48 23 45 22 22 | 4 4 57 139 220
48 23 45 28 10 | 4 4 59 139 219
48 23 45 28 16 | 4 4 59 139 220
48 23 45 38 6 | 4 6 56 140 219
48 23 45 38 38 | 4 7 57 141 220
48 23 45 44 0 | 4 6 59 140 218
48 23 45 44 26 | 4 6 60 141 220
48 23 45 44 32 | 4 6 61 141 220
48 23 45 44 42 | 4 7 60 142 220
48 23 45 44 48 | 4 7 61 142 220
48 23 48 28 4 | 4 6 56 139 221
48 23 48 28 10 | 4 6 57 139 221
48 23 48 32 6 | 4 6 57 140 221
48 23 48 32 44 | 4 7 58 141 222
48 23 48 38 38 | 4 7 60 141 222
48 23 48 38 42 | 4 7 60 142 222
48 25 0 10 6 | 4 0 62 103 203
48 25 0 10 10 | 4 0 62 104 203
48 25 0 16 4 | 4 0 63 104 203
48 25 0 16 42 | 4 1 64 105 204
48 25 0 20 38 | 4 1 64 106 204
48 25 0 20 44 | 4 1 65 106 204
48 25 3 4 0 | 4 8 35 103 175
48 25 3 4 6 | 4 8 35 103 176
48 25 3 4 16 | 4 8 35 104 177
48 25 3 4 22 | 4 8 36 104 177
48 25 3 4 48 | 4 9 37 105 177
48 25 3 10 10 | 4 0 62 104 205
48 25 3 10 42 | 4 1 62 105 206
48 25 3 20 32 | 4 0 65 106 206
48 25 3 20 38 | 4 1 64 106 206
48 25 3 26 26 | 4 0 66 106 206
48 25 7 0 22 | 4 8 36 107 177
48 25 7 0 44 | 4 9 37 108 177
48 25 7 6 10 | 4 0 62 107 205
48 25 7 6 38 | 4 1 62 108 206
48 25 7 16 28 | 4 0 65 109 206
48 25 7 16 38 | 4 1 64 110 206
48 25 7 22 22 | 4 0 66 109 206
48 25 7 22 26 | 4 0 66 110 206
48 25 7 44 4 | 4 10 41 111 179
48 25 7 44 10 | 4 10 41 111 180
48 25 7 44 20 | 4 10 41 112 181
48 25 7 44 26 | 4 10 42 112 181
48 25 7 48 22 | 4 10 42 113 181
48 25 7 48 44 | 4 11 43 114 181
48 25 10 6 4 | 4 0 63 107 207
48 25 10 6 32 | 4 1 62 108 210
48 25 10 10 28 | 4 1 62 109 210
48 25 10 10 44 | 4 1 65 110 209
48 25 10 38 16 | 4 2 63 111 213
48 25 10 38 20 | 4 2 63 112 213
48 25 13 10 28 | 4 1 62 109 217
48 25 13 10 32 | 4 1 62 110 217
48 25 13 38 4 | 4 2 63 111 218
48 25 13 38 20 | 4 2 63 112 220
48 25 13 42 16 | 4 2 63 113 220
48 25 13 42 44 | 4 3 65 114 220
48 25 16 0 4 | 4 0 67 107 207
48 25 16 0 26 | 4 0 68 108 209
48 25 16 4 22 | 4 0 68 109 209
48 25 16 4 28 | 4 0 69 109 209
48 25 16 4 38 | 4 1 68 110 209
48 25 16 4 44 | 4 1 69 110 209
48 25 16 26 22 | 4 0 66 111 222
48 25 16 26 26 | 4 0 66 112 222
48 25 16 32 10 | 4 2 64 111 221
48 25 16 32 20 | 4 2 63 112 222
48 25 16 42 10 | 4 2 66 113 221
48 25 16 42 38 | 4 3 66 114 222
48 25 16 48 4 | 4 2 73 113 211
48 25 16 48 26 | 4 2 74 114 213
48 25 20 22 22 | 4 0 66 115 222
48 25 20 28 10 | 4 2 64 115 221
48 25 20 28 16 | 4 2 63 115 222
48 25 20 38 6 | 4 2 66 116 221
48 25 20 38 38 | 4 3 66 117 222
48 25 20 44 0 | 4 2 73 116 211
48 25 20 44 26 | 4 2 74 117 213
48 25 20 44 32 | 4 2 75 117 213
48 25 20 44 42 | 4 3 74 118 213
48 25 20 44 48 | 4 3 75 118 213
48 25 23 28 4 | 4 0 73 115 218
48 25 23 28 10 | 4 0 73 115 219
48 25 23 32 6 | 4 0 73 116 219
48 25 23 32 44 | 4 1 75 117 220
48 25 23 38 38 | 4 3 71 117 220
48 25 23 38 42 | 4 3 71 118 220
48 25 29 22 4 | 4 0 77 115 218
48 25 29 26 0 | 4 0 77 116 218
48 25 29 26 44 | 4 1 79 117 220
48 25 29 26 48 | 4 1 79 118 220
48 25 42 22 0 | 4 4 73 119 221
48 25 42 22 4 | 4 4 73 120 221
48 25 42 22 48 | 4 5 75 121 222
48 25 42 26 44 | 4 5 75 122 222
48 25 48 10 6 | 4 4 76 119 221
48 25 48 10 10 | 4 4 76 120 221
48 25 48 16 4 | 4 4 77 120 221
48 25 48 16 42 | 4 5 78 121 222
48 25 48 20 38 | 4 5 78 122 222
48 25 48 20 44 | 4 5 79 122 222
48 26 3 10 22 | 4 0 9 123 195
48 26 3 10 28 | 4 0 9 123 196
48 26 3 32 6 | 4 0 10 124 197
48 26 3 32 26 | 4 0 11 125 197
48 26 3 38 20 | 4 2 10 125 196
48 26 3 38 42 | 4 3 11 126 195
48 26 9 10 10 | 4 0 8 123 200
48 26 9 10 16 | 4 0 8 123 201
48 26 9 20 6 | 4 0 8 124 202
48 26 9 20 38 | 4 1 9 125 202
48 26 9 26 32 | 4 0 11 125 201
48 26 9 26 42 | 4 1 11 126 200
48 26 13 22 6 | 4 0 10 127 200
48 26 13 22 16 | 4 0 10 128 201
48 26 13 28 10 | 4 0 10 128 202
48 26 13 28 42 | 4 1 11 129 202
48 26 13 38 32 | 4 2 11 130 201
48 26 13 38 38 | 4 3 11 130 200
48 26 19 10 6 | 4 0 12 127 195
48 26 19 10 28 | 4 0 13 128 196
48 26 19 16 22 | 4 0 13 128 197
48 26 19 16 42 | 4 1 13 129 197
48 26 19 38 20 | 4 2 14 130 196
48 26 19 38 26 | 4 2 15 130 195
48 26 29 6 22 | 4 0 13 131 200
48 26 29 6 32 | 4 0 13 132 201
48 26 29 28 10 | 4 0 14 133 202
48 26 29 28 26 | 4 0 15 134 202
48 26 29 38 16 | 4 2 14 135 201
48 26 29 38 38 | 4 3 15 136 200
48 26 35 6 10 | 4 4 12 131 195
48 26 35 6 20 | 4 4 12 132 196
48 26 35 16 10 | 4 4 12 133 197
48 26 35 16 38 | 4 5 13 134 197
48 26 35 22 10 | 4 4 14 133 195
48 26 35 22 20 | 4 4 14 134 196
48 26 35 26 28 | 4 4 15 135 196
48 26 35 26 38 | 4 5 15 136 195
48 26 35 32 10 | 4 4 14 135 197
48 26 35 32 38 | 4 5 15 136 197
48 26 35 42 28 | 4 6 15 137 196
48 26 35 42 38 | 4 7 15 138 195
48 26 41 10 10 | 4 4 12 133 200
48 26 41 10 32 | 4 4 13 134 201
48 26 41 20 22 | 4 4 13 135 202
48 26 41 20 38 | 4 5 13 136 202
48 26 41 42 16 | 4 6 14 137 201
48 26 41 42 26 | 4 6 15 138 200
48 28 7 0 22 | 4 0 62 107 224
48 28 7 0 38 | 4 1 62 108 224
48 28 7 6 10 | 4 0 64 107 223
48 28 7 6 32 | 4 0 65 108 224
48 28 7 16 22 | 4 0 62 109 226
48 28 7 16 38 | 4 1 62 110 226
48 28 7 22 16 | 4 0 63 109 226
48 28 7 22 26 | 4 0 64 110 226
48 28 7 38 10 | 4 2 64 111 225
48 28 7 38 16 | 4 2 63 111 226
48 28 7 38 26 | 4 2 64 112 226
48 28 7 38 32 | 4 2 65 112 226
48 28 7 48 22 | 4 2 66 113 226
48 28 7 48 38 | 4 3 66 114 226
48 28 13 0 10 | 4 0 62 107 227
48 28 13 0 26 | 4 0 62 108 228
48 28 13 10 16 | 4 0 63 109 228
48 28 13 10 22 | 4 0 64 109 228
48 28 13 10 32 | 4 0 65 110 228
48 28 13 10 38 | 4 1 64 110 228
48 28 13 26 22 | 4 0 64 111 230
48 28 13 26 32 | 4 0 65 112 230
48 28 13 32 10 | 4 0 66 111 229
48 28 13 32 26 | 4 0 66 112 230
48 28 13 42 16 | 4 2 63 113 230
48 28 13 42 38 | 4 3 64 114 230
48 28 13 48 10 | 4 2 66 113 229
48 28 13 48 26 | 4 2 66 114 230
48 28 23 16 22 | 4 0 68 115 230
48 28 23 22 10 | 4 0 71 115 229
48 28 23 22 16 | 4 0 70 115 230
48 28 23 32 6 | 4 0 74 116 229
48 28 23 32 38 | 4 1 74 117 230
48 28 23 38 0 | 4 2 70 116 229
48 28 23 38 26 | 4 2 71 117 230
48 28 23 38 32 | 4 2 72 117 230
48 28 23 38 42 | 4 3 71 118 230
48 28 23 38 48 | 4 3 72 118 230
48 28 29 16 10 | 4 0 76 115 229
48 28 29 26 0 | 4 0 77 116 229
48 28 29 26 38 | 4 1 78 117 230
48 28 29 26 48 | 4 1 79 118 230
48 28 39 22 0 | 4 4 70 119 229
48 28 39 22 10 | 4 4 71 120 229
48 28 39 22 48 | 4 5 72 121 230
48 28 39 32 38 | 4 5 74 122 230
48 28 45 10 0 | 4 4 77 119 227
48 28 45 10 6 | 4 4 78 119 227
48 28 45 10 16 | 4 4 77 120 228
48 28 45 10 22 | 4 4 78 120 228
48 28 45 10 48 | 4 5 79 121 228
48 28 45 16 10 | 4 4 76 120 229
48 28 45 16 42 | 4 5 76 121 230
48 28 45 26 32 | 4 4 79 122 230
48 28 45 26 38 | 4 5 78 122 230
48 28 45 32 26 | 4 4 80 122 230
48 29 6 16 4 | 4 0 8 123 211
48 29 6 16 10 | 4 0 8 123 212
48 29 6 20 6 | 4 0 8 124 212
48 29 6 20 44 | 4 1 9 125 213
48 29 6 26 38 | 4 1 11 125 210
48 29 6 26 42 | 4 1 11 126 210
48 29 13 22 6 | 4 0 10 127 217
48 29 13 22 10 | 4 0 10 128 217
48 29 13 28 4 | 4 0 10 128 218
48 29 13 28 42 | 4 1 11 129 219
48 29 13 32 38 | 4 1 11 130 219
48 29 13 32 44 | 4 1 11 130 220
48 29 22 4 6 | 4 0 12 127 208
48 29 22 4 28 | 4 0 13 128 209
48 29 22 10 22 | 4 0 13 128 210
48 29 22 10 42 | 4 1 13 129 210
48 29 22 32 20 | 4 0 14 130 213
48 29 22 32 26 | 4 0 15 130 212
48 29 25 10 0 | 4 0 77 127 214
48 29 25 10 4 | 4 0 77 128 214
48 29 25 10 48 | 4 1 79 129 216
48 29 25 14 44 | 4 1 79 130 216
48 29 26 6 22 | 4 0 13 131 210
48 29 26 6 38 | 4 1 13 132 210
48 29 26 28 16 | 4 0 14 133 213
48 29 26 28 26 | 4 0 15 134 212
48 29 26 44 10 | 4 2 14 135 212
48 29 26 44 32 | 4 2 15 136 213
48 29 28 4 0 | 4 4 67 127 207
48 29 28 4 10 | 4 4 67 128 208
48 29 28 4 48 | 4 5 69 129 209
48 29 28 14 38 | 4 1 76 130 222
48 29 32 0 10 | 4 4 67 131 208
48 29 32 0 44 | 4 5 69 132 209
48 29 32 10 34 | 4 1 76 133 222
48 29 32 10 38 | 4 1 76 134 222
48 29 32 22 16 | 4 0 14 133 222
48 29 32 22 20 | 4 0 14 134 222
48 29 32 38 4 | 4 2 14 135 221
48 29 32 38 32 | 4 2 15 136 222
48 29 32 42 28 | 4 2 15 137 222
48 29 32 42 44 | 4 3 15 138 222
48 29 32 44 4 | 4 6 73 135 211
48 29 32 44 14 | 4 6 73 136 212
48 29 32 48 10 | 4 6 73 137 212
48 29 32 48 44 | 4 7 75 138 213
48 29 35 0 4 | 4 4 67 131 214
48 29 35 0 38 | 4 5 68 132 216
48 29 35 4 34 | 4 5 68 133 216
48 29 35 4 44 | 4 5 69 134 216
48 29 35 6 4 | 4 4 12 131 205
48 29 35 6 20 | 4 4 12 132 206
48 29 35 10 16 | 4 4 12 133 206
48 29 35 10 44 | 4 5 13 134 206
48 29 35 26 28 | 4 4 15 135 206
48 29 35 26 32 | 4 4 15 136 206
48 29 35 38 10 | 4 6 70 135 219
48 29 35 38 14 | 4 6 70 136 219
48 29 35 48 4 | 4 6 73 137 218
48 29 35 48 38 | 4 7 74 138 220
48 29 39 34 10 | 4 6 70 139 219
48 29 39 44 0 | 4 6 73 140 218
48 29 39 44 38 | 4 7 74 141 220
48 29 39 44 48 | 4 7 75 142 220
48 29 41 4 16 | 4 4 12 133 216
48 29 41 4 38 | 4 5 13 134 215
48 29 41 20 22 | 4 4 13 135 219
48 29 41 20 32 | 4 4 13 136 220
48 29 41 42 10 | 4 6 14 137 217
48 29 41 42 26 | 4 6 15 138 217
48 29 42 34 4 | 4 6 73 139 221
48 29 42 38 0 | 4 6 73 140 221
48 29 42 38 44 | 4 7 75 141 222
48 29 42 38 48 | 4 7 75 142 222
48 29 45 16 22 | 4 4 13 139 219
48 29 45 16 28 | 4 4 13 139 220
48 29 45 38 6 | 4 6 14 140 217
48 29 45 38 26 | 4 6 15 141 217
48 29 45 44 20 | 4 6 14 141 220
48 29 45 44 42 | 4 7 15 142 219
48 32 3 4 22 | 4 0 62 123 224
48 32 3 4 28 | 4 0 9 123 224
48 32 3 4 34 | 4 1 62 123 224
48 32 3 10 10 | 4 0 64 123 223
48 32 3 10 28 | 4 0 65 123 224
48 32 3 20 18 | 4 0 62 124 226
48 32 3 20 38 | 4 1 62 125 226
48 32 3 26 12 | 4 0 63 124 226
48 32 3 26 26 | 4 0 64 125 226
48 32 3 32 0 | 4 0 10 124 225
48 32 3 32 20 | 4 0 10 125 226
48 32 3 32 48 | 4 1 11 126 226
48 32 3 38 14 | 4 2 64 125 225
48 32 3 38 20 | 4 2 63 125 226
48 32 3 38 30 | 4 2 64 126 226
48 32 3 38 36 | 4 2 65 126 226
48 32 7 22 12 | 4 0 63 127 226
48 32 7 22 22 | 4 0 64 128 226
48 32 7 28 0 | 4 0 10 127 225
48 32 7 28 16 | 4 0 10 128 226
48 32 7 28 48 | 4 1 11 129 226
48 32 7 34 10 | 4 2 64 128 225
48 32 7 34 36 | 4 2 65 129 226
48 32 7 44 26 | 4 2 66 130 226
48 32 7 44 32 | 4 2 11 130 226
48 32 7 44 38 | 4 3 66 130 226
48 32 9 4 10 | 4 0 62 123 227
48 32 9 4 16 | 4 0 8 123 228
48 32 9 4 22 | 4 0 62 123 228
48 32 9 14 12 | 4 0 63 124 228
48 32 9 14 38 | 4 1 64 125 228
48 32 9 20 0 | 4 0 8 124 229
48 32 9 20 32 | 4 0 9 125 230
48 32 9 20 48 | 4 1 9 126 230
48 32 9 26 26 | 4 0 64 125 230
48 32 9 26 36 | 4 0 65 126 230
48 32 13 10 12 | 4 0 63 127 228
48 32 13 10 18 | 4 0 64 127 228
48 32 13 10 28 | 4 0 65 128 228
48 32 13 10 34 | 4 1 64 128 228
48 32 13 16 0 | 4 0 8 127 229
48 32 13 16 28 | 4 0 9 128 230
48 32 13 16 48 | 4 1 9 129 230
48 32 13 22 22 | 4 0 64 128 230
48 32 13 22 36 | 4 0 65 129 230
48 32 13 28 10 | 4 0 66 128 229
48 32 13 28 30 | 4 0 66 129 230
48 32 13 38 20 | 4 2 63 130 230
48 32 13 38 38 | 4 3 64 130 230
48 32 13 44 14 | 4 2 66 130 229
48 32 13 44 20 | 4 2 10 130 230
48 32 13 44 26 | 4 2 66 130 230
48 32 23 12 22 | 4 0 68 131 230
48 32 23 12 26 | 4 0 68 132 230
48 32 23 18 10 | 4 0 71 131 229
48 32 23 18 20 | 4 0 70 132 230
48 32 23 28 10 | 4 0 74 133 229
48 32 23 28 38 | 4 1 74 134 230
48 32 23 34 4 | 4 2 70 133 229
48 32 23 34 26 | 4 2 71 134 230
48 32 23 38 22 | 4 2 71 135 230
48 32 23 38 28 | 4 2 72 135 230
48 32 23 38 38 | 4 3 71 136 230
48 32 23 38 44 | 4 3 72 136 230
48 32 29 0 28 | 4 0 13 131 228
48 32 29 0 32 | 4 0 13 132 228
48 32 29 12 10 | 4 0 76 131 229
48 32 29 12 14 | 4 0 76 132 229
48 32 29 22 4 | 4 0 77 133 229
48 32 29 22 38 | 4 1 78 134 230
48 32 29 26 34 | 4 1 78 135 230
48 32 29 26 44 | 4 1 79 136 230
48 32 29 28 4 | 4 0 14 133 229
48 32 29 28 20 | 4 0 14 134 230
48 32 29 32 16 | 4 0 14 135 230
48 32 29 32 44 | 4 1 15 136 230
48 32 29 48 28 | 4 2 15 137 230
48 32 29 48 32 | 4 2 15 138 230
48 32 35 0 16 | 4 4 12 131 224
48 32 35 0 20 | 4 4 12 132 224
48 32 35 16 4 | 4 4 12 133 225
48 32 35 16 32 | 4 4 13 134 226
48 32 35 20 28 | 4 4 13 135 226
48 32 35 20 44 | 4 5 13 136 226
48 32 35 22 4 | 4 4 70 133 229
48 32 35 22 14 | 4 4 71 134 229
48 32 35 26 10 | 4 4 71 135 229
48 32 35 26 44 | 4 5 72 136 230
48 32 35 36 34 | 4 5 74 137 230
48 32 35 36 38 | 4 5 74 138 230
48 32 35 48 16 | 4 6 14 137 226
48 32 35 48 20 | 4 6 14 138 226
48 32 41 10 4 | 4 4 77 133 227
48 32 41 10 10 | 4 4 78 133 227
48 32 41 10 20 | 4 4 77 134 228
48 32 41 10 26 | 4 4 78 134 228
48 32 41 14 22 | 4 4 78 135 228
48 32 41 14 44 | 4 5 79 136 228
48 32 41 20 10 | 4 4 76 135 229
48 32 41 20 38 | 4 5 76 136 230
48 32 41 30 28 | 4 4 79 137 230
48 32 41 30 38 | 4 5 78 138 230
48 32 41 36 22 | 4 4 80 137 230
48 32 41 36 26 | 4 4 80 138 230
48 35 0 16 4 | 4 8 38 123 203
48 35 0 16 22 | 4 8 39 123 204
48 35 0 20 18 | 4 8 39 124 204
48 35 0 20 44 | 4 9 40 125 204
48 35 0 38 26 | 4 10 42 125 204
48 35 0 38 30 | 4 10 42 126 204
48 35 6 10 4 | 4 8 38 123 207
48 35 6 10 10 | 4 8 35 123 210
48 35 6 10 16 | 4 8 36 123 210
48 35 6 14 12 | 4 8 36 124 210
48 35 6 14 44 | 4 9 40 125 209
48 35 6 20 0 | 4 8 10 124 182
48 35 6 20 38 | 4 9 11 125 183
48 35 6 20 48 | 4 9 11 126 184
48 35 6 26 32 | 4 8 40 125 213
48 35 6 26 36 | 4 8 40 126 213
48 35 7 22 12 | 4 8 41 127 206
48 35 7 22 16 | 4 8 41 128 206
48 35 7 28 0 | 4 8 10 127 179
48 35 7 28 10 | 4 8 10 128 180
48 35 7 28 48 | 4 9 11 129 181
48 35 7 34 4 | 4 10 41 128 205
48 35 7 34 36 | 4 10 43 129 206
48 35 7 38 32 | 4 10 43 130 206
48 35 7 38 38 | 4 11 42 130 206
48 35 7 38 44 | 4 11 43 130 206
48 35 13 10 18 | 4 8 35 129 217
48 35 13 10 22 | 4 8 37 128 217
48 35 13 28 4 | 4 8 41 128 218
48 35 13 28 30 | 4 8 42 129 220
48 35 13 32 26 | 4 8 42 130 220
48 35 13 32 44 | 4 9 43 130 220
48 35 16 4 12 | 4 8 44 127 209
48 35 16 4 18 | 4 8 44 129 208
48 35 16 4 28 | 4 8 46 128 209
48 35 16 4 34 | 4 9 45 128 209
48 35 16 10 0 | 4 8 12 127 173
48 35 16 10 28 | 4 8 9 128 192
48 35 16 10 48 | 4 9 13 129 174
48 35 16 16 22 | 4 8 39 128 222
48 35 16 16 36 | 4 8 40 129 222
48 35 16 22 10 | 4 8 42 128 221
48 35 16 22 30 | 4 8 42 129 222
48 35 16 32 20 | 4 10 38 130 222
48 35 16 32 38 | 4 11 39 130 222
48 35 16 38 14 | 4 10 42 130 221
48 35 16 38 20 | 4 10 11 130 191
48 35 16 38 26 | 4 10 42 130 222
48 35 19 10 6 | 4 8 12 127 178
48 35 19 10 10 | 4 8 12 128 178
48 35 19 16 4 | 4 8 12 128 179
48 35 19 16 42 | 4 9 13 129 180
48 35 19 20 38 | 4 9 13 130 180
48 35 19 20 44 | 4 9 13 130 181
48 35 20 12 22 | 4 8 39 131 222
48 35 20 12 32 | 4 8 40 132 222
48 35 20 18 10 | 4 8 36 137 221
48 35 20 18 26 | 4 8 36 138 222
48 35 20 28 16 | 4 10 38 133 222
48 35 20 28 38 | 4 11 39 134 222
48 35 20 34 10 | 4 10 42 133 221
48 35 20 34 26 | 4 10 42 134 222
48 35 20 44 16 | 4 10 50 135 213
48 35 20 44 22 | 4 10 51 135 213
48 35 20 44 32 | 4 10 52 136 213
48 35 20 44 38 | 4 11 51 136 213
48 35 22 4 6 | 4 8 12 127 183
48 35 22 4 16 | 4 8 12 128 184
48 35 22 10 10 | 4 8 12 128 185
48 35 22 10 42 | 4 9 13 129 185
48 35 22 20 32 | 4 8 13 130 188
48 35 22 20 38 | 4 9 13 130 187
48 35 23 18 4 | 4 8 47 131 218
48 35 23 18 20 | 4 8 45 138 217
48 35 23 22 16 | 4 8 47 133 220
48 35 23 22 44 | 4 9 49 134 220
48 35 23 38 28 | 4 10 49 135 220
48 35 23 38 32 | 4 10 49 136 220
48 35 26 0 28 | 4 8 13 131 184
48 35 26 0 38 | 4 9 13 132 183
48 35 26 6 10 | 4 8 12 131 185
48 35 26 6 38 | 4 9 13 132 185
48 35 26 16 28 | 4 8 13 133 188
48 35 26 16 38 | 4 9 13 134 187
48 35 26 28 10 | 4 8 14 133 187
48 35 26 28 20 | 4 8 14 134 188
48 35 26 38 10 | 4 10 14 135 185
48 35 26 38 38 | 4 11 15 136 185
48 35 26 44 10 | 4 10 14 135 187
48 35 26 44 20 | 4 10 14 136 188
48 35 26 48 28 | 4 10 15 137 188
48 35 26 48 38 | 4 11 15 138 187
48 35 29 6 4 | 4 8 12 131 189
48 35 29 6 32 | 4 8 13 132 190
48 35 29 10 28 | 4 8 13 133 190
48 35 29 10 44 | 4 9 13 134 190
48 35 29 12 4 | 4 8 53 131 218
48 35 29 12 14 | 4 8 53 132 219
48 35 29 16 10 | 4 8 53 133 219
48 35 29 16 44 | 4 9 55 134 220
48 35 29 26 34 | 4 9 57 135 220
48 35 29 26 38 | 4 9 57 136 220
48 35 29 38 16 | 4 10 14 135 190
48 35 29 38 20 | 4 10 14 136 190
48 35 32 10 28 | 4 8 13 133 192
48 35 32 10 32 | 4 8 13 134 192
48 35 32 22 10 | 4 8 60 133 221
48 35 32 22 14 | 4 8 60 134 221
48 35 32 32 4 | 4 10 56 135 221
48 35 32 32 38 | 4 11 57 136 222
48 35 32 36 34 | 4 11 57 137 222
48 35 32 36 44 | 4 11 58 138 222
48 35 32 38 4 | 4 10 14 135 191
48 35 32 38 20 | 4 10 14 136 192
48 35 32 42 16 | 4 10 14 137 192
48 35 32 42 44 | 4 11 15 138 192
48 35 35 0 10 | 4 12 44 131 215
48 35 35 0 20 | 4 12 13 132 175
48 35 35 4 28 | 4 12 13 133 177
48 35 35 4 38 | 4 13 45 134 216
48 35 35 10 10 | 4 12 44 133 217
48 35 35 10 38 | 4 13 46 134 217
48 35 35 20 28 | 4 12 13 135 181
48 35 35 20 38 | 4 13 15 136 176
48 35 35 32 10 | 4 12 14 135 180
48 35 35 32 20 | 4 12 14 136 181
48 35 35 42 10 | 4 14 47 137 219
48 35 35 42 38 | 4 15 48 138 220
48 35 35 48 10 | 4 14 50 137 219
48 35 35 48 20 | 4 14 15 138 179
48 35 38 10 16 | 4 12 44 133 222
48 35 38 10 20 | 4 12 44 134 222
48 35 38 26 4 | 4 12 50 135 221
48 35 38 26 32 | 4 12 52 136 222
48 35 38 30 28 | 4 12 52 137 222
48 35 38 30 44 | 4 13 52 138 222
48 35 39 28 10 | 4 12 14 139 180
48 35 39 28 16 | 4 12 14 139 181
48 35 39 38 6 | 4 14 47 140 219
48 35 39 38 38 | 4 15 48 141 220
48 35 39 44 32 | 4 14 15 141 181
48 35 39 44 42 | 4 15 51 142 220
48 35 41 4 10 | 4 12 53 133 215
48 35 41 4 16 | 4 12 53 133 216
48 35 41 4 26 | 4 12 54 134 216
48 35 41 4 32 | 4 12 55 134 216
48 35 41 14 22 | 4 12 55 135 217
48 35 41 14 38 | 4 13 55 136 217
48 35 41 20 10 | 4 12 53 135 219
48 35 41 20 32 | 4 12 55 136 220
48 35 41 30 22 | 4 12 57 137 220
48 35 41 30 38 | 4 13 57 138 220
48 35 41 36 16 | 4 12 59 137 220
48 35 41 36 26 | 4 12 60 138 220
48 35 42 28 4 | 4 12 14 139 186
48 35 42 28 10 | 4 12 14 139 187
48 35 42 32 6 | 4 12 14 140 187
48 35 42 32 44 | 4 13 15 141 188
48 35 42 38 38 | 4 15 51 141 222
48 35 42 38 42 | 4 15 51 142 222
48 35 45 10 22 | 4 12 55 139 217
48 35 45 10 28 | 4 12 13 139 190
48 35 45 10 34 | 4 13 55 139 217
48 35 45 16 10 | 4 12 53 139 219
48 35 45 16 28 | 4 12 55 139 220
48 35 45 26 18 | 4 12 56 142 219
48 35 45 26 38 | 4 13 57 141 220
48 35 45 32 12 | 4 12 59 140 220
48 35 45 32 26 | 4 12 60 141 220
48 35 45 38 0 | 4 14 56 140 218
48 35 45 38 20 | 4 14 15 141 189
48 35 45 38 48 | 4 15 58 142 220
48 35 45 44 14 | 4 14 59 141 219
48 35 45 44 20 | 4 14 59 141 220
48 35 45 44 30 | 4 14 60 142 220
48 35 45 44 36 | 4 14 61 142 220
48 35 48 16 4 | 4 12 56 139 221
48 35 48 16 22 | 4 12 57 139 222
48 35 48 20 18 | 4 12 57 140 222
48 35 48 20 44 | 4 13 58 141 222
48 35 48 38 26 | 4 14 60 141 222
48 35 48 38 30 | 4 14 60 142 222
48 38 3 4 16 | 4 8 35 123 224
48 38 3 4 28 | 4 8 37 123 224
48 38 3 20 12 | 4 8 35 124 226
48 38 3 20 32 | 4 8 37 125 226
48 38 3 32 20 | 4 8 41 125 226
48 38 3 32 36 | 4 8 43 126 226
48 38 7 16 12 | 4 8 35 127 226
48 38 7 16 28 | 4 8 37 128 226
48 38 7 28 16 | 4 8 41 128 226
48 38 7 28 36 | 4 8 43 129 226
48 38 7 44 20 | 4 10 41 130 226
48 38 7 44 32 | 4 10 43 130 226
48 38 23 12 16 | 4 8 44 131 230
48 38 23 12 20 | 4 8 44 132 230
48 38 23 28 4 | 4 8 50 133 229
48 38 23 28 32 | 4 8 52 134 230
48 38 23 32 28 | 4 8 52 135 230
48 38 23 32 44 | 4 9 52 136 230
48 38 35 16 4 | 4 12 44 133 229
48 38 35 16 20 | 4 12 44 134 230
48 38 35 20 16 | 4 12 44 135 230
48 38 35 20 44 | 4 13 46 136 230
48 38 35 36 28 | 4 12 52 137 230
48 38 35 36 32 | 4 12 52 138 230
48 39 3 26 12 | 4 8 41 145 206
48 39 3 32 0 | 4 8 10 145 179
48 39 3 32 6 | 4 8 10 145 180
48 39 3 32 48 | 4 9 11 146 181
48 39 3 38 0 | 4 10 41 145 205
48 39 3 38 36 | 4 10 43 146 206
48 39 3 38 42 | 4 11 42 146 206
48 39 3 38 48 | 4 11 43 146 206
48 39 6 10 0 | 4 8 38 143 207
48 39 6 10 6 | 4 8 35 143 210
48 39 6 10 12 | 4 8 36 143 210
48 39 6 10 48 | 4 9 40 144 209
48 39 6 16 0 | 4 8 10 143 182
48 39 6 16 42 | 4 9 11 144 183
48 39 6 16 48 | 4 9 11 144 184
48 39 6 22 36 | 4 8 40 144 213
48 39 16 0 12 | 4 8 44 147 209
48 39 16 0 38 | 4 9 45 148 209
48 39 16 6 0 | 4 8 12 147 173
48 39 16 6 32 | 4 8 9 148 192
48 39 16 6 48 | 4 9 13 149 174
48 39 16 12 26 | 4 8 39 148 222
48 39 16 12 36 | 4 8 40 149 222
48 39 16 38 10 | 4 10 42 150 221
48 39 16 38 16 | 4 10 11 150 191
48 39 16 38 22 | 4 10 42 150 222
48 39 16 48 12 | 4 10 50 151 213
48 39 16 48 38 | 4 11 51 152 213
48 39 22 0 32 | 4 8 13 148 184
48 39 22 0 42 | 4 9 13 149 183
48 39 22 32 10 | 4 8 14 150 187
48 39 22 32 16 | 4 8 14 150 188
48 39 22 42 6 | 4 10 14 151 185
48 39 22 42 38 | 4 11 15 152 185
48 39 22 48 32 | 4 10 15 152 188
48 39 22 48 42 | 4 11 15 153 187
48 39 28 26 10 | 4 8 60 150 221
48 39 28 36 0 | 4 10 56 151 221
48 39 28 36 38 | 4 11 57 152 222
48 39 28 36 48 | 4 11 58 153 222
48 39 29 12 0 | 4 8 53 154 218
48 39 29 12 10 | 4 8 53 155 219
48 39 29 12 48 | 4 9 55 156 220
48 39 29 22 38 | 4 9 57 157 220
48 39 35 0 6 | 4 12 44 154 215
48 39 35 0 16 | 4 12 13 155 175
48 39 35 6 10 | 4 12 44 155 217
48 39 35 6 42 | 4 13 46 156 217
48 39 35 16 32 | 4 12 13 157 181
48 39 35 16 38 | 4 13 15 157 176
48 39 35 48 6 | 4 14 50 158 219
48 39 35 48 16 | 4 14 15 159 179
48 39 41 0 10 | 4 12 53 155 215
48 39 41 0 36 | 4 12 55 156 216
48 39 41 10 26 | 4 12 55 157 217
48 39 41 10 32 | 4 12 13 157 190
48 39 41 10 38 | 4 13 55 157 217
48 39 41 36 12 | 4 12 59 158 220
48 39 41 36 22 | 4 12 60 159 220
48 39 41 42 0 | 4 14 56 158 218
48 39 41 42 16 | 4 14 15 159 189
48 39 41 42 48 | 4 15 58 160 220
48 39 41 48 10 | 4 14 59 159 219
48 39 41 48 36 | 4 14 61 160 220
48 41 0 10 10 | 4 8 62 123 203
48 41 0 10 22 | 4 8 62 123 204
48 41 0 20 12 | 4 8 63 124 204
48 41 0 20 38 | 4 9 64 125 204
48 41 0 32 26 | 4 10 64 125 204
48 41 0 32 36 | 4 10 65 126 204
48 41 7 16 12 | 4 8 63 127 206
48 41 7 16 22 | 4 8 64 128 206
48 41 7 28 10 | 4 10 64 128 205
48 41 7 28 36 | 4 10 65 129 206
48 41 7 38 26 | 4 10 66 130 206
48 41 7 38 38 | 4 11 66 130 206
48 41 10 10 12 | 4 8 62 127 210
48 41 10 10 28 | 4 9 62 128 210
48 41 10 22 16 | 4 8 63 128 213
48 41 10 22 36 | 4 8 65 129 213
48 41 10 38 20 | 4 10 63 130 213
48 41 10 38 32 | 4 10 65 130 213
48 41 13 10 12 | 4 8 62 127 217
48 41 13 10 16 | 4 8 62 128 217
48 41 13 16 0 | 4 8 10 127 214
48 41 13 16 10 | 4 8 10 128 215
48 41 13 16 48 | 4 9 11 129 216
48 41 13 22 4 | 4 8 63 128 218
48 41 13 22 36 | 4 8 65 129 220
48 41 13 26 32 | 4 8 65 130 220
48 41 13 26 38 | 4 9 11 130 217
48 41 13 26 44 | 4 9 65 130 220
48 41 16 4 12 | 4 8 67 127 209
48 41 16 4 22 | 4 8 68 128 209
48 41 16 10 0 | 4 8 12 127 203
48 41 16 10 16 | 4 8 9 128 221
48 41 16 10 48 | 4 9 13 129 204
48 41 16 16 10 | 4 8 64 128 221
48 41 16 16 36 | 4 8 65 129 222
48 41 16 26 26 | 4 8 66 130 222
48 41 16 26 32 | 4 8 11 130 222
48 41 16 26 38 | 4 9 66 130 222
48 41 20 12 10 | 4 8 64 131 221
48 41 20 12 16 | 4 8 63 131 222
48 41 20 12 26 | 4 8 64 132 222
48 41 20 12 32 | 4 8 65 132 222
48 41 20 22 22 | 4 8 66 133 222
48 41 20 22 38 | 4 9 66 134 222
48 41 20 28 10 | 4 10 64 133 221
48 41 20 28 32 | 4 10 65 134 222
48 41 20 38 22 | 4 10 66 135 222
48 41 20 38 38 | 4 11 66 136 222
48 41 20 44 16 | 4 10 73 135 213
48 41 20 44 26 | 4 10 74 136 213
48 41 23 12 4 | 4 8 67 131 218
48 41 23 12 10 | 4 8 67 131 219
48 41 23 12 20 | 4 8 67 132 220
48 41 23 12 26 | 4 8 68 132 220
48 41 23 16 22 | 4 8 68 133 220
48 41 23 16 44 | 4 9 69 134 220
48 41 23 22 10 | 4 8 70 133 219
48 41 23 22 38 | 4 9 71 134 220
48 41 23 32 28 | 4 8 75 135 220
48 41 23 32 38 | 4 9 74 136 220
48 41 23 38 22 | 4 10 71 135 220
48 41 23 38 26 | 4 10 71 136 220
48 41 26 0 16 | 4 8 12 131 209
48 41 26 0 38 | 4 9 13 132 208
48 41 26 16 22 | 4 8 13 133 212
48 41 26 16 32 | 4 8 13 134 213
48 41 26 38 10 | 4 10 14 135 210
48 41 26 38 26 | 4 10 15 136 210
48 41 26 48 16 | 4 10 14 137 213
48 41 26 48 38 | 4 11 15 138 212
48 41 29 0 10 | 4 8 12 131 215
48 41 29 0 32 | 4 8 13 132 216
48 41 29 10 22 | 4 8 13 133 217
48 41 29 10 38 | 4 9 13 134 217
48 41 29 32 16 | 4 8 14 135 220
48 41 29 32 26 | 4 8 15 136 219
48 41 29 48 10 | 4 10 14 137 219
48 41 29 48 32 | 4 10 15 138 220
48 41 32 10 22 | 4 8 76 133 222
48 41 32 10 26 | 4 8 76 134 222
48 41 32 16 10 | 4 8 78 133 221
48 41 32 16 20 | 4 8 77 134 222
48 41 32 26 10 | 4 8 80 135 221
48 41 32 26 38 | 4 9 80 136 222
48 41 32 32 4 | 4 10 77 135 221
48 41 32 32 26 | 4 10 78 136 222
48 41 32 36 22 | 4 10 78 137 222
48 41 32 36 28 | 4 10 79 137 222
48 41 32 36 38 | 4 11 78 138 222
48 41 32 36 44 | 4 11 79 138 222
48 41 35 4 22 | 4 12 68 133 216
48 41 35 4 32 | 4 12 69 134 216
48 41 35 10 10 | 4 12 67 133 217
48 41 35 10 26 | 4 12 69 134 217
48 41 35 20 16 | 4 12 67 135 220
48 41 35 20 38 | 4 13 68 136 220
48 41 35 26 10 | 4 12 70 135 219
48 41 35 26 26 | 4 12 71 136 220
48 41 35 36 16 | 4 12 73 137 220
48 41 35 36 22 | 4 12 74 137 220
48 41 35 36 32 | 4 12 75 138 220
48 41 35 36 38 | 4 13 74 138 220
48 41 39 22 10 | 4 12 70 139 219
48 41 39 22 16 | 4 12 14 139 206
48 41 39 22 22 | 4 12 71 139 220
48 41 39 32 12 | 4 12 73 140 220
48 41 39 32 38 | 4 13 74 141 220
48 41 39 38 0 | 4 14 70 140 218
48 41 39 38 32 | 4 14 15 141 206
48 41 39 38 48 | 4 15 72 142 220
48 41 39 44 26 | 4 14 74 141 220
48 41 39 44 36 | 4 14 75 142 220
48 41 42 22 4 | 4 12 73 139 221
48 41 42 22 10 | 4 12 14 139 210
48 41 42 22 16 | 4 12 73 139 222
48 41 42 26 12 | 4 12 73 140 222
48 41 42 26 44 | 4 13 75 141 222
48 41 42 32 0 | 4 12 14 140 211
48 41 42 32 38 | 4 13 15 141 212
48 41 42 32 48 | 4 13 15 142 213
48 41 42 38 32 | 4 14 75 141 222
48 41 42 38 36 | 4 14 75 142 222
48 41 45 10 16 | 4 12 76 139 217
48 41 45 10 28 | 4 13 76 139 217
48 41 45 26 12 | 4 12 77 140 220
48 41 45 26 32 | 4 12 79 141 220
48 41 45 38 20 | 4 14 77 141 220
48 41 45 38 36 | 4 14 79 142 220
48 41 48 10 10 | 4 12 76 139 221
48 41 48 10 22 | 4 12 76 139 222
48 41 48 20 12 | 4 12 77 140 222
48 41 48 20 38 | 4 13 78 141 222
48 41 48 32 26 | 4 14 78 141 222
48 41 48 32 36 | 4 14 79 142 222
48 42 9 4 0 | 4 8 35 143 227
48 42 9 4 6 | 4 8 36 143 227
48 42 9 4 12 | 4 8 35 143 228
48 42 9 4 48 | 4 9 37 144 228
48 42 9 10 0 | 4 8 38 143 227
48 42 9 10 42 | 4 9 39 144 228
48 42 9 10 48 | 4 9 40 144 228
48 42 9 16 36 | 4 8 37 144 230
48 42 13 0 12 | 4 8 35 147 228
48 42 13 0 44 | 4 9 37 148 228
48 42 13 6 0 | 4 8 38 147 227
48 42 13 6 38 | 4 9 39 148 228
48 42 13 6 48 | 4 9 40 149 228
48 42 13 12 32 | 4 8 37 148 230
48 42 13 12 36 | 4 8 37 149 230
48 42 13 44 4 | 4 10 41 150 229
48 42 13 44 10 | 4 10 42 150 229
48 42 13 44 16 | 4 10 41 150 230
48 42 13 48 12 | 4 10 41 151 230
48 42 13 48 44 | 4 11 43 152 230
48 42 19 0 38 | 4 9 13 148 193
48 42 19 0 42 | 4 9 13 149 193
48 42 19 38 4 | 4 10 14 150 194
48 42 19 38 10 | 4 10 14 150 195
48 42 19 42 6 | 4 10 14 151 195
48 42 19 42 44 | 4 11 15 152 196
48 42 19 48 38 | 4 11 15 152 197
48 42 19 48 42 | 4 11 15 153 197
48 42 25 32 4 | 4 8 59 150 229
48 42 25 36 0 | 4 8 59 151 229
48 42 25 36 44 | 4 9 61 152 230
48 42 25 36 48 | 4 9 61 153 230
48 42 29 12 0 | 4 8 53 154 229
48 42 29 12 4 | 4 8 53 155 229
48 42 29 12 48 | 4 9 55 156 230
48 42 29 16 44 | 4 9 55 157 230
48 42 35 0 6 | 4 12 45 154 227
48 42 35 0 10 | 4 12 45 155 227
48 42 35 6 4 | 4 12 47 155 227
48 42 35 6 42 | 4 13 48 156 228
48 42 35 10 38 | 4 13 48 157 228
48 42 35 10 44 | 4 13 49 157 228
48 42 35 48 6 | 4 14 51 158 229
48 42 35 48 10 | 4 14 51 159 229
48 42 41 0 4 | 4 12 53 155 227
48 42 41 0 36 | 4 12 55 156 228
48 42 41 4 32 | 4 12 55 157 228
48 42 41 4 38 | 4 13 54 157 228
48 42 41 4 44 | 4 13 55 157 228
48 42 41 36 12 | 4 12 59 158 230
48 42 41 36 16 | 4 12 59 159 230
48 42 41 42 0 | 4 14 56 158 229
48 42 41 42 10 | 4 14 57 159 229
48 42 41 42 48 | 4 15 58 160 230
48 42 41 48 4 | 4 14 59 159 229
48 42 41 48 36 | 4 14 61 160 230
48 42 45 32 12 | 4 12 59 163 230
48 42 45 38 0 | 4 14 56 163 229
48 42 45 38 6 | 4 14 57 163 229
48 42 45 38 48 | 4 15 58 164 230
48 42 45 44 0 | 4 14 59 163 229
48 42 45 44 36 | 4 14 61 164 230
48 42 45 44 42 | 4 15 60 164 230
48 42 45 44 48 | 4 15 61 164 230
48 45 0 10 6 | 4 8 62 143 203
48 45 0 10 18 | 4 8 62 143 204
48 45 0 16 12 | 4 8 63 143 204
48 45 0 16 42 | 4 9 64 144 204
48 45 0 28 30 | 4 10 64 144 204
48 45 0 28 36 | 4 10 65 144 204
48 45 3 20 12 | 4 8 63 145 206
48 45 3 20 18 | 4 8 64 145 206
48 45 3 32 6 | 4 10 64 145 205
48 45 3 32 36 | 4 10 65 146 206
48 45 3 38 30 | 4 10 66 146 206
48 45 3 38 42 | 4 11 66 146 206
48 45 9 14 12 | 4 8 62 145 217
48 45 9 20 0 | 4 8 10 145 214
48 45 9 20 6 | 4 8 10 145 215
48 45 9 20 48 | 4 9 11 146 216
48 45 9 26 0 | 4 8 63 145 218
48 45 9 26 36 | 4 8 65 146 220
48 45 9 26 42 | 4 9 11 146 217
48 45 9 26 48 | 4 9 65 146 220
48 45 10 6 12 | 4 8 62 147 210
48 45 10 6 32 | 4 9 62 148 210
48 45 10 18 20 | 4 8 62 152 210
48 45 10 18 36 | 4 9 62 153 210
48 45 10 38 16 | 4 10 63 150 213
48 45 10 38 28 | 4 10 65 150 213
48 45 16 0 12 | 4 8 67 147 209
48 45 16 0 26 | 4 8 68 148 209
48 45 16 6 0 | 4 8 12 147 203
48 45 16 6 20 | 4 8 9 148 221
48 45 16 6 48 | 4 9 13 149 204
48 45 16 12 14 | 4 8 64 148 221
48 45 16 12 20 | 4 8 63 148 222
48 45 16 12 30 | 4 8 64 149 222
48 45 16 12 36 | 4 8 65 149 222
48 45 16 26 22 | 4 8 66 150 222
48 45 16 26 28 | 4 8 11 150 222
48 45 16 26 34 | 4 9 66 150 222
48 45 16 32 10 | 4 10 64 150 221
48 45 16 32 28 | 4 10 65 150 222
48 45 16 42 18 | 4 10 66 151 222
48 45 16 42 38 | 4 11 66 152 222
48 45 16 48 12 | 4 10 73 151 213
48 45 16 48 26 | 4 10 74 152 213
48 45 22 0 20 | 4 8 12 148 209
48 45 22 0 42 | 4 9 13 149 208
48 45 22 20 22 | 4 8 13 150 212
48 45 22 20 28 | 4 8 13 150 213
48 45 22 42 6 | 4 10 14 151 210
48 45 22 42 26 | 4 10 15 152 210
48 45 22 48 20 | 4 10 14 152 213
48 45 22 48 42 | 4 11 15 153 212
48 45 23 12 0 | 4 8 67 154 218
48 45 23 12 6 | 4 8 67 154 219
48 45 23 12 16 | 4 8 67 155 220
48 45 23 12 22 | 4 8 68 155 220
48 45 23 12 48 | 4 9 69 156 220
48 45 23 18 10 | 4 8 67 159 217
48 45 23 18 42 | 4 9 69 160 217
48 45 23 28 32 | 4 8 75 157 220
48 45 23 28 38 | 4 9 74 157 220
48 45 23 34 26 | 4 10 71 157 220
48 45 28 14 22 | 4 8 76 150 222
48 45 28 20 10 | 4 8 78 150 221
48 45 28 20 16 | 4 8 77 150 222
48 45 28 30 6 | 4 8 80 151 221
48 45 28 30 38 | 4 9 80 152 222
48 45 28 36 0 | 4 10 77 151 221
48 45 28 36 26 | 4 10 78 152 222
48 45 28 36 32 | 4 10 79 152 222
48 45 28 36 42 | 4 11 78 153 222
48 45 28 36 48 | 4 11 79 153 222
48 45 29 0 6 | 4 8 12 154 215
48 45 29 0 28 | 4 8 13 155 216
48 45 29 6 22 | 4 8 13 155 217
48 45 29 6 42 | 4 9 13 156 217
48 45 29 28 20 | 4 8 14 157 220
48 45 29 28 26 | 4 8 15 157 219
48 45 29 48 6 | 4 10 14 158 219
48 45 29 48 28 | 4 10 15 159 220
48 45 35 0 22 | 4 12 68 155 216
48 45 35 0 36 | 4 12 69 156 216
48 45 35 6 10 | 4 12 67 155 217
48 45 35 6 30 | 4 12 69 156 217
48 45 35 16 20 | 4 12 67 157 220
48 45 35 16 38 | 4 13 68 157 220
48 45 35 22 14 | 4 12 70 157 219
48 45 35 22 20 | 4 12 14 157 206
48 45 35 22 26 | 4 12 71 157 220
48 45 35 36 12 | 4 12 73 158 220
48 45 35 36 18 | 4 12 73 160 219
48 45 35 36 28 | 4 12 75 159 220
48 45 35 36 34 | 4 13 74 159 220
48 45 35 42 0 | 4 14 70 158 218
48 45 35 42 28 | 4 14 15 159 206
48 45 35 42 48 | 4 15 72 160 220
48 45 35 48 22 | 4 14 74 159 220
48 45 35 48 36 | 4 14 75 160 220
48 45 41 10 20 | 4 12 76 157 217
48 45 41 10 32 | 4 13 76 157 217
48 45 41 30 12 | 4 12 77 158 220
48 45 41 30 28 | 4 12 79 159 220
48 45 41 42 16 | 4 14 77 159 220
48 45 41 42 36 | 4 14 79 160 220
48 45 42 22 0 | 4 12 73 161 221
48 45 42 22 6 | 4 12 14 161 210
48 45 42 22 12 | 4 12 73 161 222
48 45 42 22 48 | 4 13 75 162 222
48 45 42 28 0 | 4 12 14 161 211
48 45 42 28 42 | 4 13 15 162 212
48 45 42 28 48 | 4 13 15 162 213
48 45 42 34 36 | 4 14 75 162 222
48 45 48 10 6 | 4 12 76 161 221
48 45 48 10 18 | 4 12 76 161 222
48 45 48 16 12 | 4 12 77 161 222
48 45 48 16 42 | 4 13 78 162 222
48 45 48 28 30 | 4 14 78 162 222
48 45 48 28 36 | 4 14 79 162 222
48 48 3 4 6 | 4 8 62 143 223
48 48 3 4 18 | 4 8 62 143 224
48 48 3 10 12 | 4 8 63 143 224
48 48 3 10 42 | 4 9 64 144 224
48 48 3 22 30 | 4 8 64 144 226
48 48 3 22 36 | 4 8 65 144 226
48 48 7 6 12 | 4 8 63 147 224
48 48 7 6 38 | 4 9 64 148 224
48 48 7 18 26 | 4 8 64 148 226
48 48 7 18 36 | 4 8 65 149 226
48 48 7 44 10 | 4 10 66 150 225
48 48 7 44 22 | 4 10 66 150 226
48 48 13 12 26 | 4 8 62 148 230
48 48 13 12 30 | 4 8 62 149 230
48 48 13 38 4 | 4 10 63 150 229
48 48 13 38 22 | 4 10 64 150 230
48 48 13 42 18 | 4 10 64 151 230
48 48 13 42 44 | 4 11 65 152 230
48 48 23 12 6 | 4 8 68 154 229
48 48 23 12 10 | 4 8 68 155 229
48 48 23 18 4 | 4 8 70 155 229
48 48 23 18 42 | 4 9 71 156 230
48 48 23 22 38 | 4 9 71 157 230
48 48 23 22 44 | 4 9 72 157 230
48 48 25 26 4 | 4 8 77 150 229
48 48 25 26 10 | 4 8 78 150 229
48 48 25 30 6 | 4 8 78 151 229
48 48 25 30 44 | 4 9 79 152 230
48 48 25 36 38 | 4 9 80 152 230
48 48 25 36 42 | 4 9 80 153 230
48 48 35 6 4 | 4 12 70 155 227
48 48 35 6 30 | 4 12 71 156 228
48 48 35 10 26 | 4 12 71 157 228
48 48 35 10 44 | 4 13 72 157 228
48 48 35 36 18 | 4 12 74 158 230
48 48 35 36 22 | 4 12 74 159 230
48 48 41 4 26 | 4 12 76 157 228
48 48 41 4 38 | 4 13 76 157 228
48 48 41 30 12 | 4 12 77 158 230
48 48 41 30 22 | 4 12 78 159 230
48 48 41 42 10 | 4 14 78 159 229
48 48 41 42 36 | 4 14 79 160 230
48 48 45 26 12 | 4 12 77 163 230
48 48 45 26 18 | 4 12 78 163 230
48 48 45 38 6 | 4 14 78 163 229
48 48 45 38 36 | 4 14 79 164 230
48 48 45 44 30 | 4 14 80 164 230
48 48 45 44 42 | 4 15 80 164 230
60 3 6 20 12 | 5 0 1 2 83 182
60 3 6 20 18 | 5 0 1 2 83 183
60 3 6 32 6 | 5 0 2 16 83 186
60 3 6 32 48 | 5 0 1 3 84 188
60 3 6 38 42 | 5 0 3 18 84 188
60 3 6 38 54 | 5 1 3 18 84 188
60 3 13 6 12 | 5 0 1 24 85 175
60 3 13 6 32 | 5 0 17 23 86 177
60 3 13 18 20 | 5 0 1 2 86 189
60 3 13 18 48 | 5 0 1 3 87 190
60 3 13 38 28 | 5 0 2 3 88 190
60 3 13 38 40 | 5 0 3 26 88 181
60 3 19 12 20 | 5 0 1 4 86 179
60 3 19 12 42 | 5 0 1 5 87 180
60 3 19 32 22 | 5 0 1 6 88 180
60 3 19 32 40 | 5 0 1 7 88 181
60 3 19 54 18 | 5 2 3 6 89 178
60 3 19 54 38 | 5 2 3 7 90 178
60 3 26 12 6 | 5 0 2 4 92 183
60 3 26 12 28 | 5 0 1 4 93 188
60 3 26 18 22 | 5 0 1 4 97 185
60 3 26 18 54 | 5 1 3 5 94 185
60 3 26 40 32 | 5 0 2 7 95 188
60 3 26 40 38 | 5 0 3 7 95 187
60 3 31 20 22 | 5 0 4 5 88 180
60 3 31 20 28 | 5 0 4 5 88 181
60 3 31 42 6 | 5 0 6 28 89 189
60 3 31 42 38 | 5 0 7 28 90 190
60 3 31 48 32 | 5 0 6 7 90 181
60 3 31 48 54 | 5 1 7 34 91 181
60 3 38 6 22 | 5 0 4 5 93 185
60 3 38 6 42 | 5 0 5 22 94 192
60 3 38 28 20 | 5 0 4 6 95 188
60 3 38 28 38 | 5 0 5 7 95 187
60 3 38 48 18 | 5 0 6 7 96 187
60 3 38 48 40 | 5 1 6 7 97 188
60 3 44 22 20 | 5 0 4 6 95 192
60 3 44 22 32 | 5 0 4 7 95 192
60 3 44 42 12 | 5 0 6 7 96 191
60 3 44 42 40 | 5 1 6 7 97 192
60 3 44 54 28 | 5 2 6 7 97 192
60 3 44 54 48 | 5 3 6 7 98 192
60 3 51 22 6 | 5 4 6 22 99 189
60 3 51 22 18 | 5 4 5 6 99 178
60 3 51 28 12 | 5 4 5 6 99 179
60 3 51 28 54 | 5 7 22 33 100 190
60 3 51 40 42 | 5 4 7 34 100 181
60 3 51 40 48 | 5 4 7 100 172 188
60 6 3 4 6 | 5 0 16 35 81 165
60 6 3 4 18 | 5 0 1 36 81 165
60 6 3 10 12 | 5 0 1 38 81 165
60 6 3 10 54 | 5 1 16 40 82 166
60 6 3 22 42 | 5 0 1 3 82 195
60 6 3 22 48 | 5 0 1 3 82 196
60 6 7 6 12 | 5 0 1 38 85 165
60 6 7 6 50 | 5 1 16 40 86 166
60 6 7 18 38 | 5 0 1 3 86 195
60 6 7 18 48 | 5 0 1 3 87 196
60 6 7 56 10 | 5 2 20 41 88 167
60 6 7 56 22 | 5 2 3 42 88 167
60 6 13 12 38 | 5 0 1 3 86 198
60 6 13 12 42 | 5 0 1 3 87 198
60 6 13 50 4 | 5 2 17 41 88 171
60 6 13 50 22 | 5 2 3 17 88 202
60 6 13 54 18 | 5 2 3 17 89 202
60 6 13 54 56 | 5 3 19 43 90 172
60 6 25 38 4 | 5 0 2 6 88 199
60 6 25 38 10 | 5 0 2 6 88 200
60 6 25 42 6 | 5 0 2 6 89 200
60 6 25 42 56 | 5 1 3 7 90 201
60 6 25 48 50 | 5 1 3 7 90 202
60 6 25 48 54 | 5 1 3 7 91 202
60 6 29 12 6 | 5 0 2 4 92 198
60 6 29 12 10 | 5 0 2 4 93 198
60 6 29 18 4 | 5 0 2 4 93 199
60 6 29 18 54 | 5 1 3 5 94 200
60 6 29 22 50 | 5 1 3 5 95 200
60 6 29 22 56 | 5 1 3 5 95 201
60 6 41 6 4 | 5 0 4 56 93 169
60 6 41 6 42 | 5 0 5 30 94 201
60 6 41 10 38 | 5 0 5 30 95 201
60 6 41 10 56 | 5 1 5 58 95 170
60 6 41 48 18 | 5 0 6 7 96 202
60 6 41 48 22 | 5 0 6 7 97 202
60 6 47 4 38 | 5 4 5 23 95 198
60 6 47 4 50 | 5 5 22 55 95 170
60 6 47 42 12 | 5 4 6 7 96 194
60 6 47 42 22 | 5 4 6 7 97 195
60 6 47 54 10 | 5 6 24 60 97 171
60 6 47 54 48 | 5 6 7 29 98 201
60 6 51 38 12 | 5 4 6 7 101 194
60 6 51 38 18 | 5 4 6 7 101 195
60 6 51 50 6 | 5 6 24 60 101 171
60 6 51 50 48 | 5 6 7 29 102 201
60 6 51 56 42 | 5 6 7 29 102 202
60 6 51 56 54 | 5 7 28 61 102 172
60 7 6 16 12 | 5 0 1 2 103 182
60 7 6 16 22 | 5 0 1 2 104 183
60 7 6 28 10 | 5 0 2 16 104 186
60 7 6 28 48 | 5 0 1 3 105 188
60 7 6 38 38 | 5 0 3 18 106 188
60 7 6 38 50 | 5 1 3 18 106 188
60 7 9 10 12 | 5 0 1 24 103 175
60 7 9 10 28 | 5 0 17 23 104 177
60 7 9 22 16 | 5 0 1 2 104 189
60 7 9 22 48 | 5 0 1 3 105 190
60 7 9 38 32 | 5 0 2 3 106 190
60 7 9 38 44 | 5 0 3 26 106 181
60 7 19 12 16 | 5 0 1 4 107 179
60 7 19 12 38 | 5 0 1 5 108 180
60 7 19 28 22 | 5 0 1 6 109 180
60 7 19 28 44 | 5 0 1 7 110 181
60 7 19 50 22 | 5 2 3 6 111 178
60 7 19 50 38 | 5 2 3 7 112 178
60 7 22 12 10 | 5 0 2 4 107 183
60 7 22 12 32 | 5 0 1 4 108 188
60 7 22 22 22 | 5 0 1 6 109 185
60 7 22 22 50 | 5 1 3 5 110 185
60 7 22 44 28 | 5 0 2 7 111 188
60 7 22 44 38 | 5 0 3 7 112 187
60 7 31 16 22 | 5 0 4 5 109 180
60 7 31 16 32 | 5 0 4 5 110 181
60 7 31 38 10 | 5 0 6 28 111 189
60 7 31 38 38 | 5 0 7 28 112 190
60 7 31 48 28 | 5 0 6 7 113 181
60 7 31 48 50 | 5 1 7 34 114 181
60 7 34 10 22 | 5 0 4 5 109 185
60 7 34 10 38 | 5 0 5 22 110 192
60 7 34 32 16 | 5 0 4 6 111 188
60 7 34 32 38 | 5 0 5 7 112 187
60 7 34 48 22 | 5 0 6 7 113 187
60 7 34 48 44 | 5 1 6 7 114 188
60 7 44 22 16 | 5 0 4 6 115 192
60 7 44 22 28 | 5 0 4 7 115 192
60 7 44 38 12 | 5 0 6 7 116 191
60 7 44 38 44 | 5 0 7 98 122 192
60 7 44 50 32 | 5 2 6 7 117 192
60 7 44 50 48 | 5 3 6 7 118 192
60 7 47 22 10 | 5 4 6 22 115 189
60 7 47 22 22 | 5 4 5 6 115 178
60 7 47 32 12 | 5 4 5 6 116 179
60 7 47 32 50 | 5 7 22 33 117 190
60 7 47 44 38 | 5 4 7 34 117 181
60 7 47 44 48 | 5 4 7 118 172 188
60 9 7 6 12 | 5 0 1 38 85 175
60 9 7 6 44 | 5 0 1 40 86 177
60 9 7 18 32 | 5 0 1 2 86 206
60 9 7 18 48 | 5 0 1 3 87 206
60 9 7 50 16 | 5 2 3 38 88 179
60 9 7 50 28 | 5 2 17 43 88 181
60 9 13 12 32 | 5 0 1 2 86 216
60 9 13 12 42 | 5 0 1 3 87 215
60 9 13 44 10 | 5 0 2 20 88 218
60 9 13 44 28 | 5 0 2 3 88 220
60 9 13 54 18 | 5 2 3 17 89 219
60 9 13 54 50 | 5 3 18 52 90 181
60 9 25 32 10 | 5 0 2 4 88 219
60 9 25 32 16 | 5 0 1 6 88 218
60 9 25 42 6 | 5 0 2 6 89 217
60 9 25 42 50 | 5 1 3 7 90 217
60 9 25 48 44 | 5 0 3 7 90 220
60 9 25 48 54 | 5 1 3 7 91 219
60 9 26 12 6 | 5 0 2 4 92 208
60 9 26 12 16 | 5 0 1 4 93 211
60 9 26 18 10 | 5 0 2 4 93 210
60 9 26 18 54 | 5 1 3 5 94 210
60 9 26 28 44 | 5 0 1 7 95 213
60 9 26 28 50 | 5 1 3 5 95 212
60 9 38 6 10 | 5 0 4 22 93 221
60 9 38 6 42 | 5 0 5 22 94 222
60 9 38 16 32 | 5 0 4 5 95 213
60 9 38 16 50 | 5 1 5 7 95 208
60 9 38 48 18 | 5 0 6 7 96 212
60 9 38 48 28 | 5 0 6 7 97 213
60 9 44 10 32 | 5 0 4 5 95 222
60 9 44 10 44 | 5 0 5 55 95 192
60 9 44 42 12 | 5 0 6 7 96 221
60 9 44 42 28 | 5 0 6 7 97 222
60 9 44 54 16 | 5 2 6 7 97 221
60 9 44 54 48 | 5 2 7 61 98 192
60 9 54 32 12 | 5 4 5 6 101 211
60 9 54 32 18 | 5 4 5 6 101 212
60 9 54 44 6 | 5 4 6 34 101 211
60 9 54 44 48 | 5 4 7 61 102 188
60 9 54 50 42 | 5 6 7 28 102 222
60 9 54 50 54 | 5 7 28 61 102 192
60 9 57 10 6 | 5 4 30 31 99 214
60 9 57 10 18 | 5 4 5 31 99 215
60 9 57 16 12 | 5 4 5 6 99 214
60 9 57 16 54 | 5 5 7 30 100 216
60 9 57 28 42 | 5 4 5 7 100 219
60 9 57 28 48 | 5 4 5 7 100 220
60 13 3 10 12 | 5 0 1 38 103 175
60 13 3 10 40 | 5 0 1 40 104 177
60 13 3 22 28 | 5 0 1 2 104 206
60 13 3 22 48 | 5 0 1 3 105 206
60 13 3 50 20 | 5 2 3 38 106 179
60 13 3 50 32 | 5 2 17 43 106 181
60 13 6 10 18 | 5 0 1 17 103 208
60 13 6 10 22 | 5 0 1 17 104 208
60 13 6 28 4 | 5 2 17 21 104 203
60 13 6 28 42 | 5 0 1 3 105 212
60 13 6 32 38 | 5 0 1 3 106 212
60 13 6 32 56 | 5 3 19 23 106 204
60 13 9 4 18 | 5 0 1 16 103 214
60 13 9 4 28 | 5 0 1 16 104 215
60 13 9 22 10 | 5 0 2 17 104 215
60 13 9 22 42 | 5 0 1 3 105 217
60 13 9 32 32 | 5 0 1 2 106 220
60 13 9 32 50 | 5 1 3 16 106 220
60 13 13 12 28 | 5 0 1 2 107 216
60 13 13 12 38 | 5 0 1 3 108 215
60 13 13 18 10 | 5 0 2 17 107 215
60 13 13 18 38 | 5 0 1 3 108 217
60 13 13 28 28 | 5 0 1 2 109 220
60 13 13 28 50 | 5 1 3 16 110 220
60 13 13 40 10 | 5 0 2 20 109 218
60 13 13 40 32 | 5 0 2 3 110 220
60 13 13 50 22 | 5 2 3 17 111 219
60 13 13 50 50 | 5 3 18 52 112 181
60 13 13 56 22 | 5 2 3 20 111 218
60 13 13 56 32 | 5 2 3 20 112 219
60 13 16 18 4 | 5 0 2 4 107 203
60 13 16 18 32 | 5 0 1 2 108 222
60 13 16 22 28 | 5 0 1 2 109 222
60 13 16 22 56 | 5 1 3 5 110 204
60 13 16 50 28 | 5 2 3 6 111 204
60 13 16 50 32 | 5 2 3 6 112 204
60 13 22 12 10 | 5 0 2 4 107 208
60 13 22 12 20 | 5 0 1 4 108 211
60 13 22 22 10 | 5 0 2 4 109 210
60 13 22 22 50 | 5 1 3 5 110 210
60 13 22 32 40 | 5 0 1 7 111 213
60 13 22 32 50 | 5 1 3 5 112 212
60 13 25 28 10 | 5 0 2 4 109 219
60 13 25 28 20 | 5 0 1 6 110 218
60 13 25 38 10 | 5 0 2 6 111 217
60 13 25 38 50 | 5 1 3 7 112 217
60 13 25 48 40 | 5 0 3 7 113 220
60 13 25 48 50 | 5 1 3 7 114 219
60 13 31 10 28 | 5 0 4 5 109 206
60 13 31 10 32 | 5 0 4 5 110 206
60 13 31 38 4 | 5 0 6 24 111 218
60 13 31 38 32 | 5 0 6 7 112 206
60 13 31 42 28 | 5 0 6 7 113 206
60 13 31 42 56 | 5 1 7 26 114 220
60 13 34 4 28 | 5 0 4 5 109 209
60 13 34 4 38 | 5 0 5 30 110 209
60 13 34 10 10 | 5 0 4 22 109 221
60 13 34 10 38 | 5 0 5 22 110 222
60 13 34 20 28 | 5 0 4 5 111 213
60 13 34 20 50 | 5 1 5 7 112 208
60 13 34 32 10 | 5 0 4 6 111 212
60 13 34 32 32 | 5 0 4 7 112 213
60 13 34 42 22 | 5 0 6 7 113 210
60 13 34 42 50 | 5 1 7 28 114 222
60 13 34 48 22 | 5 0 6 7 113 212
60 13 34 48 32 | 5 0 6 7 114 213
60 13 38 28 10 | 5 0 4 6 115 212
60 13 38 28 28 | 5 0 4 7 115 213
60 13 38 38 18 | 5 0 6 7 116 210
60 13 38 38 50 | 5 1 7 28 117 222
60 13 38 56 32 | 5 2 6 7 117 213
60 13 38 56 42 | 5 2 7 34 118 213
60 13 41 28 4 | 5 0 4 6 115 218
60 13 41 28 22 | 5 0 4 7 115 219
60 13 41 32 18 | 5 0 4 6 118 219
60 13 41 32 56 | 5 1 5 7 117 220
60 13 41 50 38 | 5 2 7 32 117 220
60 13 41 50 42 | 5 2 7 32 118 220
60 13 44 10 28 | 5 0 4 5 115 222
60 13 44 10 40 | 5 0 5 55 115 192
60 13 44 38 12 | 5 0 6 7 116 221
60 13 44 38 32 | 5 0 6 7 117 222
60 13 44 50 20 | 5 2 6 7 117 221
60 13 44 50 48 | 5 2 7 61 118 192
60 13 53 10 10 | 5 4 30 31 115 214
60 13 53 10 22 | 5 4 5 31 115 215
60 13 53 20 12 | 5 4 5 6 116 214
60 13 53 20 50 | 5 5 7 30 117 216
60 13 53 32 38 | 5 4 5 7 117 219
60 13 53 32 48 | 5 4 5 7 118 220
60 13 54 28 12 | 5 4 5 6 119 211
60 13 54 28 22 | 5 4 5 6 120 212
60 13 54 40 10 | 5 4 6 34 120 211
60 13 54 40 48 | 5 4 7 61 121 188
60 13 54 50 38 | 5 6 7 28 122 222
60 13 54 50 50 | 5 7 28 61 122 192
60 16 13 12 28 | 5 0 1 2 107 228
60 16 13 12 32 | 5 0 1 2 108 228
60 16 13 40 4 | 5 0 2 10 109 171
60 16 13 40 32 | 5 0 2 3 110 230
60 16 13 44 28 | 5 0 2 3 111 230
60 16 13 44 56 | 5 1 3 11 112 172
60 16 19 12 16 | 5 0 1 4 107 225
60 16 19 12 20 | 5 0 1 4 108 225
60 16 19 28 4 | 5 0 2 4 109 225
60 16 19 28 44 | 5 0 1 7 110 226
60 16 19 32 40 | 5 0 1 7 111 226
60 16 19 32 56 | 5 1 3 5 112 226
60 16 25 28 4 | 5 0 2 4 109 229
60 16 25 28 20 | 5 0 1 6 110 229
60 16 25 32 16 | 5 0 1 6 111 229
60 16 25 32 56 | 5 1 3 5 112 230
60 16 25 48 40 | 5 0 3 7 113 230
60 16 25 48 44 | 5 0 3 7 114 230
60 16 31 16 4 | 5 0 4 6 109 223
60 16 31 16 32 | 5 0 4 5 110 226
60 16 31 20 28 | 5 0 4 5 111 226
60 16 31 20 56 | 5 1 5 7 112 224
60 16 31 48 28 | 5 0 6 7 113 226
60 16 31 48 32 | 5 0 6 7 114 226
60 16 47 4 28 | 5 4 5 12 115 166
60 16 47 4 40 | 5 4 5 13 115 166
60 16 47 32 12 | 5 4 5 6 116 225
60 16 47 32 32 | 5 4 5 6 117 226
60 16 47 44 20 | 5 4 6 7 117 225
60 16 47 44 48 | 5 4 7 15 118 168
60 16 51 28 12 | 5 4 5 6 119 225
60 16 51 28 28 | 5 4 5 6 120 226
60 16 51 40 16 | 5 4 6 7 120 225
60 16 51 40 48 | 5 4 7 15 121 168
60 16 51 56 32 | 5 6 7 14 122 168
60 16 51 56 44 | 5 6 7 15 122 168
60 16 53 4 16 | 5 4 5 12 115 169
60 16 53 4 28 | 5 4 5 12 115 170
60 16 53 20 12 | 5 4 5 6 116 227
60 16 53 20 44 | 5 4 5 7 117 228
60 16 53 32 32 | 5 4 5 6 117 230
60 16 53 32 48 | 5 4 5 7 118 230
60 16 57 16 12 | 5 4 5 6 119 227
60 16 57 16 40 | 5 4 5 7 120 228
60 16 57 28 28 | 5 4 5 6 120 230
60 16 57 28 48 | 5 4 5 7 121 230
60 16 57 56 20 | 5 6 7 14 122 171
60 16 57 56 32 | 5 6 7 14 122 172
60 19 3 4 18 | 5 0 1 8 103 176
60 19 3 4 40 | 5 0 1 9 104 177
60 19 3 22 22 | 5 0 1 10 104 178
60 19 3 22 42 | 5 0 1 11 105 178
60 19 3 44 20 | 5 0 2 10 106 181
60 19 3 44 38 | 5 0 3 11 106 180
60 19 7 18 22 | 5 0 1 8 113 178
60 19 7 18 38 | 5 0 1 9 114 178
60 19 7 40 16 | 5 0 2 10 109 181
60 19 7 40 38 | 5 0 3 11 110 180
60 19 7 56 22 | 5 2 3 10 111 180
60 19 7 56 44 | 5 2 3 11 112 181
60 19 16 18 4 | 5 0 2 8 107 191
60 19 16 18 20 | 5 0 1 8 114 191
60 19 16 22 16 | 5 0 1 10 109 191
60 19 16 22 56 | 5 1 3 9 110 192
60 19 16 38 40 | 5 0 3 11 111 192
60 19 16 38 44 | 5 0 3 11 112 192
60 19 25 22 16 | 5 0 1 14 109 189
60 19 25 22 20 | 5 0 1 14 110 189
60 19 25 38 4 | 5 0 2 14 111 189
60 19 25 38 44 | 5 0 3 15 112 190
60 19 25 42 40 | 5 0 3 15 113 190
60 19 25 42 56 | 5 1 3 15 114 190
60 19 34 4 16 | 5 0 4 12 109 184
60 19 34 4 38 | 5 0 5 13 110 183
60 19 34 20 22 | 5 0 4 13 111 187
60 19 34 20 44 | 5 0 5 13 112 188
60 19 34 42 22 | 5 0 6 15 113 185
60 19 34 42 38 | 5 0 7 15 114 185
60 19 38 16 22 | 5 0 4 13 115 187
60 19 38 16 40 | 5 0 5 13 115 188
60 19 38 38 18 | 5 0 6 14 118 185
60 19 38 38 38 | 5 0 7 15 117 185
60 19 38 56 20 | 5 2 6 14 117 188
60 19 38 56 42 | 5 2 7 15 118 187
60 19 47 16 4 | 5 4 6 12 115 175
60 19 47 16 22 | 5 4 5 12 115 180
60 19 47 20 18 | 5 4 5 12 116 180
60 19 47 20 56 | 5 5 7 13 117 177
60 19 47 38 38 | 5 4 7 15 117 178
60 19 47 38 42 | 5 4 7 15 118 178
60 19 54 22 18 | 5 4 5 14 119 185
60 19 54 22 22 | 5 4 5 14 120 185
60 19 54 40 4 | 5 4 6 14 120 186
60 19 54 40 42 | 5 4 7 15 121 187
60 19 54 44 38 | 5 4 7 15 122 187
60 19 54 44 56 | 5 5 7 15 122 188
60 22 7 18 22 | 5 0 1 8 113 195
60 22 7 18 32 | 5 0 1 8 114 196
60 22 7 40 10 | 5 0 2 10 109 197
60 22 7 40 38 | 5 0 3 11 110 197
60 22 7 50 28 | 5 2 3 10 111 196
60 22 7 50 50 | 5 3 11 19 112 197
60 22 13 18 10 | 5 0 2 8 107 200
60 22 13 18 20 | 5 0 1 8 114 199
60 22 13 28 10 | 5 0 2 8 109 202
60 22 13 28 50 | 5 1 3 9 110 202
60 22 13 38 40 | 5 0 3 11 111 201
60 22 13 38 50 | 5 1 3 11 112 200
60 22 25 22 10 | 5 0 2 12 109 200
60 22 25 22 20 | 5 0 1 14 110 199
60 22 25 32 10 | 5 0 2 12 111 202
60 22 25 32 50 | 5 1 3 13 112 202
60 22 25 42 40 | 5 0 3 15 113 201
60 22 25 42 50 | 5 1 3 15 114 200
60 22 31 10 10 | 5 0 4 12 109 195
60 22 31 10 32 | 5 0 4 13 110 196
60 22 31 20 22 | 5 0 4 13 111 197
60 22 31 20 50 | 5 1 5 13 112 197
60 22 31 42 28 | 5 0 6 15 113 196
60 22 31 42 38 | 5 0 7 15 114 195
60 22 41 10 22 | 5 0 4 13 115 200
60 22 41 10 40 | 5 0 5 13 115 201
60 22 41 32 18 | 5 0 4 14 118 202
60 22 41 32 38 | 5 0 5 15 117 202
60 22 41 50 20 | 5 2 6 14 117 201
60 22 41 50 42 | 5 2 7 15 118 200
60 22 47 10 10 | 5 4 12 21 115 200
60 22 47 10 28 | 5 4 5 12 115 196
60 22 47 20 18 | 5 4 5 12 116 197
60 22 47 20 50 | 5 5 7 13 117 193
60 22 47 38 32 | 5 4 6 15 117 196
60 22 47 38 42 | 5 4 7 15 118 195
60 22 51 22 18 | 5 4 5 14 119 195
60 22 51 22 28 | 5 4 5 14 120 196
60 22 51 40 10 | 5 4 6 14 120 197
60 22 51 40 42 | 5 4 7 15 121 197
60 22 51 50 32 | 5 6 7 14 122 196
60 22 51 50 50 | 5 7 15 26 122 202
60 22 57 10 18 | 5 4 5 12 119 200
60 22 57 10 40 | 5 4 5 13 120 201
60 22 57 28 22 | 5 4 5 14 120 202
60 22 57 28 42 | 5 4 5 15 121 202
60 22 57 50 20 | 5 6 7 14 122 199
60 22 57 50 38 | 5 6 7 15 122 200
60 25 6 10 6 | 5 0 8 17 103 208
60 25 6 10 10 | 5 0 8 17 104 208
60 25 6 16 4 | 5 0 2 8 104 207
60 25 6 16 54 | 5 1 3 9 105 208
60 25 6 20 50 | 5 1 3 9 106 208
60 25 6 20 56 | 5 1 3 9 106 209
60 25 9 4 6 | 5 0 8 16 103 214
60 25 9 4 16 | 5 0 1 8 104 214
60 25 9 10 10 | 5 0 8 17 104 215
60 25 9 10 54 | 5 1 9 18 105 216
60 25 9 20 44 | 5 0 1 9 106 220
60 25 9 20 50 | 5 1 3 9 106 215
60 25 13 6 10 | 5 0 8 17 107 215
60 25 13 6 50 | 5 1 9 18 108 216
60 25 13 16 40 | 5 0 1 9 109 220
60 25 13 16 50 | 5 1 3 9 110 215
60 25 13 56 10 | 5 2 10 20 111 218
60 25 13 56 20 | 5 2 3 10 112 218
60 25 16 6 4 | 5 0 4 8 107 203
60 25 16 6 44 | 5 0 1 9 108 222
60 25 16 10 40 | 5 0 1 9 109 222
60 25 16 10 56 | 5 1 5 9 110 204
60 25 16 50 16 | 5 2 3 10 111 221
60 25 16 50 20 | 5 2 3 10 112 221
60 25 19 10 40 | 5 0 1 13 109 206
60 25 19 10 44 | 5 0 1 13 110 206
60 25 19 50 4 | 5 2 6 10 111 205
60 25 19 50 20 | 5 2 3 14 112 205
60 25 19 54 16 | 5 2 3 14 113 205
60 25 19 54 56 | 5 3 7 11 114 206
60 25 22 4 40 | 5 0 1 13 109 209
60 25 22 4 50 | 5 1 5 9 110 208
60 25 22 44 10 | 5 0 2 14 111 212
60 25 22 44 20 | 5 0 2 14 112 213
60 25 22 54 10 | 5 2 6 10 113 210
60 25 22 54 50 | 5 3 7 11 114 210
60 25 26 40 10 | 5 0 2 14 115 212
60 25 26 40 16 | 5 0 2 14 115 213
60 25 26 50 6 | 5 2 6 10 116 210
60 25 26 50 50 | 5 3 7 11 117 210
60 25 26 56 44 | 5 2 3 15 117 213
60 25 26 56 54 | 5 3 7 11 118 212
60 25 29 40 4 | 5 0 2 14 115 218
60 25 29 40 10 | 5 0 2 14 115 219
60 25 29 44 6 | 5 0 2 14 116 219
60 25 29 44 56 | 5 1 3 15 117 220
60 25 29 50 50 | 5 3 7 11 117 217
60 25 29 50 54 | 5 3 7 11 118 217
60 26 3 22 22 | 5 0 1 10 123 195
60 26 3 22 28 | 5 0 1 10 123 196
60 26 3 44 6 | 5 0 2 10 124 197
60 26 3 44 38 | 5 0 3 11 125 197
60 26 3 50 32 | 5 2 3 10 125 196
60 26 3 50 54 | 5 3 11 19 126 197
60 26 9 22 10 | 5 0 2 8 123 200
60 26 9 22 16 | 5 0 1 10 123 199
60 26 9 32 6 | 5 0 2 8 124 202
60 26 9 32 50 | 5 1 3 9 125 202
60 26 9 38 44 | 5 0 3 11 125 201
60 26 9 38 54 | 5 1 3 11 126 200
60 26 25 22 6 | 5 0 2 12 127 200
60 26 25 22 16 | 5 0 1 14 128 199
60 26 25 28 10 | 5 0 2 12 128 202
60 26 25 28 54 | 5 1 3 13 129 202
60 26 25 38 44 | 5 0 3 15 130 201
60 26 25 38 50 | 5 1 3 15 130 200
60 26 31 10 6 | 5 0 4 12 127 195
60 26 31 10 28 | 5 0 4 13 128 196
60 26 31 16 22 | 5 0 4 13 128 197
60 26 31 16 54 | 5 1 5 13 129 197
60 26 31 38 32 | 5 0 6 15 130 196
60 26 31 38 38 | 5 0 7 15 130 195
60 26 41 6 22 | 5 0 4 13 131 200
60 26 41 6 44 | 5 0 5 13 132 201
60 26 41 28 22 | 5 0 4 15 133 202
60 26 41 28 38 | 5 0 5 15 134 202
60 26 41 50 16 | 5 2 6 14 135 201
60 26 41 50 38 | 5 2 7 15 136 200
60 26 47 6 10 | 5 4 12 21 131 200
60 26 47 6 32 | 5 4 5 12 132 196
60 26 47 16 22 | 5 4 5 12 133 197
60 26 47 16 50 | 5 5 7 13 134 193
60 26 47 22 22 | 5 4 5 14 133 195
60 26 47 22 32 | 5 4 5 14 134 196
60 26 47 38 28 | 5 4 6 15 135 196
60 26 47 38 38 | 5 4 7 15 136 195
60 26 47 44 10 | 5 4 6 14 135 197
60 26 47 44 38 | 5 4 7 15 136 197
60 26 47 54 28 | 5 6 7 14 137 196
60 26 47 54 50 | 5 7 15 26 138 202
60 26 53 10 22 | 5 4 5 12 133 200
60 26 53 10 44 | 5 4 5 13 134 201
60 26 53 32 22 | 5 4 5 14 135 202
60 26 53 32 38 | 5 4 5 15 136 202
60 26 53 54 16 | 5 6 7 14 137 199
60 26 53 54 38 | 5 6 7 15 138 200
60 29 6 28 4 | 5 0 2 8 123 211
60 29 6 28 10 | 5 0 2 8 123 212
60 29 6 32 6 | 5 0 2 8 124 212
60 29 6 32 56 | 5 1 3 9 125 213
60 29 6 38 50 | 5 1 3 11 125 210
60 29 6 38 54 | 5 1 3 11 126 210
60 29 25 22 6 | 5 0 2 12 127 217
60 29 25 22 10 | 5 0 2 12 128 217
60 29 25 28 4 | 5 0 2 12 128 218
60 29 25 28 54 | 5 1 3 13 129 219
60 29 25 32 50 | 5 1 3 13 130 219
60 29 25 32 56 | 5 1 3 13 130 220
60 29 34 4 6 | 5 0 4 12 127 208
60 29 34 4 28 | 5 0 4 13 128 209
60 29 34 10 22 | 5 0 4 13 128 210
60 29 34 10 54 | 5 1 5 13 129 210
60 29 34 32 32 | 5 0 4 15 130 213
60 29 34 32 38 | 5 0 5 15 130 212
60 29 38 6 22 | 5 0 4 13 131 210
60 29 38 6 50 | 5 1 5 13 132 210
60 29 38 28 28 | 5 0 4 15 133 213
60 29 38 28 38 | 5 0 5 15 134 212
60 29 38 56 10 | 5 2 6 14 135 212
60 29 38 56 32 | 5 2 6 15 136 213
60 29 44 22 28 | 5 0 4 15 133 222
60 29 44 22 32 | 5 0 4 15 134 222
60 29 44 50 4 | 5 2 6 14 135 221
60 29 44 50 32 | 5 2 6 15 136 222
60 29 44 54 28 | 5 2 6 15 137 222
60 29 44 54 56 | 5 3 7 15 138 222
60 29 47 6 4 | 5 4 12 24 131 214
60 29 47 6 32 | 5 4 5 12 132 206
60 29 47 10 28 | 5 4 5 12 133 206
60 29 47 10 56 | 5 5 13 26 134 216
60 29 47 38 28 | 5 4 6 15 135 206
60 29 47 38 32 | 5 4 6 15 136 206
60 29 53 4 28 | 5 4 5 12 133 216
60 29 53 4 50 | 5 5 13 30 134 216
60 29 53 32 22 | 5 4 5 14 135 219
60 29 53 32 32 | 5 4 5 14 136 220
60 29 53 54 10 | 5 6 14 31 137 219
60 29 53 54 38 | 5 6 7 15 138 217
60 29 57 28 22 | 5 4 5 14 139 219
60 29 57 28 28 | 5 4 5 14 139 220
60 29 57 50 6 | 5 6 14 31 140 219
60 29 57 50 38 | 5 6 7 15 141 217
60 29 57 56 32 | 5 6 7 14 141 220
60 29 57 56 54 | 5 7 15 34 142 220
60 31 3 4 6 | 5 0 8 62 103 175
60 31 3 4 28 | 5 0 8 9 104 177
60 31 3 10 22 | 5 0 8 9 104 178
60 31 3 10 54 | 5 1 9 36 105 206
60 31 3 32 32 | 5 0 8 11 106 181
60 31 3 32 38 | 5 0 9 11 106 180
60 31 7 6 22 | 5 0 8 9 107 178
60 31 7 6 50 | 5 1 9 36 108 206
60 31 7 28 28 | 5 0 8 11 109 181
60 31 7 28 38 | 5 0 9 11 110 180
60 31 7 56 10 | 5 2 10 66 111 179
60 31 7 56 32 | 5 2 10 11 112 181
60 31 13 22 28 | 5 0 8 11 109 190
60 31 13 22 32 | 5 0 8 11 110 190
60 31 13 50 4 | 5 2 10 38 111 218
60 31 13 50 32 | 5 2 10 11 112 190
60 31 13 54 28 | 5 2 10 11 113 190
60 31 13 54 56 | 5 3 11 40 114 220
60 31 16 6 4 | 5 0 8 12 107 173
60 31 16 6 32 | 5 0 8 9 108 192
60 31 16 10 28 | 5 0 8 9 109 192
60 31 16 10 56 | 5 1 9 13 110 174
60 31 16 38 28 | 5 0 10 11 111 192
60 31 16 38 32 | 5 0 10 11 112 192
60 31 22 4 28 | 5 0 8 13 109 184
60 31 22 4 50 | 5 1 9 13 110 183
60 31 22 32 22 | 5 0 8 15 111 187
60 31 22 32 32 | 5 0 8 15 112 188
60 31 22 54 10 | 5 2 10 14 113 185
60 31 22 54 38 | 5 2 11 15 114 185
60 31 26 28 22 | 5 0 8 15 115 187
60 31 26 28 28 | 5 0 8 15 115 188
60 31 26 50 6 | 5 2 10 14 116 185
60 31 26 50 38 | 5 2 11 15 117 185
60 31 26 56 32 | 5 2 10 15 117 188
60 31 26 56 54 | 5 3 11 15 118 187
60 31 35 28 4 | 5 0 12 14 115 179
60 31 35 28 10 | 5 0 12 14 115 180
60 31 35 32 6 | 5 0 12 14 116 180
60 31 35 32 56 | 5 1 13 15 117 181
60 31 35 38 50 | 5 1 15 48 117 220
60 31 35 38 54 | 5 1 15 48 118 220
60 31 54 22 6 | 5 4 12 14 119 185
60 31 54 22 10 | 5 4 12 14 120 185
60 31 54 28 4 | 5 4 12 14 120 186
60 31 54 28 54 | 5 5 13 15 121 187
60 31 54 32 50 | 5 5 13 15 122 187
60 31 54 32 56 | 5 5 13 15 122 188
60 34 7 6 22 | 5 0 8 9 107 195
60 34 7 6 44 | 5 0 9 40 108 224
60 34 7 28 22 | 5 0 8 11 109 197
60 34 7 28 38 | 5 0 9 11 110 197
60 34 7 50 16 | 5 2 10 11 111 194
60 34 7 50 38 | 5 2 11 39 112 226
60 34 13 6 10 | 5 0 8 39 107 227
60 34 13 6 32 | 5 0 8 9 108 201
60 34 13 16 22 | 5 0 8 9 109 202
60 34 13 16 50 | 5 1 9 11 110 198
60 34 13 22 22 | 5 0 8 11 109 200
60 34 13 22 32 | 5 0 8 11 110 201
60 34 13 38 28 | 5 0 10 11 111 201
60 34 13 38 38 | 5 0 11 39 112 230
60 34 13 44 10 | 5 0 10 42 111 229
60 34 13 44 38 | 5 0 11 42 112 230
60 34 13 54 28 | 5 2 10 11 113 201
60 34 13 54 50 | 5 3 11 39 114 230
60 34 19 10 22 | 5 0 8 13 109 195
60 34 19 10 44 | 5 0 9 13 110 196
60 34 19 32 22 | 5 0 8 15 111 197
60 34 19 32 38 | 5 0 9 15 112 197
60 34 19 54 16 | 5 2 10 14 113 196
60 34 19 54 38 | 5 2 11 15 114 195
60 34 29 22 22 | 5 0 8 15 115 200
60 34 29 22 28 | 5 0 8 15 115 201
60 34 29 44 6 | 5 0 10 14 116 202
60 34 29 44 38 | 5 0 11 15 117 202
60 34 29 50 32 | 5 2 10 15 117 201
60 34 29 50 54 | 5 3 11 15 118 200
60 34 35 22 10 | 5 0 12 14 115 195
60 34 35 22 16 | 5 0 12 14 115 196
60 34 35 32 6 | 5 0 12 14 116 197
60 34 35 32 50 | 5 1 13 15 117 197
60 34 35 38 44 | 5 0 15 49 117 230
60 34 35 38 54 | 5 1 15 48 118 230
60 34 51 22 6 | 5 4 12 14 119 195
60 34 51 22 16 | 5 4 12 14 120 196
60 34 51 28 10 | 5 4 12 14 120 197
60 34 51 28 54 | 5 5 13 15 121 197
60 34 51 38 44 | 5 4 15 49 122 230
60 34 51 38 50 | 5 5 15 48 122 230
60 34 57 10 6 | 5 4 12 57 119 227
60 34 57 10 28 | 5 4 12 13 120 201
60 34 57 16 22 | 5 4 12 13 120 202
60 34 57 16 54 | 5 5 13 15 121 198
60 34 57 38 32 | 5 4 14 15 122 201
60 34 57 38 38 | 5 4 15 57 122 230
60 35 31 10 6 | 5 0 12 44 127 217
60 35 31 10 10 | 5 0 12 44 128 217
60 35 31 16 4 | 5 0 12 14 128 175
60 35 31 16 54 | 5 1 13 15 129 176
60 35 31 20 50 | 5 1 13 15 130 176
60 35 31 20 56 | 5 1 13 15 130 177
60 35 34 4 6 | 5 0 12 53 127 208
60 35 34 4 16 | 5 0 12 13 128 182
60 35 34 10 10 | 5 0 12 45 128 221
60 35 34 10 54 | 5 1 13 45 129 222
60 35 34 20 44 | 5 0 13 15 130 184
60 35 34 20 50 | 5 1 13 15 130 183
60 35 38 6 10 | 5 0 12 45 131 221
60 35 38 6 50 | 5 1 13 45 132 222
60 35 38 16 40 | 5 0 13 15 133 184
60 35 38 16 50 | 5 1 13 15 134 183
60 35 38 56 10 | 5 2 14 59 135 212
60 35 38 56 20 | 5 2 14 15 136 186
60 35 41 6 4 | 5 0 12 56 131 214
60 35 41 6 44 | 5 0 13 58 132 216
60 35 41 10 40 | 5 0 13 58 133 216
60 35 41 10 56 | 5 1 13 58 134 216
60 35 41 50 16 | 5 2 14 15 135 189
60 35 41 50 20 | 5 2 14 15 136 189
60 35 44 10 40 | 5 0 13 55 133 222
60 35 44 10 44 | 5 0 13 55 134 222
60 35 44 50 4 | 5 2 14 59 135 221
60 35 44 50 20 | 5 2 14 15 136 191
60 35 44 54 16 | 5 2 14 15 137 191
60 35 44 54 56 | 5 3 15 61 138 222
60 35 47 4 40 | 5 4 13 46 133 216
60 35 47 4 50 | 5 5 13 45 134 216
60 35 47 44 10 | 5 4 14 50 135 219
60 35 47 44 20 | 5 4 14 15 136 179
60 35 47 54 10 | 5 6 14 47 137 219
60 35 47 54 50 | 5 7 15 48 138 220
60 35 51 40 10 | 5 4 14 50 139 219
60 35 51 40 16 | 5 4 14 15 139 179
60 35 51 50 6 | 5 6 14 47 140 219
60 35 51 50 50 | 5 7 15 48 141 220
60 35 51 56 44 | 5 6 15 52 141 220
60 35 51 56 54 | 5 7 15 51 142 220
60 35 54 40 4 | 5 4 14 59 139 211
60 35 54 40 10 | 5 4 14 59 139 212
60 35 54 44 6 | 5 4 14 59 140 212
60 35 54 44 56 | 5 5 15 61 141 213
60 35 54 50 50 | 5 7 15 51 141 222
60 35 54 50 54 | 5 7 15 51 142 222
60 38 3 10 22 | 5 0 8 9 123 195
60 38 3 10 40 | 5 0 9 40 123 224
60 38 3 32 18 | 5 0 8 10 126 197
60 38 3 32 38 | 5 0 9 11 125 197
60 38 3 50 20 | 5 2 10 11 125 194
60 38 3 50 42 | 5 2 11 39 126 226
60 38 9 10 10 | 5 0 8 39 123 227
60 38 9 10 28 | 5 0 8 9 123 201
60 38 9 20 18 | 5 0 8 9 124 202
60 38 9 20 50 | 5 1 9 11 125 198
60 38 9 38 32 | 5 0 10 11 125 201
60 38 9 38 42 | 5 0 11 39 126 230
60 38 13 22 18 | 5 0 8 10 129 200
60 38 13 22 28 | 5 0 8 11 128 201
60 38 13 40 10 | 5 0 10 42 128 229
60 38 13 40 42 | 5 0 11 42 129 230
60 38 13 50 32 | 5 2 10 11 130 201
60 38 13 50 50 | 5 3 11 39 130 230
60 38 19 10 18 | 5 0 8 12 129 195
60 38 19 10 40 | 5 0 9 13 128 196
60 38 19 28 22 | 5 0 8 15 128 197
60 38 19 28 42 | 5 0 9 15 129 197
60 38 19 50 20 | 5 2 10 14 130 196
60 38 19 50 38 | 5 2 11 15 130 195
60 38 29 18 22 | 5 0 8 13 137 200
60 38 29 18 32 | 5 0 8 13 138 201
60 38 29 40 10 | 5 0 10 14 133 202
60 38 29 40 38 | 5 0 11 15 134 202
60 38 29 50 28 | 5 2 10 15 135 201
60 38 29 50 50 | 5 3 11 15 136 200
60 38 35 18 10 | 5 0 12 14 131 195
60 38 35 18 20 | 5 0 12 13 138 194
60 38 35 28 10 | 5 0 12 14 133 197
60 38 35 28 50 | 5 1 13 15 134 197
60 38 35 38 40 | 5 0 15 49 135 230
60 38 35 38 50 | 5 1 15 48 136 230
60 38 47 22 10 | 5 4 12 14 133 195
60 38 47 22 20 | 5 4 12 14 134 196
60 38 47 32 10 | 5 4 12 14 135 197
60 38 47 32 50 | 5 5 13 15 136 197
60 38 47 42 40 | 5 4 15 49 137 230
60 38 47 42 50 | 5 5 15 48 138 230
60 38 53 10 10 | 5 4 12 57 133 227
60 38 53 10 32 | 5 4 12 13 134 201
60 38 53 20 22 | 5 4 12 13 135 202
60 38 53 20 50 | 5 5 13 15 136 198
60 38 53 42 28 | 5 4 14 15 137 201
60 38 53 42 38 | 5 4 15 57 138 230
60 41 6 16 4 | 5 0 8 10 123 207
60 41 6 16 22 | 5 0 8 9 123 212
60 41 6 20 18 | 5 0 8 9 124 212
60 41 6 20 56 | 5 1 9 11 125 209
60 41 6 38 38 | 5 0 11 64 125 213
60 41 6 38 42 | 5 0 11 64 126 213
60 41 13 22 18 | 5 0 8 10 129 217
60 41 13 22 22 | 5 0 8 11 128 217
60 41 13 40 4 | 5 0 10 123 151 218
60 41 13 40 42 | 5 0 11 66 129 220
60 41 13 44 38 | 5 0 11 66 130 220
60 41 13 44 56 | 5 1 11 125 153 220
60 41 22 4 18 | 5 0 8 12 129 208
60 41 22 4 40 | 5 0 9 13 128 209
60 41 22 22 22 | 5 0 8 15 128 210
60 41 22 22 42 | 5 0 9 15 129 210
60 41 22 44 20 | 5 0 10 14 130 213
60 41 22 44 38 | 5 0 11 15 130 212
60 41 26 18 22 | 5 0 8 13 137 210
60 41 26 18 38 | 5 0 9 13 138 210
60 41 26 40 16 | 5 0 10 14 133 213
60 41 26 40 38 | 5 0 11 15 134 212
60 41 26 56 22 | 5 2 10 15 135 212
60 41 26 56 44 | 5 2 11 15 136 213
60 41 35 18 4 | 5 0 12 14 131 205
60 41 35 18 20 | 5 0 12 13 138 205
60 41 35 22 16 | 5 0 12 14 133 206
60 41 35 22 56 | 5 1 13 15 134 206
60 41 35 38 40 | 5 0 15 72 135 220
60 41 35 38 44 | 5 0 15 72 136 220
60 41 44 22 16 | 5 0 12 14 133 222
60 41 44 22 20 | 5 0 12 14 134 222
60 41 44 38 4 | 5 0 14 137 163 221
60 41 44 38 44 | 5 0 15 138 164 222
60 41 44 42 40 | 5 1 14 15 137 222
60 41 44 42 56 | 5 3 13 15 138 222
60 41 53 4 16 | 5 4 12 13 133 214
60 41 53 4 38 | 5 4 13 76 134 216
60 41 53 20 22 | 5 4 12 13 135 219
60 41 53 20 44 | 5 4 13 15 136 216
60 41 53 42 22 | 5 4 14 15 137 217
60 41 53 42 38 | 5 4 15 78 138 220
60 41 57 16 22 | 5 4 12 13 139 219
60 41 57 16 40 | 5 4 13 15 139 216
60 41 57 38 18 | 5 4 14 15 140 217
60 41 57 38 38 | 5 4 15 78 141 220
60 41 57 56 20 | 5 6 14 15 141 218
60 41 57 56 42 | 5 6 15 80 142 220
60 44 3 4 28 | 5 0 8 9 123 224
60 44 3 4 40 | 5 1 8 9 123 224
60 44 3 32 12 | 5 0 8 10 124 226
60 44 3 32 32 | 5 0 8 11 125 226
60 44 3 44 20 | 5 0 10 11 125 225
60 44 3 44 48 | 5 1 10 11 126 226
60 44 7 28 12 | 5 0 8 10 127 226
60 44 7 28 28 | 5 0 8 11 128 226
60 44 7 40 16 | 5 0 10 11 128 225
60 44 7 40 48 | 5 0 126 146 153 226
60 44 7 56 32 | 5 2 10 11 130 226
60 44 7 56 44 | 5 2 11 125 153 226
60 44 9 4 16 | 5 0 8 9 123 227
60 44 9 4 28 | 5 0 8 9 123 228
60 44 9 20 12 | 5 0 8 9 124 229
60 44 9 20 44 | 5 0 9 11 125 228
60 44 9 32 32 | 5 0 8 11 125 230
60 44 9 32 48 | 5 0 9 11 126 230
60 44 13 16 12 | 5 0 8 9 127 229
60 44 13 16 40 | 5 0 9 11 128 228
60 44 13 28 28 | 5 0 8 11 128 230
60 44 13 28 48 | 5 0 9 11 129 230
60 44 13 56 20 | 5 2 10 11 130 229
60 44 13 56 32 | 5 2 10 11 130 230
60 44 29 12 28 | 5 0 8 13 131 230
60 44 29 12 32 | 5 0 8 13 132 230
60 44 29 40 4 | 5 0 10 14 133 229
60 44 29 40 32 | 5 0 10 15 134 230
60 44 29 44 28 | 5 0 10 15 135 230
60 44 29 44 56 | 5 1 11 15 136 230
60 44 35 12 16 | 5 0 12 13 131 225
60 44 35 12 20 | 5 0 12 13 132 225
60 44 35 28 4 | 5 0 12 14 133 225
60 44 35 28 44 | 5 0 13 15 134 226
60 44 35 32 40 | 5 0 13 15 135 226
60 44 35 32 56 | 5 1 13 15 136 226
60 44 41 28 4 | 5 0 12 14 133 229
60 44 41 28 20 | 5 0 12 14 134 230
60 44 41 32 16 | 5 0 12 14 135 230
60 44 41 32 56 | 5 1 13 15 136 230
60 44 41 48 40 | 5 1 14 15 137 230
60 44 41 48 44 | 5 1 14 15 138 230
60 44 47 16 4 | 5 4 12 14 133 223
60 44 47 16 32 | 5 4 12 13 134 226
60 44 47 20 28 | 5 4 12 13 135 226
60 44 47 20 56 | 5 5 13 15 136 224
60 44 47 48 28 | 5 4 14 15 137 226
60 44 47 48 32 | 5 4 14 15 138 226
60 47 6 10 10 | 5 8 35 63 123 208
60 47 6 10 22 | 5 8 9 35 123 210
60 47 6 20 12 | 5 8 9 10 124 182
60 47 6 20 50 | 5 9 11 36 125 209
60 47 6 32 38 | 5 8 9 11 125 187
60 47 6 32 48 | 5 8 9 11 126 188
60 47 7 28 12 | 5 8 9 10 127 179
60 47 7 28 22 | 5 8 9 10 128 180
60 47 7 40 10 | 5 8 10 66 128 179
60 47 7 40 48 | 5 8 126 146 153 181
60 47 7 50 38 | 5 10 11 42 130 206
60 47 7 50 50 | 5 11 42 125 153 206
60 47 16 10 12 | 5 8 9 12 127 173
60 47 16 10 40 | 5 8 9 13 128 174
60 47 16 22 28 | 5 8 9 10 128 192
60 47 16 22 48 | 5 8 9 11 129 192
60 47 16 50 20 | 5 10 11 14 130 173
60 47 16 50 32 | 5 10 11 14 130 174
60 47 19 10 18 | 5 8 9 12 127 178
60 47 19 10 22 | 5 8 9 12 128 178
60 47 19 28 4 | 5 8 10 12 128 179
60 47 19 28 42 | 5 8 9 15 129 180
60 47 19 32 38 | 5 8 9 15 130 180
60 47 19 32 56 | 5 9 11 13 130 181
60 47 22 4 18 | 5 8 9 12 127 183
60 47 22 4 28 | 5 8 9 12 128 184
60 47 22 22 10 | 5 8 10 12 128 185
60 47 22 22 42 | 5 8 9 15 129 185
60 47 22 32 32 | 5 8 9 14 130 188
60 47 22 32 50 | 5 9 11 13 130 187
60 47 26 12 28 | 5 8 9 12 131 188
60 47 26 12 38 | 5 8 9 13 132 187
60 47 26 18 10 | 5 8 10 12 131 185
60 47 26 18 38 | 5 8 9 13 138 185
60 47 26 28 28 | 5 8 9 14 133 188
60 47 26 28 50 | 5 9 11 13 134 187
60 47 26 40 10 | 5 8 10 14 133 187
60 47 26 40 32 | 5 8 10 15 134 188
60 47 26 50 22 | 5 10 11 14 135 185
60 47 26 50 50 | 5 11 15 39 136 213
60 47 26 56 22 | 5 10 11 14 135 187
60 47 26 56 32 | 5 10 11 14 136 188
60 47 29 18 4 | 5 8 10 12 131 189
60 47 29 18 32 | 5 8 9 12 138 190
60 47 29 22 28 | 5 8 9 14 133 190
60 47 29 22 56 | 5 9 11 13 134 190
60 47 29 50 28 | 5 10 11 14 135 190
60 47 29 50 32 | 5 10 11 14 136 190
60 47 35 12 10 | 5 8 12 14 131 176
60 47 35 12 20 | 5 8 12 13 132 179
60 47 35 22 10 | 5 8 12 14 133 178
60 47 35 22 50 | 5 9 13 15 134 178
60 47 35 32 40 | 5 8 13 15 135 181
60 47 35 32 50 | 5 9 13 15 136 180
60 47 38 28 10 | 5 8 12 14 133 187
60 47 38 28 20 | 5 8 12 14 134 188
60 47 38 38 10 | 5 8 14 51 135 221
60 47 38 38 50 | 5 9 15 51 136 222
60 47 38 48 40 | 5 8 15 61 137 213
60 47 38 48 50 | 5 9 15 60 138 213
60 47 44 10 28 | 5 8 12 13 133 192
60 47 44 10 32 | 5 8 12 13 134 192
60 47 44 38 4 | 5 8 14 59 135 221
60 47 44 38 32 | 5 8 14 15 136 192
60 47 44 42 28 | 5 8 14 15 137 192
60 47 44 42 56 | 5 9 15 61 138 222
60 47 47 4 28 | 5 12 13 44 133 216
60 47 47 4 38 | 5 12 13 45 134 216
60 47 47 10 10 | 5 12 44 77 133 215
60 47 47 10 38 | 5 12 13 46 134 217
60 47 47 20 28 | 5 12 13 14 135 177
60 47 47 20 50 | 5 13 15 45 136 216
60 47 47 32 10 | 5 12 14 44 135 219
60 47 47 32 32 | 5 12 13 14 136 181
60 47 47 42 22 | 5 12 14 15 137 178
60 47 47 42 50 | 5 13 15 48 138 220
60 47 47 48 22 | 5 12 14 15 137 180
60 47 47 48 32 | 5 12 14 15 138 181
60 47 51 28 10 | 5 12 14 44 139 219
60 47 51 28 28 | 5 12 13 14 139 181
60 47 51 38 18 | 5 12 14 15 140 178
60 47 51 38 50 | 5 13 15 48 141 220
60 47 51 56 32 | 5 14 15 50 141 220
60 47 51 56 42 | 5 14 15 51 142 220
60 47 54 28 4 | 5 14 44 77 139 221
60 47 54 28 22 | 5 12 13 14 139 187
60 47 54 32 18 | 5 12 13 14 140 187
60 47 54 32 56 | 5 15 46 79 141 222
60 47 54 50 38 | 5 14 15 51 141 222
60 47 54 50 42 | 5 14 15 51 142 222
60 47 57 10 28 | 5 13 53 76 139 217
60 47 57 10 40 | 5 12 13 58 139 216
60 47 57 38 12 | 5 12 14 15 140 189
60 47 57 38 32 | 5 12 14 15 141 190
60 47 57 50 20 | 5 14 15 56 141 218
60 47 57 50 48 | 5 14 15 58 142 220
60 51 3 32 12 | 5 8 9 10 145 179
60 51 3 32 18 | 5 8 9 10 145 180
60 51 3 44 6 | 5 8 10 66 145 179
60 51 3 44 48 | 5 9 10 11 146 181
60 51 3 50 42 | 5 10 11 42 146 206
60 51 3 50 54 | 5 11 42 146 204 226
60 51 6 10 6 | 5 8 35 63 143 208
60 51 6 10 18 | 5 8 9 35 143 210
60 51 6 16 12 | 5 8 9 10 143 182
60 51 6 16 54 | 5 9 11 36 144 209
60 51 6 28 42 | 5 8 9 11 144 187
60 51 6 28 48 | 5 8 9 11 144 188
60 51 16 6 12 | 5 8 9 12 147 173
60 51 16 6 44 | 5 8 9 13 148 174
60 51 16 18 32 | 5 8 9 10 148 192
60 51 16 18 48 | 5 8 9 11 149 192
60 51 16 50 16 | 5 10 11 14 150 173
60 51 16 50 28 | 5 10 11 14 150 174
60 51 22 12 32 | 5 8 9 12 148 188
60 51 22 12 42 | 5 8 9 13 149 187
60 51 22 44 10 | 5 8 10 14 150 187
60 51 22 44 28 | 5 8 10 15 150 188
60 51 22 54 18 | 5 10 11 14 151 185
60 51 22 54 50 | 5 11 15 39 152 213
60 51 34 32 10 | 5 8 12 14 150 187
60 51 34 32 16 | 5 8 12 14 150 188
60 51 34 42 6 | 5 8 14 51 151 221
60 51 34 42 50 | 5 9 15 51 152 222
60 51 34 48 44 | 5 8 15 61 152 213
60 51 34 48 54 | 5 9 15 60 153 213
60 51 35 12 6 | 5 8 12 14 154 176
60 51 35 12 16 | 5 8 12 13 155 179
60 51 35 18 10 | 5 8 12 14 155 178
60 51 35 18 54 | 5 9 13 15 156 178
60 51 35 28 44 | 5 8 13 15 157 181
60 51 35 28 50 | 5 9 13 15 157 180
60 51 47 6 10 | 5 12 44 77 155 215
60 51 47 6 42 | 5 12 13 46 156 217
60 51 47 16 32 | 5 12 13 14 157 177
60 51 47 16 50 | 5 13 15 45 157 216
60 51 47 48 18 | 5 12 14 15 158 180
60 51 47 48 28 | 5 12 14 15 159 181
60 51 53 10 32 | 5 13 53 76 157 217
60 51 53 10 44 | 5 12 13 58 157 216
60 51 53 42 12 | 5 12 14 15 158 189
60 51 53 42 28 | 5 12 14 15 159 190
60 51 53 54 16 | 5 14 15 56 159 218
60 51 53 54 48 | 5 14 15 58 160 220
60 53 13 16 12 | 5 8 9 10 127 214
60 53 13 16 22 | 5 8 9 10 128 215
60 53 13 28 10 | 5 8 10 62 128 218
60 53 13 28 48 | 5 8 9 11 129 220
60 53 13 38 38 | 5 8 11 64 130 220
60 53 13 38 50 | 5 9 11 64 130 220
60 53 16 10 12 | 5 8 9 12 127 203
60 53 16 10 28 | 5 8 9 12 128 204
60 53 16 22 16 | 5 8 9 10 128 221
60 53 16 22 48 | 5 8 9 11 129 222
60 53 16 38 32 | 5 8 10 11 130 222
60 53 16 38 44 | 5 8 11 15 130 204
60 53 26 12 16 | 5 8 9 12 131 211
60 53 26 12 38 | 5 8 9 13 132 212
60 53 26 28 22 | 5 8 9 14 133 212
60 53 26 28 44 | 5 8 9 15 134 213
60 53 26 50 22 | 5 10 11 14 135 210
60 53 26 50 38 | 5 10 11 15 136 210
60 53 29 12 10 | 5 8 10 12 131 215
60 53 29 12 32 | 5 8 9 12 132 220
60 53 29 22 22 | 5 8 9 14 133 217
60 53 29 22 50 | 5 9 11 13 134 217
60 53 29 44 28 | 5 8 10 15 135 220
60 53 29 44 38 | 5 8 11 15 136 219
60 53 38 16 22 | 5 8 12 13 133 212
60 53 38 16 32 | 5 8 12 13 134 213
60 53 38 38 10 | 5 8 14 74 135 221
60 53 38 38 38 | 5 8 15 74 136 222
60 53 38 48 28 | 5 8 14 15 137 213
60 53 38 48 50 | 5 9 15 80 138 213
60 53 41 10 22 | 5 8 12 13 133 217
60 53 41 10 38 | 5 8 13 78 134 216
60 53 41 32 16 | 5 8 12 14 135 220
60 53 41 32 38 | 5 8 13 15 136 219
60 53 41 48 22 | 5 8 14 15 137 219
60 53 41 48 44 | 5 9 14 15 138 220
60 53 51 22 16 | 5 12 13 14 139 205
60 53 51 22 28 | 5 12 13 14 139 206
60 53 51 38 12 | 5 12 14 15 140 205
60 53 51 38 44 | 5 12 15 72 141 220
60 53 51 50 32 | 5 14 15 70 141 220
60 53 51 50 48 | 5 14 15 72 142 220
60 53 54 22 10 | 5 12 14 68 139 221
60 53 54 22 22 | 5 12 13 14 139 210
60 53 54 32 12 | 5 12 13 14 140 211
60 53 54 32 50 | 5 15 68 79 141 222
60 53 54 44 38 | 5 12 15 80 141 213
60 53 54 44 48 | 5 12 15 142 220 230
60 54 9 4 6 | 5 8 35 62 143 227
60 54 9 4 18 | 5 8 9 36 143 227
60 54 9 10 12 | 5 8 9 38 143 227
60 54 9 10 54 | 5 9 36 65 144 228
60 54 9 22 42 | 5 8 9 11 144 200
60 54 9 22 48 | 5 8 9 11 144 201
60 54 13 6 12 | 5 8 9 38 147 227
60 54 13 6 50 | 5 9 36 65 148 228
60 54 13 18 38 | 5 8 9 11 148 200
60 54 13 18 48 | 5 8 9 11 149 201
60 54 13 56 10 | 5 10 41 66 150 229
60 54 13 56 22 | 5 10 11 42 150 229
60 54 19 12 38 | 5 8 9 13 148 197
60 54 19 12 42 | 5 8 9 13 149 197
60 54 19 50 4 | 5 10 14 38 150 225
60 54 19 50 22 | 5 10 11 14 150 195
60 54 19 54 18 | 5 10 11 14 151 195
60 54 19 54 56 | 5 11 15 40 152 226
60 54 31 38 4 | 5 8 14 47 150 229
60 54 31 38 10 | 5 8 14 48 150 229
60 54 31 42 6 | 5 8 14 48 151 229
60 54 31 42 56 | 5 9 15 49 152 230
60 54 31 48 50 | 5 9 15 51 152 230
60 54 31 48 54 | 5 9 15 51 153 230
60 54 35 12 6 | 5 8 12 14 154 193
60 54 35 12 10 | 5 8 12 14 155 193
60 54 35 18 4 | 5 8 12 14 155 194
60 54 35 18 54 | 5 9 13 15 156 195
60 54 35 22 50 | 5 9 13 15 157 195
60 54 35 22 56 | 5 9 13 15 157 196
60 54 47 6 4 | 5 12 44 77 155 227
60 54 47 6 42 | 5 12 13 48 156 228
60 54 47 10 38 | 5 12 13 48 157 228
60 54 47 10 56 | 5 13 46 79 157 228
60 54 47 48 18 | 5 12 14 15 158 197
60 54 47 48 22 | 5 12 14 15 159 197
60 54 53 4 38 | 5 12 13 54 157 228
60 54 53 4 50 | 5 13 55 76 157 228
60 54 53 42 12 | 5 12 14 15 158 199
60 54 53 42 22 | 5 12 14 15 159 200
60 54 53 54 10 | 5 14 56 80 159 229
60 54 53 54 48 | 5 14 15 58 160 230
60 54 57 38 12 | 5 12 14 15 163 199
60 54 57 38 18 | 5 12 14 15 163 200
60 54 57 50 6 | 5 14 56 80 163 229
60 54 57 50 48 | 5 14 15 58 164 230
60 54 57 56 42 | 5 14 15 60 164 230
60 54 57 56 54 | 5 15 61 80 164 230
60 57 9 20 12 | 5 8 9 10 145 214
60 57 9 20 18 | 5 8 9 10 145 215
60 57 9 32 6 | 5 8 10 62 145 218
60 57 9 32 48 | 5 8 9 11 146 220
60 57 9 38 42 | 5 8 11 64 146 220
60 57 9 38 54 | 5 9 11 64 146 220
60 57 16 6 12 | 5 8 9 12 147 203
60 57 16 6 32 | 5 8 9 12 148 204
60 57 16 18 20 | 5 8 9 10 148 221
60 57 16 18 48 | 5 8 9 11 149 222
60 57 16 38 28 | 5 8 10 11 150 222
60 57 16 38 40 | 5 8 11 15 150 204
60 57 22 12 20 | 5 8 9 12 148 211
60 57 22 12 42 | 5 8 9 13 149 212
60 57 22 32 22 | 5 8 9 14 150 212
60 57 22 32 40 | 5 8 9 15 150 213
60 57 22 54 18 | 5 10 11 14 151 210
60 57 22 54 38 | 5 10 11 15 152 210
60 57 29 12 6 | 5 8 10 12 154 215
60 57 29 12 28 | 5 8 9 12 155 220
60 57 29 18 22 | 5 8 9 12 159 217
60 57 29 18 54 | 5 9 11 13 156 217
60 57 29 40 32 | 5 8 10 15 157 220
60 57 29 40 38 | 5 8 11 15 157 219
60 57 34 20 22 | 5 8 12 13 150 212
60 57 34 20 28 | 5 8 12 13 150 213
60 57 34 42 6 | 5 8 14 74 151 221
60 57 34 42 38 | 5 8 15 74 152 222
60 57 34 48 32 | 5 8 14 15 152 213
60 57 34 48 54 | 5 9 15 80 153 213
60 57 41 6 22 | 5 8 12 13 155 217
60 57 41 6 42 | 5 8 13 78 156 216
60 57 41 28 20 | 5 8 12 14 157 220
60 57 41 28 38 | 5 8 13 15 157 219
60 57 41 48 18 | 5 8 14 15 158 219
60 57 41 48 40 | 5 9 14 15 159 220
60 57 47 22 20 | 5 12 13 14 157 205
60 57 47 22 32 | 5 12 13 14 157 206
60 57 47 42 12 | 5 12 14 15 158 205
60 57 47 42 40 | 5 12 15 72 159 220
60 57 47 54 28 | 5 14 15 70 159 220
60 57 47 54 48 | 5 14 15 72 160 220
60 57 54 22 6 | 5 12 14 68 161 221
60 57 54 22 18 | 5 12 13 14 161 210
60 57 54 28 12 | 5 12 13 14 161 211
60 57 54 28 54 | 5 15 68 79 162 222
60 57 54 40 42 | 5 12 15 80 162 213
60 57 54 40 48 | 5 12 15 162 220 230
